label,person_name,record_name,record_key,beat_index,record_path,segment_type,start_idx,end_idx,rpeak_idx,rr_len_raw,kept_by_threshold,true_label,cls_pred,beat_pred,beat_sim_score,gallery_pred,gallery_sim_score,cls_correct,beat_correct,gallery_correct
0,Person_01,rec_1,0_rec_1,0,C:\Users\User\Downloads\26-1_Capstone-main\26-1_Capstone-main\data\ecg-id-database-1.0.0\Person_01\rec_1,rr_segment,351,727,351,376,True,0,54,54,0.7490403652191162,54,0.7109007835388184,0,0,0
0,Person_01,rec_1,0_rec_1,1,C:\Users\User\Downloads\26-1_Capstone-main\26-1_Capstone-main\data\ecg-id-database-1.0.0\Person_01\rec_1,rr_segment,727,1134,727,407,True,0,54,54,0.9327142238616943,54,0.870477557182312,0,0,0
0,Person_01,rec_1,0_rec_1,4,C:\Users\User\Downloads\26-1_Capstone-main\26-1_Capstone-main\data\ecg-id-database-1.0.0\Person_01\rec_1,rr_segment,2066,2524,2066,458,True,0,54,54,0.9225910305976868,54,0.911163330078125,0,0,0
0,Person_01,rec_1,0_rec_1,6,C:\Users\User\Downloads\26-1_Capstone-main\26-1_Capstone-main\data\ecg-id-database-1.0.0\Person_01\rec_1,rr_segment,2991,3436,2991,445,True,0,54,54,0.8266045451164246,54,0.7690619230270386,0,0,0
0,Person_01,rec_1,0_rec_1,7,C:\Users\User\Downloads\26-1_Capstone-main\26-1_Capstone-main\data\ecg-id-database-1.0.0\Person_01\rec_1,rr_segment,3436,3869,3436,433,True,0,45,45,0.826668381690979,45,0.736182451248169,0,0,0
0,Person_01,rec_1,0_rec_1,8,C:\Users\User\Downloads\26-1_Capstone-main\26-1_Capstone-main\data\ecg-id-database-1.0.0\Person_01\rec_1,rr_segment,3869,4292,3869,423,True,0,54,54,0.9129352569580078,54,0.9185755848884583,0,0,0
0,Person_01,rec_1,0_rec_1,9,C:\Users\User\Downloads\26-1_Capstone-main\26-1_Capstone-main\data\ecg-id-database-1.0.0\Person_01\rec_1,rr_segment,4292,4707,4292,415,True,0,54,45,0.9015522003173828,54,0.8389462232589722,0,0,0
0,Person_01,rec_1,0_rec_1,10,C:\Users\User\Downloads\26-1_Capstone-main\26-1_Capstone-main\data\ecg-id-database-1.0.0\Person_01\rec_1,rr_segment,4707,5117,4707,410,True,0,54,54,0.9014080762863159,54,0.8620150089263916,0,0,0
0,Person_01,rec_1,0_rec_1,11,C:\Users\User\Downloads\26-1_Capstone-main\26-1_Capstone-main\data\ecg-id-database-1.0.0\Person_01\rec_1,rr_segment,5117,5496,5117,379,True,0,54,54,0.8958640098571777,54,0.8652498722076416,0,0,0
0,Person_01,rec_1,0_rec_1,12,C:\Users\User\Downloads\26-1_Capstone-main\26-1_Capstone-main\data\ecg-id-database-1.0.0\Person_01\rec_1,rr_segment,5496,5864,5496,368,True,0,45,45,0.8484438061714172,71,0.7625458240509033,0,0,0
0,Person_01,rec_1,0_rec_1,14,C:\Users\User\Downloads\26-1_Capstone-main\26-1_Capstone-main\data\ecg-id-database-1.0.0\Person_01\rec_1,rr_segment,6224,6587,6224,363,True,0,45,45,0.9334170818328857,45,0.8655800819396973,0,0,0
0,Person_01,rec_1,0_rec_1,15,C:\Users\User\Downloads\26-1_Capstone-main\26-1_Capstone-main\data\ecg-id-database-1.0.0\Person_01\rec_1,rr_segment,6587,6958,6587,371,True,0,54,54,0.9019878506660461,54,0.8244112133979797,0,0,0
0,Person_01,rec_1,0_rec_1,16,C:\Users\User\Downloads\26-1_Capstone-main\26-1_Capstone-main\data\ecg-id-database-1.0.0\Person_01\rec_1,rr_segment,6958,7346,6958,388,True,0,45,45,0.8838807940483093,45,0.8102307319641113,0,0,0
0,Person_01,rec_1,0_rec_1,17,C:\Users\User\Downloads\26-1_Capstone-main\26-1_Capstone-main\data\ecg-id-database-1.0.0\Person_01\rec_1,rr_segment,7346,7734,7346,388,True,0,45,45,0.8741069436073303,45,0.8107397556304932,0,0,0
0,Person_01,rec_1,0_rec_1,18,C:\Users\User\Downloads\26-1_Capstone-main\26-1_Capstone-main\data\ecg-id-database-1.0.0\Person_01\rec_1,rr_segment,7734,8135,7734,401,True,0,54,54,0.9237306118011475,54,0.8851486444473267,0,0,0
0,Person_01,rec_1,0_rec_1,19,C:\Users\User\Downloads\26-1_Capstone-main\26-1_Capstone-main\data\ecg-id-database-1.0.0\Person_01\rec_1,rr_segment,8135,8544,8135,409,True,0,46,46,0.8679335117340088,46,0.770517885684967,0,0,0
0,Person_01,rec_1,0_rec_1,20,C:\Users\User\Downloads\26-1_Capstone-main\26-1_Capstone-main\data\ecg-id-database-1.0.0\Person_01\rec_1,rr_segment,8544,8971,8544,427,True,0,84,84,0.7343845367431641,84,0.6854971051216125,0,0,0
0,Person_01,rec_1,0_rec_1,21,C:\Users\User\Downloads\26-1_Capstone-main\26-1_Capstone-main\data\ecg-id-database-1.0.0\Person_01\rec_1,rr_segment,8971,9396,8971,425,True,0,54,54,0.7963218688964844,54,0.7471061944961548,0,0,0
0,Person_01,rec_1,0_rec_1,22,C:\Users\User\Downloads\26-1_Capstone-main\26-1_Capstone-main\data\ecg-id-database-1.0.0\Person_01\rec_1,rr_segment,9396,9823,9396,427,True,0,45,45,0.8836703896522522,45,0.8106938004493713,0,0,0
0,Person_01,rec_10,0_rec_10,4,C:\Users\User\Downloads\26-1_Capstone-main\26-1_Capstone-main\data\ecg-id-database-1.0.0\Person_01\rec_10,rr_segment,1777,2127,1777,350,True,0,0,0,0.9017932415008545,0,0.8793400526046753,1,1,1
0,Person_01,rec_10,0_rec_10,5,C:\Users\User\Downloads\26-1_Capstone-main\26-1_Capstone-main\data\ecg-id-database-1.0.0\Person_01\rec_10,rr_segment,2127,2498,2127,371,True,0,0,0,0.9828485250473022,0,0.944404661655426,1,1,1
0,Person_01,rec_10,0_rec_10,6,C:\Users\User\Downloads\26-1_Capstone-main\26-1_Capstone-main\data\ecg-id-database-1.0.0\Person_01\rec_10,rr_segment,2498,2883,2498,385,True,0,0,0,0.9618990421295166,0,0.953461766242981,1,1,1
0,Person_01,rec_10,0_rec_10,7,C:\Users\User\Downloads\26-1_Capstone-main\26-1_Capstone-main\data\ecg-id-database-1.0.0\Person_01\rec_10,rr_segment,2883,3250,2883,367,True,0,0,0,0.9686130285263062,0,0.910019040107727,1,1,1
0,Person_01,rec_10,0_rec_10,8,C:\Users\User\Downloads\26-1_Capstone-main\26-1_Capstone-main\data\ecg-id-database-1.0.0\Person_01\rec_10,rr_segment,3250,3622,3250,372,True,0,0,0,0.9791607856750488,0,0.9162188768386841,1,1,1
0,Person_01,rec_10,0_rec_10,9,C:\Users\User\Downloads\26-1_Capstone-main\26-1_Capstone-main\data\ecg-id-database-1.0.0\Person_01\rec_10,rr_segment,3622,3995,3622,373,True,0,0,0,0.9703274965286255,0,0.9809534549713135,1,1,1
0,Person_01,rec_10,0_rec_10,10,C:\Users\User\Downloads\26-1_Capstone-main\26-1_Capstone-main\data\ecg-id-database-1.0.0\Person_01\rec_10,rr_segment,3995,4368,3995,373,True,0,0,0,0.9884278774261475,0,0.9627799987792969,1,1,1
0,Person_01,rec_10,0_rec_10,11,C:\Users\User\Downloads\26-1_Capstone-main\26-1_Capstone-main\data\ecg-id-database-1.0.0\Person_01\rec_10,rr_segment,4368,4729,4368,361,True,0,0,0,0.9776731133460999,0,0.9843587875366211,1,1,1
0,Person_01,rec_10,0_rec_10,12,C:\Users\User\Downloads\26-1_Capstone-main\26-1_Capstone-main\data\ecg-id-database-1.0.0\Person_01\rec_10,rr_segment,4729,5112,4729,383,True,0,0,0,0.9775959253311157,0,0.9559675455093384,1,1,1
0,Person_01,rec_10,0_rec_10,13,C:\Users\User\Downloads\26-1_Capstone-main\26-1_Capstone-main\data\ecg-id-database-1.0.0\Person_01\rec_10,rr_segment,5112,5490,5112,378,True,0,0,0,0.9747462868690491,0,0.9313126802444458,1,1,1
0,Person_01,rec_10,0_rec_10,14,C:\Users\User\Downloads\26-1_Capstone-main\26-1_Capstone-main\data\ecg-id-database-1.0.0\Person_01\rec_10,rr_segment,5490,5880,5490,390,True,0,0,0,0.9728512763977051,0,0.9488674998283386,1,1,1
0,Person_01,rec_10,0_rec_10,15,C:\Users\User\Downloads\26-1_Capstone-main\26-1_Capstone-main\data\ecg-id-database-1.0.0\Person_01\rec_10,rr_segment,5880,6262,5880,382,True,0,0,0,0.9696142077445984,0,0.940424382686615,1,1,1
0,Person_01,rec_10,0_rec_10,16,C:\Users\User\Downloads\26-1_Capstone-main\26-1_Capstone-main\data\ecg-id-database-1.0.0\Person_01\rec_10,rr_segment,6262,6647,6262,385,True,0,0,0,0.9730179905891418,0,0.9740825891494751,1,1,1
0,Person_01,rec_10,0_rec_10,17,C:\Users\User\Downloads\26-1_Capstone-main\26-1_Capstone-main\data\ecg-id-database-1.0.0\Person_01\rec_10,rr_segment,6647,7036,6647,389,True,0,0,0,0.9790562391281128,0,0.9417542219161987,1,1,1
0,Person_01,rec_10,0_rec_10,18,C:\Users\User\Downloads\26-1_Capstone-main\26-1_Capstone-main\data\ecg-id-database-1.0.0\Person_01\rec_10,rr_segment,7036,7420,7036,384,True,0,0,0,0.9894616007804871,0,0.9554353952407837,1,1,1
0,Person_01,rec_10,0_rec_10,19,C:\Users\User\Downloads\26-1_Capstone-main\26-1_Capstone-main\data\ecg-id-database-1.0.0\Person_01\rec_10,rr_segment,7420,7792,7420,372,True,0,0,0,0.951706051826477,0,0.8645585775375366,1,1,1
0,Person_01,rec_10,0_rec_10,20,C:\Users\User\Downloads\26-1_Capstone-main\26-1_Capstone-main\data\ecg-id-database-1.0.0\Person_01\rec_10,rr_segment,7792,8162,7792,370,True,0,0,0,0.9844962954521179,0,0.9496705532073975,1,1,1
0,Person_01,rec_10,0_rec_10,21,C:\Users\User\Downloads\26-1_Capstone-main\26-1_Capstone-main\data\ecg-id-database-1.0.0\Person_01\rec_10,rr_segment,8162,8538,8162,376,True,0,0,0,0.9827176332473755,0,0.9458997249603271,1,1,1
0,Person_01,rec_10,0_rec_10,22,C:\Users\User\Downloads\26-1_Capstone-main\26-1_Capstone-main\data\ecg-id-database-1.0.0\Person_01\rec_10,rr_segment,8538,8902,8538,364,True,0,0,0,0.9784594774246216,0,0.9752264022827148,1,1,1
0,Person_01,rec_10,0_rec_10,23,C:\Users\User\Downloads\26-1_Capstone-main\26-1_Capstone-main\data\ecg-id-database-1.0.0\Person_01\rec_10,rr_segment,8902,9287,8902,385,True,0,0,0,0.981671154499054,0,0.973617434501648,1,1,1
0,Person_01,rec_10,0_rec_10,24,C:\Users\User\Downloads\26-1_Capstone-main\26-1_Capstone-main\data\ecg-id-database-1.0.0\Person_01\rec_10,rr_segment,9287,9668,9287,381,True,0,0,0,0.9829346537590027,0,0.9531018733978271,1,1,1
0,Person_01,rec_5,0_rec_5,2,C:\Users\User\Downloads\26-1_Capstone-main\26-1_Capstone-main\data\ecg-id-database-1.0.0\Person_01\rec_5,rr_segment,946,1313,946,367,True,0,0,0,0.9225925207138062,0,0.9018115997314453,1,1,1
0,Person_01,rec_5,0_rec_5,4,C:\Users\User\Downloads\26-1_Capstone-main\26-1_Capstone-main\data\ecg-id-database-1.0.0\Person_01\rec_5,rr_segment,1693,2059,1693,366,True,0,0,0,0.9591621160507202,0,0.9294722080230713,1,1,1
0,Person_01,rec_5,0_rec_5,5,C:\Users\User\Downloads\26-1_Capstone-main\26-1_Capstone-main\data\ecg-id-database-1.0.0\Person_01\rec_5,rr_segment,2059,2434,2059,375,True,0,0,0,0.9789992570877075,0,0.9357933402061462,1,1,1
0,Person_01,rec_5,0_rec_5,6,C:\Users\User\Downloads\26-1_Capstone-main\26-1_Capstone-main\data\ecg-id-database-1.0.0\Person_01\rec_5,rr_segment,2434,2812,2434,378,True,0,0,0,0.9617376923561096,0,0.9031288623809814,1,1,1
0,Person_01,rec_5,0_rec_5,8,C:\Users\User\Downloads\26-1_Capstone-main\26-1_Capstone-main\data\ecg-id-database-1.0.0\Person_01\rec_5,rr_segment,3193,3556,3193,363,True,0,0,0,0.9587122201919556,0,0.9526422023773193,1,1,1
0,Person_01,rec_5,0_rec_5,9,C:\Users\User\Downloads\26-1_Capstone-main\26-1_Capstone-main\data\ecg-id-database-1.0.0\Person_01\rec_5,rr_segment,3556,3926,3556,370,True,0,0,0,0.9313409328460693,0,0.836599588394165,1,1,1
0,Person_01,rec_5,0_rec_5,10,C:\Users\User\Downloads\26-1_Capstone-main\26-1_Capstone-main\data\ecg-id-database-1.0.0\Person_01\rec_5,rr_segment,3926,4291,3926,365,True,0,0,0,0.9645757079124451,0,0.9600836038589478,1,1,1
0,Person_01,rec_5,0_rec_5,11,C:\Users\User\Downloads\26-1_Capstone-main\26-1_Capstone-main\data\ecg-id-database-1.0.0\Person_01\rec_5,rr_segment,4291,4660,4291,369,True,0,0,0,0.9733120203018188,0,0.927291989326477,1,1,1
0,Person_01,rec_5,0_rec_5,13,C:\Users\User\Downloads\26-1_Capstone-main\26-1_Capstone-main\data\ecg-id-database-1.0.0\Person_01\rec_5,rr_segment,5014,5375,5014,361,True,0,0,0,0.9418683052062988,0,0.8969658613204956,1,1,1
0,Person_01,rec_5,0_rec_5,14,C:\Users\User\Downloads\26-1_Capstone-main\26-1_Capstone-main\data\ecg-id-database-1.0.0\Person_01\rec_5,rr_segment,5375,5738,5375,363,True,0,0,0,0.9626529216766357,0,0.9139904975891113,1,1,1
0,Person_01,rec_5,0_rec_5,15,C:\Users\User\Downloads\26-1_Capstone-main\26-1_Capstone-main\data\ecg-id-database-1.0.0\Person_01\rec_5,rr_segment,5738,6100,5738,362,True,0,0,0,0.9565989971160889,0,0.9022351503372192,1,1,1
0,Person_01,rec_5,0_rec_5,17,C:\Users\User\Downloads\26-1_Capstone-main\26-1_Capstone-main\data\ecg-id-database-1.0.0\Person_01\rec_5,rr_segment,6454,6826,6454,372,True,0,0,0,0.9615463018417358,0,0.9515053033828735,1,1,1
0,Person_01,rec_5,0_rec_5,18,C:\Users\User\Downloads\26-1_Capstone-main\26-1_Capstone-main\data\ecg-id-database-1.0.0\Person_01\rec_5,rr_segment,6826,7193,6826,367,True,0,0,0,0.9699633717536926,0,0.9544937014579773,1,1,1
0,Person_01,rec_5,0_rec_5,20,C:\Users\User\Downloads\26-1_Capstone-main\26-1_Capstone-main\data\ecg-id-database-1.0.0\Person_01\rec_5,rr_segment,7572,7934,7572,362,True,0,0,0,0.9763767719268799,0,0.9729580283164978,1,1,1
0,Person_01,rec_5,0_rec_5,21,C:\Users\User\Downloads\26-1_Capstone-main\26-1_Capstone-main\data\ecg-id-database-1.0.0\Person_01\rec_5,rr_segment,7934,8303,7934,369,True,0,0,0,0.9865130186080933,0,0.98431795835495,1,1,1
0,Person_01,rec_5,0_rec_5,22,C:\Users\User\Downloads\26-1_Capstone-main\26-1_Capstone-main\data\ecg-id-database-1.0.0\Person_01\rec_5,rr_segment,8303,8672,8303,369,True,0,0,0,0.9746716618537903,0,0.9656215906143188,1,1,1
0,Person_01,rec_5,0_rec_5,23,C:\Users\User\Downloads\26-1_Capstone-main\26-1_Capstone-main\data\ecg-id-database-1.0.0\Person_01\rec_5,rr_segment,8672,9041,8672,369,True,0,0,0,0.88680100440979,0,0.8023457527160645,1,1,1
0,Person_01,rec_5,0_rec_5,24,C:\Users\User\Downloads\26-1_Capstone-main\26-1_Capstone-main\data\ecg-id-database-1.0.0\Person_01\rec_5,rr_segment,9041,9408,9041,367,True,0,0,0,0.963519275188446,0,0.9504923224449158,1,1,1
0,Person_01,rec_5,0_rec_5,25,C:\Users\User\Downloads\26-1_Capstone-main\26-1_Capstone-main\data\ecg-id-database-1.0.0\Person_01\rec_5,rr_segment,9408,9773,9408,365,True,0,0,0,0.9371735453605652,0,0.8993480205535889,1,1,1
0,Person_01,rec_7,0_rec_7,0,C:\Users\User\Downloads\26-1_Capstone-main\26-1_Capstone-main\data\ecg-id-database-1.0.0\Person_01\rec_7,rr_segment,275,690,275,415,True,0,0,0,0.9526745080947876,0,0.916642427444458,1,1,1
0,Person_01,rec_7,0_rec_7,1,C:\Users\User\Downloads\26-1_Capstone-main\26-1_Capstone-main\data\ecg-id-database-1.0.0\Person_01\rec_7,rr_segment,690,1118,690,428,True,0,0,0,0.9608711004257202,0,0.9030670523643494,1,1,1
0,Person_01,rec_7,0_rec_7,6,C:\Users\User\Downloads\26-1_Capstone-main\26-1_Capstone-main\data\ecg-id-database-1.0.0\Person_01\rec_7,rr_segment,2925,3355,2925,430,True,0,0,0,0.9575605392456055,0,0.9098365306854248,1,1,1
0,Person_01,rec_7,0_rec_7,7,C:\Users\User\Downloads\26-1_Capstone-main\26-1_Capstone-main\data\ecg-id-database-1.0.0\Person_01\rec_7,rr_segment,3355,3774,3355,419,True,0,0,0,0.9691271781921387,0,0.9066438674926758,1,1,1
0,Person_01,rec_7,0_rec_7,8,C:\Users\User\Downloads\26-1_Capstone-main\26-1_Capstone-main\data\ecg-id-database-1.0.0\Person_01\rec_7,rr_segment,3774,4184,3774,410,True,0,0,0,0.9441264271736145,0,0.836270809173584,1,1,1
0,Person_01,rec_7,0_rec_7,9,C:\Users\User\Downloads\26-1_Capstone-main\26-1_Capstone-main\data\ecg-id-database-1.0.0\Person_01\rec_7,rr_segment,4184,4592,4184,408,True,0,0,0,0.9807479381561279,0,0.9570925235748291,1,1,1
0,Person_01,rec_7,0_rec_7,10,C:\Users\User\Downloads\26-1_Capstone-main\26-1_Capstone-main\data\ecg-id-database-1.0.0\Person_01\rec_7,rr_segment,4592,4992,4592,400,True,0,0,0,0.9838716983795166,0,0.961991548538208,1,1,1
0,Person_01,rec_7,0_rec_7,11,C:\Users\User\Downloads\26-1_Capstone-main\26-1_Capstone-main\data\ecg-id-database-1.0.0\Person_01\rec_7,rr_segment,4992,5401,4992,409,True,0,0,0,0.9866976737976074,0,0.9744247794151306,1,1,1
0,Person_01,rec_7,0_rec_7,12,C:\Users\User\Downloads\26-1_Capstone-main\26-1_Capstone-main\data\ecg-id-database-1.0.0\Person_01\rec_7,rr_segment,5401,5794,5401,393,True,0,0,0,0.9576904773712158,0,0.8962485790252686,1,1,1
0,Person_01,rec_7,0_rec_7,13,C:\Users\User\Downloads\26-1_Capstone-main\26-1_Capstone-main\data\ecg-id-database-1.0.0\Person_01\rec_7,rr_segment,5794,6190,5794,396,True,0,0,0,0.9673797488212585,0,0.9353617429733276,1,1,1
0,Person_01,rec_7,0_rec_7,14,C:\Users\User\Downloads\26-1_Capstone-main\26-1_Capstone-main\data\ecg-id-database-1.0.0\Person_01\rec_7,rr_segment,6190,6597,6190,407,True,0,0,0,0.9832831621170044,0,0.96912682056427,1,1,1
0,Person_01,rec_7,0_rec_7,15,C:\Users\User\Downloads\26-1_Capstone-main\26-1_Capstone-main\data\ecg-id-database-1.0.0\Person_01\rec_7,rr_segment,6597,7015,6597,418,True,0,0,0,0.9703729152679443,0,0.9359867572784424,1,1,1
0,Person_01,rec_7,0_rec_7,16,C:\Users\User\Downloads\26-1_Capstone-main\26-1_Capstone-main\data\ecg-id-database-1.0.0\Person_01\rec_7,rr_segment,7015,7425,7015,410,True,0,0,0,0.9814552068710327,0,0.9707114100456238,1,1,1
0,Person_01,rec_7,0_rec_7,17,C:\Users\User\Downloads\26-1_Capstone-main\26-1_Capstone-main\data\ecg-id-database-1.0.0\Person_01\rec_7,rr_segment,7425,7827,7425,402,True,0,0,0,0.9834270477294922,0,0.9476616978645325,1,1,1
0,Person_01,rec_7,0_rec_7,18,C:\Users\User\Downloads\26-1_Capstone-main\26-1_Capstone-main\data\ecg-id-database-1.0.0\Person_01\rec_7,rr_segment,7827,8223,7827,396,True,0,0,0,0.9818154573440552,0,0.9700921773910522,1,1,1
0,Person_01,rec_7,0_rec_7,19,C:\Users\User\Downloads\26-1_Capstone-main\26-1_Capstone-main\data\ecg-id-database-1.0.0\Person_01\rec_7,rr_segment,8223,8612,8223,389,True,0,0,0,0.9646894931793213,0,0.9237183928489685,1,1,1
0,Person_01,rec_7,0_rec_7,20,C:\Users\User\Downloads\26-1_Capstone-main\26-1_Capstone-main\data\ecg-id-database-1.0.0\Person_01\rec_7,rr_segment,8612,8996,8612,384,True,0,0,0,0.9831008315086365,0,0.9833861589431763,1,1,1
0,Person_01,rec_7,0_rec_7,22,C:\Users\User\Downloads\26-1_Capstone-main\26-1_Capstone-main\data\ecg-id-database-1.0.0\Person_01\rec_7,rr_segment,9373,9756,9373,383,True,0,0,0,0.9436187148094177,0,0.873621940612793,1,1,1
1,Person_02,rec_14,1_rec_14,0,C:\Users\User\Downloads\26-1_Capstone-main\26-1_Capstone-main\data\ecg-id-database-1.0.0\Person_02\rec_14,rr_segment,349,628,349,279,True,1,1,1,0.8775444030761719,1,0.8376001119613647,1,1,1
1,Person_02,rec_14,1_rec_14,1,C:\Users\User\Downloads\26-1_Capstone-main\26-1_Capstone-main\data\ecg-id-database-1.0.0\Person_02\rec_14,rr_segment,628,903,628,275,True,1,1,1,0.9567017555236816,1,0.8815730810165405,1,1,1
1,Person_02,rec_14,1_rec_14,2,C:\Users\User\Downloads\26-1_Capstone-main\26-1_Capstone-main\data\ecg-id-database-1.0.0\Person_02\rec_14,rr_segment,903,1172,903,269,True,1,1,1,0.9175712466239929,1,0.9029495716094971,1,1,1
1,Person_02,rec_14,1_rec_14,6,C:\Users\User\Downloads\26-1_Capstone-main\26-1_Capstone-main\data\ecg-id-database-1.0.0\Person_02\rec_14,rr_segment,1947,2214,1947,267,True,1,19,19,0.9151661396026611,19,0.8290358781814575,0,0,0
1,Person_02,rec_14,1_rec_14,8,C:\Users\User\Downloads\26-1_Capstone-main\26-1_Capstone-main\data\ecg-id-database-1.0.0\Person_02\rec_14,rr_segment,2475,2752,2475,277,True,1,19,1,0.9131711721420288,19,0.8418909311294556,0,1,0
1,Person_02,rec_14,1_rec_14,9,C:\Users\User\Downloads\26-1_Capstone-main\26-1_Capstone-main\data\ecg-id-database-1.0.0\Person_02\rec_14,rr_segment,2752,3026,2752,274,True,1,19,19,0.9005628824234009,19,0.8056221008300781,0,0,0
1,Person_02,rec_14,1_rec_14,10,C:\Users\User\Downloads\26-1_Capstone-main\26-1_Capstone-main\data\ecg-id-database-1.0.0\Person_02\rec_14,rr_segment,3026,3299,3026,273,True,1,1,1,0.877509355545044,1,0.8456041812896729,1,1,1
1,Person_02,rec_14,1_rec_14,11,C:\Users\User\Downloads\26-1_Capstone-main\26-1_Capstone-main\data\ecg-id-database-1.0.0\Person_02\rec_14,rr_segment,3299,3589,3299,290,True,1,89,89,0.7492897510528564,89,0.7174599170684814,0,0,0
1,Person_02,rec_14,1_rec_14,14,C:\Users\User\Downloads\26-1_Capstone-main\26-1_Capstone-main\data\ecg-id-database-1.0.0\Person_02\rec_14,rr_segment,4233,4519,4233,286,True,1,19,1,0.898528516292572,19,0.8005006313323975,0,1,0
1,Person_02,rec_14,1_rec_14,15,C:\Users\User\Downloads\26-1_Capstone-main\26-1_Capstone-main\data\ecg-id-database-1.0.0\Person_02\rec_14,rr_segment,4519,4813,4519,294,True,1,1,1,0.891636848449707,1,0.8123409152030945,1,1,1
1,Person_02,rec_14,1_rec_14,16,C:\Users\User\Downloads\26-1_Capstone-main\26-1_Capstone-main\data\ecg-id-database-1.0.0\Person_02\rec_14,rr_segment,4813,5112,4813,299,True,1,1,1,0.9263590574264526,1,0.8786984086036682,1,1,1
1,Person_02,rec_14,1_rec_14,17,C:\Users\User\Downloads\26-1_Capstone-main\26-1_Capstone-main\data\ecg-id-database-1.0.0\Person_02\rec_14,rr_segment,5112,5405,5112,293,True,1,1,1,0.9098626375198364,1,0.8553897142410278,1,1,1
1,Person_02,rec_14,1_rec_14,18,C:\Users\User\Downloads\26-1_Capstone-main\26-1_Capstone-main\data\ecg-id-database-1.0.0\Person_02\rec_14,rr_segment,5405,5691,5405,286,True,1,1,1,0.9299560785293579,1,0.8337984085083008,1,1,1
1,Person_02,rec_14,1_rec_14,19,C:\Users\User\Downloads\26-1_Capstone-main\26-1_Capstone-main\data\ecg-id-database-1.0.0\Person_02\rec_14,rr_segment,5691,5979,5691,288,True,1,19,19,0.9073364734649658,19,0.8225647807121277,0,0,0
1,Person_02,rec_14,1_rec_14,20,C:\Users\User\Downloads\26-1_Capstone-main\26-1_Capstone-main\data\ecg-id-database-1.0.0\Person_02\rec_14,rr_segment,5979,6269,5979,290,True,1,1,1,0.9306951761245728,1,0.8798515200614929,1,1,1
1,Person_02,rec_14,1_rec_14,21,C:\Users\User\Downloads\26-1_Capstone-main\26-1_Capstone-main\data\ecg-id-database-1.0.0\Person_02\rec_14,rr_segment,6269,6568,6269,299,True,1,1,1,0.9223150014877319,1,0.8029946088790894,1,1,1
1,Person_02,rec_14,1_rec_14,22,C:\Users\User\Downloads\26-1_Capstone-main\26-1_Capstone-main\data\ecg-id-database-1.0.0\Person_02\rec_14,rr_segment,6568,6858,6568,290,True,1,1,1,0.9243258237838745,19,0.8277933597564697,1,1,0
1,Person_02,rec_14,1_rec_14,23,C:\Users\User\Downloads\26-1_Capstone-main\26-1_Capstone-main\data\ecg-id-database-1.0.0\Person_02\rec_14,rr_segment,6858,7148,6858,290,True,1,19,19,0.8843594789505005,19,0.8349086046218872,0,0,0
1,Person_02,rec_14,1_rec_14,24,C:\Users\User\Downloads\26-1_Capstone-main\26-1_Capstone-main\data\ecg-id-database-1.0.0\Person_02\rec_14,rr_segment,7148,7458,7148,310,True,1,1,1,0.9719210267066956,1,0.9562191367149353,1,1,1
1,Person_02,rec_14,1_rec_14,26,C:\Users\User\Downloads\26-1_Capstone-main\26-1_Capstone-main\data\ecg-id-database-1.0.0\Person_02\rec_14,rr_segment,7784,8098,7784,314,True,1,1,1,0.970118522644043,1,0.9145727753639221,1,1,1
1,Person_02,rec_14,1_rec_14,27,C:\Users\User\Downloads\26-1_Capstone-main\26-1_Capstone-main\data\ecg-id-database-1.0.0\Person_02\rec_14,rr_segment,8098,8402,8098,304,True,1,1,1,0.9445977210998535,1,0.8274037837982178,1,1,1
1,Person_02,rec_14,1_rec_14,28,C:\Users\User\Downloads\26-1_Capstone-main\26-1_Capstone-main\data\ecg-id-database-1.0.0\Person_02\rec_14,rr_segment,8402,8714,8402,312,True,1,1,1,0.8678946495056152,1,0.7441204190254211,1,1,1
1,Person_02,rec_14,1_rec_14,30,C:\Users\User\Downloads\26-1_Capstone-main\26-1_Capstone-main\data\ecg-id-database-1.0.0\Person_02\rec_14,rr_segment,9035,9343,9035,308,True,1,1,1,0.9515513181686401,1,0.8786209225654602,1,1,1
1,Person_02,rec_14,1_rec_14,31,C:\Users\User\Downloads\26-1_Capstone-main\26-1_Capstone-main\data\ecg-id-database-1.0.0\Person_02\rec_14,rr_segment,9343,9642,9343,299,True,1,1,1,0.9464556574821472,1,0.9087998867034912,1,1,1
1,Person_02,rec_14,1_rec_14,32,C:\Users\User\Downloads\26-1_Capstone-main\26-1_Capstone-main\data\ecg-id-database-1.0.0\Person_02\rec_14,rr_segment,9642,9936,9642,294,True,1,1,1,0.8917562961578369,19,0.8247821927070618,1,1,0
1,Person_02,rec_17,1_rec_17,1,C:\Users\User\Downloads\26-1_Capstone-main\26-1_Capstone-main\data\ecg-id-database-1.0.0\Person_02\rec_17,rr_segment,565,966,565,401,True,1,1,1,0.9044679403305054,1,0.8660434484481812,1,1,1
1,Person_02,rec_17,1_rec_17,2,C:\Users\User\Downloads\26-1_Capstone-main\26-1_Capstone-main\data\ecg-id-database-1.0.0\Person_02\rec_17,rr_segment,966,1387,966,421,True,1,1,1,0.8589777946472168,1,0.8304203152656555,1,1,1
1,Person_02,rec_17,1_rec_17,3,C:\Users\User\Downloads\26-1_Capstone-main\26-1_Capstone-main\data\ecg-id-database-1.0.0\Person_02\rec_17,rr_segment,1387,1827,1387,440,True,1,1,1,0.8779958486557007,1,0.7895876169204712,1,1,1
1,Person_02,rec_17,1_rec_17,5,C:\Users\User\Downloads\26-1_Capstone-main\26-1_Capstone-main\data\ecg-id-database-1.0.0\Person_02\rec_17,rr_segment,2273,2699,2273,426,True,1,1,1,0.9288005828857422,1,0.9185047149658203,1,1,1
1,Person_02,rec_17,1_rec_17,6,C:\Users\User\Downloads\26-1_Capstone-main\26-1_Capstone-main\data\ecg-id-database-1.0.0\Person_02\rec_17,rr_segment,2699,3116,2699,417,True,1,32,32,0.8583410978317261,32,0.8192764520645142,0,0,0
1,Person_02,rec_17,1_rec_17,7,C:\Users\User\Downloads\26-1_Capstone-main\26-1_Capstone-main\data\ecg-id-database-1.0.0\Person_02\rec_17,rr_segment,3116,3530,3116,414,True,1,1,1,0.8523007035255432,1,0.7699047923088074,1,1,1
1,Person_02,rec_17,1_rec_17,8,C:\Users\User\Downloads\26-1_Capstone-main\26-1_Capstone-main\data\ecg-id-database-1.0.0\Person_02\rec_17,rr_segment,3530,3952,3530,422,True,1,1,1,0.9656996726989746,1,0.9452147483825684,1,1,1
1,Person_02,rec_17,1_rec_17,9,C:\Users\User\Downloads\26-1_Capstone-main\26-1_Capstone-main\data\ecg-id-database-1.0.0\Person_02\rec_17,rr_segment,3952,4361,3952,409,True,1,1,1,0.9275704622268677,1,0.9031060934066772,1,1,1
1,Person_02,rec_17,1_rec_17,10,C:\Users\User\Downloads\26-1_Capstone-main\26-1_Capstone-main\data\ecg-id-database-1.0.0\Person_02\rec_17,rr_segment,4361,4754,4361,393,True,1,1,1,0.933085560798645,1,0.9188422560691833,1,1,1
1,Person_02,rec_17,1_rec_17,11,C:\Users\User\Downloads\26-1_Capstone-main\26-1_Capstone-main\data\ecg-id-database-1.0.0\Person_02\rec_17,rr_segment,4754,5159,4754,405,True,1,1,1,0.9001061320304871,1,0.847564697265625,1,1,1
1,Person_02,rec_17,1_rec_17,12,C:\Users\User\Downloads\26-1_Capstone-main\26-1_Capstone-main\data\ecg-id-database-1.0.0\Person_02\rec_17,rr_segment,5159,5567,5159,408,True,1,1,1,0.9359908699989319,1,0.9051674008369446,1,1,1
1,Person_02,rec_17,1_rec_17,13,C:\Users\User\Downloads\26-1_Capstone-main\26-1_Capstone-main\data\ecg-id-database-1.0.0\Person_02\rec_17,rr_segment,5567,5980,5567,413,True,1,1,1,0.9407715201377869,1,0.9160234928131104,1,1,1
1,Person_02,rec_17,1_rec_17,14,C:\Users\User\Downloads\26-1_Capstone-main\26-1_Capstone-main\data\ecg-id-database-1.0.0\Person_02\rec_17,rr_segment,5980,6373,5980,393,True,1,1,1,0.8884972333908081,1,0.8256254196166992,1,1,1
1,Person_02,rec_17,1_rec_17,15,C:\Users\User\Downloads\26-1_Capstone-main\26-1_Capstone-main\data\ecg-id-database-1.0.0\Person_02\rec_17,rr_segment,6373,6800,6373,427,True,1,1,1,0.9325242042541504,1,0.9323238134384155,1,1,1
1,Person_02,rec_17,1_rec_17,16,C:\Users\User\Downloads\26-1_Capstone-main\26-1_Capstone-main\data\ecg-id-database-1.0.0\Person_02\rec_17,rr_segment,6800,7233,6800,433,True,1,1,1,0.902321994304657,1,0.8952608108520508,1,1,1
1,Person_02,rec_17,1_rec_17,17,C:\Users\User\Downloads\26-1_Capstone-main\26-1_Capstone-main\data\ecg-id-database-1.0.0\Person_02\rec_17,rr_segment,7233,7677,7233,444,True,1,1,1,0.9420816898345947,1,0.8634580373764038,1,1,1
1,Person_02,rec_17,1_rec_17,18,C:\Users\User\Downloads\26-1_Capstone-main\26-1_Capstone-main\data\ecg-id-database-1.0.0\Person_02\rec_17,rr_segment,7677,8085,7677,408,True,1,1,1,0.8903377056121826,1,0.8345229625701904,1,1,1
1,Person_02,rec_17,1_rec_17,19,C:\Users\User\Downloads\26-1_Capstone-main\26-1_Capstone-main\data\ecg-id-database-1.0.0\Person_02\rec_17,rr_segment,8085,8485,8085,400,True,1,1,1,0.9388006329536438,1,0.8699958324432373,1,1,1
1,Person_02,rec_17,1_rec_17,20,C:\Users\User\Downloads\26-1_Capstone-main\26-1_Capstone-main\data\ecg-id-database-1.0.0\Person_02\rec_17,rr_segment,8485,8920,8485,435,True,1,1,1,0.9282983541488647,1,0.9145587682723999,1,1,1
1,Person_02,rec_17,1_rec_17,21,C:\Users\User\Downloads\26-1_Capstone-main\26-1_Capstone-main\data\ecg-id-database-1.0.0\Person_02\rec_17,rr_segment,8920,9354,8920,434,True,1,1,1,0.8765537142753601,1,0.7851113080978394,1,1,1
1,Person_02,rec_17,1_rec_17,22,C:\Users\User\Downloads\26-1_Capstone-main\26-1_Capstone-main\data\ecg-id-database-1.0.0\Person_02\rec_17,rr_segment,9354,9784,9354,430,True,1,1,1,0.8451764583587646,1,0.761626124382019,1,1,1
1,Person_02,rec_21,1_rec_21,0,C:\Users\User\Downloads\26-1_Capstone-main\26-1_Capstone-main\data\ecg-id-database-1.0.0\Person_02\rec_21,rr_segment,329,805,329,476,True,1,1,1,0.9965121746063232,1,0.973159670829773,1,1,1
1,Person_02,rec_21,1_rec_21,1,C:\Users\User\Downloads\26-1_Capstone-main\26-1_Capstone-main\data\ecg-id-database-1.0.0\Person_02\rec_21,rr_segment,805,1295,805,490,True,1,1,1,0.9824630618095398,1,0.9787952899932861,1,1,1
1,Person_02,rec_21,1_rec_21,2,C:\Users\User\Downloads\26-1_Capstone-main\26-1_Capstone-main\data\ecg-id-database-1.0.0\Person_02\rec_21,rr_segment,1295,1789,1295,494,True,1,1,1,0.9511688947677612,1,0.9416210651397705,1,1,1
1,Person_02,rec_21,1_rec_21,3,C:\Users\User\Downloads\26-1_Capstone-main\26-1_Capstone-main\data\ecg-id-database-1.0.0\Person_02\rec_21,rr_segment,1789,2260,1789,471,True,1,1,1,0.9877707958221436,1,0.9778347015380859,1,1,1
1,Person_02,rec_21,1_rec_21,5,C:\Users\User\Downloads\26-1_Capstone-main\26-1_Capstone-main\data\ecg-id-database-1.0.0\Person_02\rec_21,rr_segment,2687,3144,2687,457,True,1,1,1,0.9903441667556763,1,0.9747862815856934,1,1,1
1,Person_02,rec_21,1_rec_21,6,C:\Users\User\Downloads\26-1_Capstone-main\26-1_Capstone-main\data\ecg-id-database-1.0.0\Person_02\rec_21,rr_segment,3144,3631,3144,487,True,1,1,1,0.9792205691337585,1,0.9624050855636597,1,1,1
1,Person_02,rec_21,1_rec_21,8,C:\Users\User\Downloads\26-1_Capstone-main\26-1_Capstone-main\data\ecg-id-database-1.0.0\Person_02\rec_21,rr_segment,4151,4621,4151,470,True,1,1,1,0.9692530035972595,1,0.9580698013305664,1,1,1
1,Person_02,rec_21,1_rec_21,9,C:\Users\User\Downloads\26-1_Capstone-main\26-1_Capstone-main\data\ecg-id-database-1.0.0\Person_02\rec_21,rr_segment,4621,5091,4621,470,True,1,1,1,0.9222418069839478,1,0.8985878825187683,1,1,1
1,Person_02,rec_21,1_rec_21,10,C:\Users\User\Downloads\26-1_Capstone-main\26-1_Capstone-main\data\ecg-id-database-1.0.0\Person_02\rec_21,rr_segment,5091,5585,5091,494,True,1,1,1,0.9855247735977173,1,0.9637112617492676,1,1,1
1,Person_02,rec_21,1_rec_21,11,C:\Users\User\Downloads\26-1_Capstone-main\26-1_Capstone-main\data\ecg-id-database-1.0.0\Person_02\rec_21,rr_segment,5585,6053,5585,468,True,1,1,1,0.9725443124771118,1,0.9613015651702881,1,1,1
1,Person_02,rec_21,1_rec_21,13,C:\Users\User\Downloads\26-1_Capstone-main\26-1_Capstone-main\data\ecg-id-database-1.0.0\Person_02\rec_21,rr_segment,6479,6924,6479,445,True,1,1,1,0.976679265499115,1,0.9691339731216431,1,1,1
1,Person_02,rec_21,1_rec_21,14,C:\Users\User\Downloads\26-1_Capstone-main\26-1_Capstone-main\data\ecg-id-database-1.0.0\Person_02\rec_21,rr_segment,6924,7394,6924,470,True,1,1,1,0.9738644361495972,1,0.9688352346420288,1,1,1
1,Person_02,rec_21,1_rec_21,15,C:\Users\User\Downloads\26-1_Capstone-main\26-1_Capstone-main\data\ecg-id-database-1.0.0\Person_02\rec_21,rr_segment,7394,7847,7394,453,True,1,1,1,0.9798277616500854,1,0.9636900424957275,1,1,1
1,Person_02,rec_21,1_rec_21,16,C:\Users\User\Downloads\26-1_Capstone-main\26-1_Capstone-main\data\ecg-id-database-1.0.0\Person_02\rec_21,rr_segment,7847,8281,7847,434,True,1,1,1,0.964327871799469,1,0.9521955251693726,1,1,1
1,Person_02,rec_21,1_rec_21,17,C:\Users\User\Downloads\26-1_Capstone-main\26-1_Capstone-main\data\ecg-id-database-1.0.0\Person_02\rec_21,rr_segment,8281,8751,8281,470,True,1,1,1,0.97993004322052,1,0.9834543466567993,1,1,1
1,Person_02,rec_21,1_rec_21,18,C:\Users\User\Downloads\26-1_Capstone-main\26-1_Capstone-main\data\ecg-id-database-1.0.0\Person_02\rec_21,rr_segment,8751,9245,8751,494,True,1,1,1,0.9394581317901611,1,0.9484175443649292,1,1,1
1,Person_02,rec_21,1_rec_21,19,C:\Users\User\Downloads\26-1_Capstone-main\26-1_Capstone-main\data\ecg-id-database-1.0.0\Person_02\rec_21,rr_segment,9245,9681,9245,436,True,1,1,1,0.9454628229141235,1,0.8915253281593323,1,1,1
1,Person_02,rec_9,1_rec_9,0,C:\Users\User\Downloads\26-1_Capstone-main\26-1_Capstone-main\data\ecg-id-database-1.0.0\Person_02\rec_9,rr_segment,210,576,210,366,True,1,1,1,0.9796733856201172,1,0.9654963612556458,1,1,1
1,Person_02,rec_9,1_rec_9,1,C:\Users\User\Downloads\26-1_Capstone-main\26-1_Capstone-main\data\ecg-id-database-1.0.0\Person_02\rec_9,rr_segment,576,953,576,377,True,1,1,1,0.948327362537384,1,0.9187188148498535,1,1,1
1,Person_02,rec_9,1_rec_9,2,C:\Users\User\Downloads\26-1_Capstone-main\26-1_Capstone-main\data\ecg-id-database-1.0.0\Person_02\rec_9,rr_segment,953,1340,953,387,True,1,1,1,0.9754512310028076,1,0.9861078262329102,1,1,1
1,Person_02,rec_9,1_rec_9,3,C:\Users\User\Downloads\26-1_Capstone-main\26-1_Capstone-main\data\ecg-id-database-1.0.0\Person_02\rec_9,rr_segment,1340,1738,1340,398,True,1,1,1,0.9779269695281982,1,0.9865049123764038,1,1,1
1,Person_02,rec_9,1_rec_9,4,C:\Users\User\Downloads\26-1_Capstone-main\26-1_Capstone-main\data\ecg-id-database-1.0.0\Person_02\rec_9,rr_segment,1738,2135,1738,397,True,1,1,1,0.9805246591567993,1,0.9804957509040833,1,1,1
1,Person_02,rec_9,1_rec_9,5,C:\Users\User\Downloads\26-1_Capstone-main\26-1_Capstone-main\data\ecg-id-database-1.0.0\Person_02\rec_9,rr_segment,2135,2524,2135,389,True,1,1,1,0.9608887434005737,8,0.8818893432617188,1,1,0
1,Person_02,rec_9,1_rec_9,6,C:\Users\User\Downloads\26-1_Capstone-main\26-1_Capstone-main\data\ecg-id-database-1.0.0\Person_02\rec_9,rr_segment,2524,2918,2524,394,True,1,1,1,0.9381368160247803,1,0.8979672193527222,1,1,1
1,Person_02,rec_9,1_rec_9,7,C:\Users\User\Downloads\26-1_Capstone-main\26-1_Capstone-main\data\ecg-id-database-1.0.0\Person_02\rec_9,rr_segment,2918,3289,2918,371,True,1,1,1,0.9461353421211243,1,0.8950949907302856,1,1,1
1,Person_02,rec_9,1_rec_9,9,C:\Users\User\Downloads\26-1_Capstone-main\26-1_Capstone-main\data\ecg-id-database-1.0.0\Person_02\rec_9,rr_segment,3644,4005,3644,361,True,1,1,1,0.9570465087890625,1,0.9402524828910828,1,1,1
1,Person_02,rec_9,1_rec_9,10,C:\Users\User\Downloads\26-1_Capstone-main\26-1_Capstone-main\data\ecg-id-database-1.0.0\Person_02\rec_9,rr_segment,4005,4382,4005,377,True,1,1,1,0.9623859524726868,1,0.9452727437019348,1,1,1
1,Person_02,rec_9,1_rec_9,11,C:\Users\User\Downloads\26-1_Capstone-main\26-1_Capstone-main\data\ecg-id-database-1.0.0\Person_02\rec_9,rr_segment,4382,4788,4382,406,True,1,1,1,0.9734846353530884,1,0.9667645692825317,1,1,1
1,Person_02,rec_9,1_rec_9,12,C:\Users\User\Downloads\26-1_Capstone-main\26-1_Capstone-main\data\ecg-id-database-1.0.0\Person_02\rec_9,rr_segment,4788,5215,4788,427,True,1,1,1,0.9763838052749634,1,0.9785737991333008,1,1,1
1,Person_02,rec_9,1_rec_9,13,C:\Users\User\Downloads\26-1_Capstone-main\26-1_Capstone-main\data\ecg-id-database-1.0.0\Person_02\rec_9,rr_segment,5215,5663,5215,448,True,1,1,1,0.9852299094200134,1,0.9713751077651978,1,1,1
1,Person_02,rec_9,1_rec_9,17,C:\Users\User\Downloads\26-1_Capstone-main\26-1_Capstone-main\data\ecg-id-database-1.0.0\Person_02\rec_9,rr_segment,7052,7457,7052,405,True,1,1,1,0.9882080554962158,1,0.9724679589271545,1,1,1
1,Person_02,rec_9,1_rec_9,18,C:\Users\User\Downloads\26-1_Capstone-main\26-1_Capstone-main\data\ecg-id-database-1.0.0\Person_02\rec_9,rr_segment,7457,7854,7457,397,True,1,1,1,0.9770225882530212,1,0.9798832535743713,1,1,1
1,Person_02,rec_9,1_rec_9,19,C:\Users\User\Downloads\26-1_Capstone-main\26-1_Capstone-main\data\ecg-id-database-1.0.0\Person_02\rec_9,rr_segment,7854,8254,7854,400,True,1,1,1,0.9846615791320801,1,0.9643802642822266,1,1,1
1,Person_02,rec_9,1_rec_9,20,C:\Users\User\Downloads\26-1_Capstone-main\26-1_Capstone-main\data\ecg-id-database-1.0.0\Person_02\rec_9,rr_segment,8254,8682,8254,428,True,1,1,1,0.9558030366897583,1,0.9481546878814697,1,1,1
1,Person_02,rec_9,1_rec_9,21,C:\Users\User\Downloads\26-1_Capstone-main\26-1_Capstone-main\data\ecg-id-database-1.0.0\Person_02\rec_9,rr_segment,8682,9090,8682,408,True,1,1,1,0.8988845348358154,1,0.889878511428833,1,1,1
1,Person_02,rec_9,1_rec_9,22,C:\Users\User\Downloads\26-1_Capstone-main\26-1_Capstone-main\data\ecg-id-database-1.0.0\Person_02\rec_9,rr_segment,9090,9496,9090,406,True,1,1,1,0.9810792803764343,1,0.9752827882766724,1,1,1
1,Person_02,rec_9,1_rec_9,23,C:\Users\User\Downloads\26-1_Capstone-main\26-1_Capstone-main\data\ecg-id-database-1.0.0\Person_02\rec_9,rr_segment,9496,9872,9496,376,True,1,1,1,0.9780480861663818,1,0.9569628834724426,1,1,1
2,Person_03,rec_5,2_rec_5,0,C:\Users\User\Downloads\26-1_Capstone-main\26-1_Capstone-main\data\ecg-id-database-1.0.0\Person_03\rec_5,rr_segment,308,741,308,433,True,2,2,2,0.9832963347434998,2,0.9801896810531616,1,1,1
2,Person_03,rec_5,2_rec_5,1,C:\Users\User\Downloads\26-1_Capstone-main\26-1_Capstone-main\data\ecg-id-database-1.0.0\Person_03\rec_5,rr_segment,741,1170,741,429,True,2,2,2,0.9720979928970337,2,0.9308104515075684,1,1,1
2,Person_03,rec_5,2_rec_5,2,C:\Users\User\Downloads\26-1_Capstone-main\26-1_Capstone-main\data\ecg-id-database-1.0.0\Person_03\rec_5,rr_segment,1170,1592,1170,422,True,2,2,2,0.9466267824172974,2,0.8661478161811829,1,1,1
2,Person_03,rec_5,2_rec_5,3,C:\Users\User\Downloads\26-1_Capstone-main\26-1_Capstone-main\data\ecg-id-database-1.0.0\Person_03\rec_5,rr_segment,1592,2004,1592,412,True,2,2,2,0.9905101656913757,2,0.964714527130127,1,1,1
2,Person_03,rec_5,2_rec_5,4,C:\Users\User\Downloads\26-1_Capstone-main\26-1_Capstone-main\data\ecg-id-database-1.0.0\Person_03\rec_5,rr_segment,2004,2410,2004,406,True,2,2,2,0.9925461411476135,2,0.9881995916366577,1,1,1
2,Person_03,rec_5,2_rec_5,5,C:\Users\User\Downloads\26-1_Capstone-main\26-1_Capstone-main\data\ecg-id-database-1.0.0\Person_03\rec_5,rr_segment,2410,2817,2410,407,True,2,2,2,0.9913679957389832,2,0.9912861585617065,1,1,1
2,Person_03,rec_5,2_rec_5,6,C:\Users\User\Downloads\26-1_Capstone-main\26-1_Capstone-main\data\ecg-id-database-1.0.0\Person_03\rec_5,rr_segment,2817,3232,2817,415,True,2,2,2,0.9925121665000916,2,0.9878880977630615,1,1,1
2,Person_03,rec_5,2_rec_5,7,C:\Users\User\Downloads\26-1_Capstone-main\26-1_Capstone-main\data\ecg-id-database-1.0.0\Person_03\rec_5,rr_segment,3232,3663,3232,431,True,2,2,2,0.9937043190002441,2,0.9839744567871094,1,1,1
2,Person_03,rec_5,2_rec_5,8,C:\Users\User\Downloads\26-1_Capstone-main\26-1_Capstone-main\data\ecg-id-database-1.0.0\Person_03\rec_5,rr_segment,3663,4110,3663,447,True,2,2,2,0.9833455085754395,2,0.9605929255485535,1,1,1
2,Person_03,rec_5,2_rec_5,10,C:\Users\User\Downloads\26-1_Capstone-main\26-1_Capstone-main\data\ecg-id-database-1.0.0\Person_03\rec_5,rr_segment,4577,5036,4577,459,True,2,2,2,0.9375649690628052,2,0.9239004850387573,1,1,1
2,Person_03,rec_5,2_rec_5,11,C:\Users\User\Downloads\26-1_Capstone-main\26-1_Capstone-main\data\ecg-id-database-1.0.0\Person_03\rec_5,rr_segment,5036,5493,5036,457,True,2,2,2,0.9679020047187805,2,0.9481469988822937,1,1,1
2,Person_03,rec_5,2_rec_5,14,C:\Users\User\Downloads\26-1_Capstone-main\26-1_Capstone-main\data\ecg-id-database-1.0.0\Person_03\rec_5,rr_segment,6427,6871,6427,444,True,2,2,2,0.9590516090393066,2,0.9341291189193726,1,1,1
2,Person_03,rec_5,2_rec_5,15,C:\Users\User\Downloads\26-1_Capstone-main\26-1_Capstone-main\data\ecg-id-database-1.0.0\Person_03\rec_5,rr_segment,6871,7313,6871,442,True,2,2,2,0.9542902708053589,2,0.8842899203300476,1,1,1
2,Person_03,rec_5,2_rec_5,16,C:\Users\User\Downloads\26-1_Capstone-main\26-1_Capstone-main\data\ecg-id-database-1.0.0\Person_03\rec_5,rr_segment,7313,7730,7313,417,True,2,2,2,0.9854953289031982,2,0.9837241172790527,1,1,1
2,Person_03,rec_5,2_rec_5,18,C:\Users\User\Downloads\26-1_Capstone-main\26-1_Capstone-main\data\ecg-id-database-1.0.0\Person_03\rec_5,rr_segment,8130,8551,8130,421,True,2,2,2,0.9699268341064453,2,0.9255954027175903,1,1,1
2,Person_03,rec_5,2_rec_5,19,C:\Users\User\Downloads\26-1_Capstone-main\26-1_Capstone-main\data\ecg-id-database-1.0.0\Person_03\rec_5,rr_segment,8551,8964,8551,413,True,2,2,2,0.9925898313522339,2,0.9836978912353516,1,1,1
2,Person_03,rec_5,2_rec_5,20,C:\Users\User\Downloads\26-1_Capstone-main\26-1_Capstone-main\data\ecg-id-database-1.0.0\Person_03\rec_5,rr_segment,8964,9399,8964,435,True,2,2,2,0.9012528657913208,2,0.8517746329307556,1,1,1
2,Person_03,rec_5,2_rec_5,21,C:\Users\User\Downloads\26-1_Capstone-main\26-1_Capstone-main\data\ecg-id-database-1.0.0\Person_03\rec_5,rr_segment,9399,9843,9399,444,True,2,2,2,0.932120680809021,2,0.8610618710517883,1,1,1
3,Person_04,rec_2,3_rec_2,0,C:\Users\User\Downloads\26-1_Capstone-main\26-1_Capstone-main\data\ecg-id-database-1.0.0\Person_04\rec_2,rr_segment,182,569,182,387,True,3,6,6,0.7793728113174438,6,0.7371240854263306,0,0,0
3,Person_04,rec_2,3_rec_2,1,C:\Users\User\Downloads\26-1_Capstone-main\26-1_Capstone-main\data\ecg-id-database-1.0.0\Person_04\rec_2,rr_segment,569,983,569,414,True,3,3,3,0.8746705055236816,3,0.7316442131996155,1,1,1
3,Person_04,rec_2,3_rec_2,2,C:\Users\User\Downloads\26-1_Capstone-main\26-1_Capstone-main\data\ecg-id-database-1.0.0\Person_04\rec_2,rr_segment,983,1408,983,425,True,3,3,3,0.8062207698822021,3,0.66562819480896,1,1,1
3,Person_04,rec_2,3_rec_2,3,C:\Users\User\Downloads\26-1_Capstone-main\26-1_Capstone-main\data\ecg-id-database-1.0.0\Person_04\rec_2,rr_segment,1408,1813,1408,405,True,3,2,2,0.9123058915138245,2,0.8960446715354919,0,0,0
3,Person_04,rec_2,3_rec_2,6,C:\Users\User\Downloads\26-1_Capstone-main\26-1_Capstone-main\data\ecg-id-database-1.0.0\Person_04\rec_2,rr_segment,2703,3117,2703,414,True,3,3,3,0.9763273596763611,3,0.8605205416679382,1,1,1
3,Person_04,rec_2,3_rec_2,7,C:\Users\User\Downloads\26-1_Capstone-main\26-1_Capstone-main\data\ecg-id-database-1.0.0\Person_04\rec_2,rr_segment,3117,3528,3117,411,True,3,3,3,0.8701504468917847,3,0.7861958742141724,1,1,1
3,Person_04,rec_2,3_rec_2,8,C:\Users\User\Downloads\26-1_Capstone-main\26-1_Capstone-main\data\ecg-id-database-1.0.0\Person_04\rec_2,rr_segment,3528,3955,3528,427,True,3,3,3,0.9546996355056763,3,0.9226648807525635,1,1,1
3,Person_04,rec_2,3_rec_2,11,C:\Users\User\Downloads\26-1_Capstone-main\26-1_Capstone-main\data\ecg-id-database-1.0.0\Person_04\rec_2,rr_segment,4842,5257,4842,415,True,3,3,3,0.9818159937858582,3,0.9767560958862305,1,1,1
3,Person_04,rec_2,3_rec_2,13,C:\Users\User\Downloads\26-1_Capstone-main\26-1_Capstone-main\data\ecg-id-database-1.0.0\Person_04\rec_2,rr_segment,5611,5974,5611,363,True,3,87,87,0.8032662868499756,87,0.7738132476806641,0,0,0
3,Person_04,rec_2,3_rec_2,14,C:\Users\User\Downloads\26-1_Capstone-main\26-1_Capstone-main\data\ecg-id-database-1.0.0\Person_04\rec_2,rr_segment,5974,6353,5974,379,True,3,3,3,0.9479788541793823,3,0.9087210893630981,1,1,1
3,Person_04,rec_2,3_rec_2,15,C:\Users\User\Downloads\26-1_Capstone-main\26-1_Capstone-main\data\ecg-id-database-1.0.0\Person_04\rec_2,rr_segment,6353,6764,6353,411,True,3,2,2,0.8835296630859375,2,0.7494828701019287,0,0,0
3,Person_04,rec_2,3_rec_2,16,C:\Users\User\Downloads\26-1_Capstone-main\26-1_Capstone-main\data\ecg-id-database-1.0.0\Person_04\rec_2,rr_segment,6764,7162,6764,398,True,3,3,3,0.9781779050827026,3,0.9290210008621216,1,1,1
3,Person_04,rec_2,3_rec_2,17,C:\Users\User\Downloads\26-1_Capstone-main\26-1_Capstone-main\data\ecg-id-database-1.0.0\Person_04\rec_2,rr_segment,7162,7552,7162,390,True,3,17,0,0.8907439112663269,0,0.7479780912399292,0,0,0
3,Person_04,rec_2,3_rec_2,18,C:\Users\User\Downloads\26-1_Capstone-main\26-1_Capstone-main\data\ecg-id-database-1.0.0\Person_04\rec_2,rr_segment,7552,7934,7552,382,True,3,3,3,0.9622019529342651,3,0.9393311738967896,1,1,1
3,Person_04,rec_2,3_rec_2,19,C:\Users\User\Downloads\26-1_Capstone-main\26-1_Capstone-main\data\ecg-id-database-1.0.0\Person_04\rec_2,rr_segment,7934,8305,7934,371,True,3,3,3,0.939867377281189,3,0.8308220505714417,1,1,1
3,Person_04,rec_2,3_rec_2,20,C:\Users\User\Downloads\26-1_Capstone-main\26-1_Capstone-main\data\ecg-id-database-1.0.0\Person_04\rec_2,rr_segment,8305,8675,8305,370,True,3,24,24,0.8285884857177734,24,0.7907224297523499,0,0,0
3,Person_04,rec_2,3_rec_2,21,C:\Users\User\Downloads\26-1_Capstone-main\26-1_Capstone-main\data\ecg-id-database-1.0.0\Person_04\rec_2,rr_segment,8675,9059,8675,384,True,3,3,3,0.8955445289611816,3,0.7960549592971802,1,1,1
3,Person_04,rec_2,3_rec_2,22,C:\Users\User\Downloads\26-1_Capstone-main\26-1_Capstone-main\data\ecg-id-database-1.0.0\Person_04\rec_2,rr_segment,9059,9437,9059,378,True,3,3,3,0.8031746745109558,3,0.7572705745697021,1,1,1
3,Person_04,rec_2,3_rec_2,23,C:\Users\User\Downloads\26-1_Capstone-main\26-1_Capstone-main\data\ecg-id-database-1.0.0\Person_04\rec_2,rr_segment,9437,9831,9437,394,True,3,3,3,0.8904377222061157,3,0.8331606388092041,1,1,1
4,Person_05,rec_1,4_rec_1,0,C:\Users\User\Downloads\26-1_Capstone-main\26-1_Capstone-main\data\ecg-id-database-1.0.0\Person_05\rec_1,rr_segment,436,975,436,539,True,4,4,4,0.992974042892456,4,0.988060474395752,1,1,1
4,Person_05,rec_1,4_rec_1,2,C:\Users\User\Downloads\26-1_Capstone-main\26-1_Capstone-main\data\ecg-id-database-1.0.0\Person_05\rec_1,rr_segment,1458,2018,1458,560,True,4,4,4,0.9957424402236938,4,0.9941104650497437,1,1,1
4,Person_05,rec_1,4_rec_1,3,C:\Users\User\Downloads\26-1_Capstone-main\26-1_Capstone-main\data\ecg-id-database-1.0.0\Person_05\rec_1,rr_segment,2018,2553,2018,535,True,4,4,4,0.9946420192718506,4,0.9936466217041016,1,1,1
4,Person_05,rec_1,4_rec_1,4,C:\Users\User\Downloads\26-1_Capstone-main\26-1_Capstone-main\data\ecg-id-database-1.0.0\Person_05\rec_1,rr_segment,2553,3093,2553,540,True,4,4,4,0.992508053779602,4,0.9868664741516113,1,1,1
4,Person_05,rec_1,4_rec_1,5,C:\Users\User\Downloads\26-1_Capstone-main\26-1_Capstone-main\data\ecg-id-database-1.0.0\Person_05\rec_1,rr_segment,3093,3676,3093,583,True,4,4,4,0.98345947265625,4,0.97960364818573,1,1,1
4,Person_05,rec_1,4_rec_1,6,C:\Users\User\Downloads\26-1_Capstone-main\26-1_Capstone-main\data\ecg-id-database-1.0.0\Person_05\rec_1,rr_segment,3676,4221,3676,545,True,4,4,4,0.9981547594070435,4,0.9945676326751709,1,1,1
4,Person_05,rec_1,4_rec_1,7,C:\Users\User\Downloads\26-1_Capstone-main\26-1_Capstone-main\data\ecg-id-database-1.0.0\Person_05\rec_1,rr_segment,4221,4809,4221,588,True,4,4,4,0.9939954280853271,4,0.9854684472084045,1,1,1
4,Person_05,rec_1,4_rec_1,8,C:\Users\User\Downloads\26-1_Capstone-main\26-1_Capstone-main\data\ecg-id-database-1.0.0\Person_05\rec_1,rr_segment,4809,5411,4809,602,True,4,4,4,0.9757931232452393,4,0.9742645025253296,1,1,1
4,Person_05,rec_1,4_rec_1,9,C:\Users\User\Downloads\26-1_Capstone-main\26-1_Capstone-main\data\ecg-id-database-1.0.0\Person_05\rec_1,rr_segment,5411,5949,5411,538,True,4,4,4,0.9969444274902344,4,0.998247504234314,1,1,1
4,Person_05,rec_1,4_rec_1,10,C:\Users\User\Downloads\26-1_Capstone-main\26-1_Capstone-main\data\ecg-id-database-1.0.0\Person_05\rec_1,rr_segment,5949,6534,5949,585,True,4,4,4,0.9932809472084045,4,0.9872249364852905,1,1,1
4,Person_05,rec_1,4_rec_1,11,C:\Users\User\Downloads\26-1_Capstone-main\26-1_Capstone-main\data\ecg-id-database-1.0.0\Person_05\rec_1,rr_segment,6534,7142,6534,608,True,4,4,4,0.9463779926300049,4,0.9153090715408325,1,1,1
4,Person_05,rec_1,4_rec_1,12,C:\Users\User\Downloads\26-1_Capstone-main\26-1_Capstone-main\data\ecg-id-database-1.0.0\Person_05\rec_1,rr_segment,7142,7670,7142,528,True,4,4,4,0.9925950765609741,4,0.9942717552185059,1,1,1
4,Person_05,rec_1,4_rec_1,14,C:\Users\User\Downloads\26-1_Capstone-main\26-1_Capstone-main\data\ecg-id-database-1.0.0\Person_05\rec_1,rr_segment,8148,8751,8148,603,True,4,4,4,0.9864069223403931,4,0.9871900081634521,1,1,1
4,Person_05,rec_1,4_rec_1,15,C:\Users\User\Downloads\26-1_Capstone-main\26-1_Capstone-main\data\ecg-id-database-1.0.0\Person_05\rec_1,rr_segment,8751,9340,8751,589,True,4,4,4,0.9800713062286377,4,0.9649993777275085,1,1,1
4,Person_05,rec_1,4_rec_1,16,C:\Users\User\Downloads\26-1_Capstone-main\26-1_Capstone-main\data\ecg-id-database-1.0.0\Person_05\rec_1,rr_segment,9340,9875,9340,535,True,4,4,4,0.9944856762886047,4,0.9919294118881226,1,1,1
5,Person_06,rec_1,5_rec_1,0,C:\Users\User\Downloads\26-1_Capstone-main\26-1_Capstone-main\data\ecg-id-database-1.0.0\Person_06\rec_1,rr_segment,181,463,181,282,True,5,6,6,0.7519720792770386,6,0.706404983997345,0,0,0
5,Person_06,rec_1,5_rec_1,1,C:\Users\User\Downloads\26-1_Capstone-main\26-1_Capstone-main\data\ecg-id-database-1.0.0\Person_06\rec_1,rr_segment,463,830,463,367,True,5,5,5,0.9518852233886719,5,0.9340898990631104,1,1,1
5,Person_06,rec_1,5_rec_1,2,C:\Users\User\Downloads\26-1_Capstone-main\26-1_Capstone-main\data\ecg-id-database-1.0.0\Person_06\rec_1,rr_segment,830,1169,830,339,True,5,5,5,0.9189275503158569,5,0.868605375289917,1,1,1
5,Person_06,rec_1,5_rec_1,3,C:\Users\User\Downloads\26-1_Capstone-main\26-1_Capstone-main\data\ecg-id-database-1.0.0\Person_06\rec_1,rr_segment,1169,1530,1169,361,True,5,5,5,0.981469988822937,5,0.9626260995864868,1,1,1
5,Person_06,rec_1,5_rec_1,4,C:\Users\User\Downloads\26-1_Capstone-main\26-1_Capstone-main\data\ecg-id-database-1.0.0\Person_06\rec_1,rr_segment,1530,1902,1530,372,True,5,5,5,0.9634175300598145,5,0.9211453199386597,1,1,1
5,Person_06,rec_1,5_rec_1,6,C:\Users\User\Downloads\26-1_Capstone-main\26-1_Capstone-main\data\ecg-id-database-1.0.0\Person_06\rec_1,rr_segment,2440,2857,2440,417,True,5,5,5,0.9593189358711243,5,0.9344223737716675,1,1,1
5,Person_06,rec_1,5_rec_1,7,C:\Users\User\Downloads\26-1_Capstone-main\26-1_Capstone-main\data\ecg-id-database-1.0.0\Person_06\rec_1,rr_segment,2857,3249,2857,392,True,5,5,5,0.984795331954956,5,0.9858047366142273,1,1,1
5,Person_06,rec_1,5_rec_1,8,C:\Users\User\Downloads\26-1_Capstone-main\26-1_Capstone-main\data\ecg-id-database-1.0.0\Person_06\rec_1,rr_segment,3249,3628,3249,379,True,5,5,5,0.984129786491394,5,0.9701601266860962,1,1,1
5,Person_06,rec_1,5_rec_1,9,C:\Users\User\Downloads\26-1_Capstone-main\26-1_Capstone-main\data\ecg-id-database-1.0.0\Person_06\rec_1,rr_segment,3628,3987,3628,359,True,5,5,5,0.9757469892501831,5,0.9526946544647217,1,1,1
5,Person_06,rec_1,5_rec_1,10,C:\Users\User\Downloads\26-1_Capstone-main\26-1_Capstone-main\data\ecg-id-database-1.0.0\Person_06\rec_1,rr_segment,3987,4387,3987,400,True,5,5,5,0.9191314578056335,5,0.8556704521179199,1,1,1
5,Person_06,rec_1,5_rec_1,11,C:\Users\User\Downloads\26-1_Capstone-main\26-1_Capstone-main\data\ecg-id-database-1.0.0\Person_06\rec_1,rr_segment,4387,4791,4387,404,True,5,14,14,0.8535676002502441,14,0.8124210834503174,0,0,0
5,Person_06,rec_1,5_rec_1,12,C:\Users\User\Downloads\26-1_Capstone-main\26-1_Capstone-main\data\ecg-id-database-1.0.0\Person_06\rec_1,rr_segment,4791,5220,4791,429,True,5,5,5,0.9359112977981567,5,0.9254163503646851,1,1,1
5,Person_06,rec_1,5_rec_1,14,C:\Users\User\Downloads\26-1_Capstone-main\26-1_Capstone-main\data\ecg-id-database-1.0.0\Person_06\rec_1,rr_segment,5757,6138,5757,381,True,5,5,5,0.9602128267288208,5,0.9164037704467773,1,1,1
5,Person_06,rec_1,5_rec_1,15,C:\Users\User\Downloads\26-1_Capstone-main\26-1_Capstone-main\data\ecg-id-database-1.0.0\Person_06\rec_1,rr_segment,6138,6580,6138,442,True,5,8,8,0.7250927090644836,13,0.6579426527023315,0,0,0
5,Person_06,rec_1,5_rec_1,16,C:\Users\User\Downloads\26-1_Capstone-main\26-1_Capstone-main\data\ecg-id-database-1.0.0\Person_06\rec_1,rr_segment,6580,7019,6580,439,True,5,5,5,0.9135391712188721,5,0.8680543303489685,1,1,1
5,Person_06,rec_1,5_rec_1,19,C:\Users\User\Downloads\26-1_Capstone-main\26-1_Capstone-main\data\ecg-id-database-1.0.0\Person_06\rec_1,rr_segment,7380,7751,7380,371,True,5,5,5,0.7569546103477478,5,0.6773208379745483,1,1,1
5,Person_06,rec_1,5_rec_1,20,C:\Users\User\Downloads\26-1_Capstone-main\26-1_Capstone-main\data\ecg-id-database-1.0.0\Person_06\rec_1,rr_segment,7751,8129,7751,378,True,5,5,5,0.7890210747718811,5,0.7554680705070496,1,1,1
5,Person_06,rec_1,5_rec_1,21,C:\Users\User\Downloads\26-1_Capstone-main\26-1_Capstone-main\data\ecg-id-database-1.0.0\Person_06\rec_1,rr_segment,8129,8518,8129,389,True,5,5,5,0.9716105461120605,5,0.9672169089317322,1,1,1
5,Person_06,rec_1,5_rec_1,22,C:\Users\User\Downloads\26-1_Capstone-main\26-1_Capstone-main\data\ecg-id-database-1.0.0\Person_06\rec_1,rr_segment,8518,8961,8518,443,True,5,5,5,0.9370407462120056,5,0.9050809144973755,1,1,1
5,Person_06,rec_1,5_rec_1,23,C:\Users\User\Downloads\26-1_Capstone-main\26-1_Capstone-main\data\ecg-id-database-1.0.0\Person_06\rec_1,rr_segment,8961,9432,8961,471,True,5,8,5,0.6999077796936035,8,0.6051760911941528,0,1,0
5,Person_06,rec_1,5_rec_1,24,C:\Users\User\Downloads\26-1_Capstone-main\26-1_Capstone-main\data\ecg-id-database-1.0.0\Person_06\rec_1,rr_segment,9432,9824,9432,392,True,5,5,5,0.9789373874664307,5,0.9638588428497314,1,1,1
6,Person_07,rec_1,6_rec_1,1,C:\Users\User\Downloads\26-1_Capstone-main\26-1_Capstone-main\data\ecg-id-database-1.0.0\Person_07\rec_1,rr_segment,832,1297,832,465,True,6,5,8,0.7047995328903198,8,0.6404569149017334,0,0,0
6,Person_07,rec_1,6_rec_1,3,C:\Users\User\Downloads\26-1_Capstone-main\26-1_Capstone-main\data\ecg-id-database-1.0.0\Person_07\rec_1,rr_segment,1776,2243,1776,467,True,6,6,6,0.9147907495498657,6,0.8914970755577087,1,1,1
6,Person_07,rec_1,6_rec_1,4,C:\Users\User\Downloads\26-1_Capstone-main\26-1_Capstone-main\data\ecg-id-database-1.0.0\Person_07\rec_1,rr_segment,2243,2639,2243,396,True,6,6,6,0.8077795505523682,6,0.7588697671890259,1,1,1
6,Person_07,rec_1,6_rec_1,5,C:\Users\User\Downloads\26-1_Capstone-main\26-1_Capstone-main\data\ecg-id-database-1.0.0\Person_07\rec_1,rr_segment,2639,2990,2639,351,True,6,6,6,0.8155556917190552,6,0.7538003325462341,1,1,1
6,Person_07,rec_1,6_rec_1,6,C:\Users\User\Downloads\26-1_Capstone-main\26-1_Capstone-main\data\ecg-id-database-1.0.0\Person_07\rec_1,rr_segment,2990,3327,2990,337,True,6,6,6,0.8060489296913147,6,0.7636607885360718,1,1,1
6,Person_07,rec_1,6_rec_1,7,C:\Users\User\Downloads\26-1_Capstone-main\26-1_Capstone-main\data\ecg-id-database-1.0.0\Person_07\rec_1,rr_segment,3327,3644,3327,317,True,6,85,85,0.9222047328948975,85,0.8379620313644409,0,0,0
6,Person_07,rec_1,6_rec_1,8,C:\Users\User\Downloads\26-1_Capstone-main\26-1_Capstone-main\data\ecg-id-database-1.0.0\Person_07\rec_1,rr_segment,3644,3953,3644,309,True,6,85,85,0.7486772537231445,85,0.6732409000396729,0,0,0
6,Person_07,rec_1,6_rec_1,9,C:\Users\User\Downloads\26-1_Capstone-main\26-1_Capstone-main\data\ecg-id-database-1.0.0\Person_07\rec_1,rr_segment,3953,4259,3953,306,True,6,85,85,0.9404817223548889,85,0.9300228357315063,0,0,0
6,Person_07,rec_1,6_rec_1,10,C:\Users\User\Downloads\26-1_Capstone-main\26-1_Capstone-main\data\ecg-id-database-1.0.0\Person_07\rec_1,rr_segment,4259,4562,4259,303,True,6,6,6,0.8657056093215942,6,0.8109825253486633,1,1,1
6,Person_07,rec_1,6_rec_1,11,C:\Users\User\Downloads\26-1_Capstone-main\26-1_Capstone-main\data\ecg-id-database-1.0.0\Person_07\rec_1,rr_segment,4562,4874,4562,312,True,6,85,85,0.8603637218475342,85,0.810306191444397,0,0,0
6,Person_07,rec_1,6_rec_1,12,C:\Users\User\Downloads\26-1_Capstone-main\26-1_Capstone-main\data\ecg-id-database-1.0.0\Person_07\rec_1,rr_segment,4874,5224,4874,350,True,6,6,6,0.9526257514953613,6,0.9398174285888672,1,1,1
6,Person_07,rec_1,6_rec_1,13,C:\Users\User\Downloads\26-1_Capstone-main\26-1_Capstone-main\data\ecg-id-database-1.0.0\Person_07\rec_1,rr_segment,5224,5609,5224,385,True,6,6,6,0.9945322871208191,6,0.9931961894035339,1,1,1
6,Person_07,rec_1,6_rec_1,14,C:\Users\User\Downloads\26-1_Capstone-main\26-1_Capstone-main\data\ecg-id-database-1.0.0\Person_07\rec_1,rr_segment,5609,5977,5609,368,True,6,6,6,0.8150241374969482,6,0.7899037599563599,1,1,1
6,Person_07,rec_1,6_rec_1,15,C:\Users\User\Downloads\26-1_Capstone-main\26-1_Capstone-main\data\ecg-id-database-1.0.0\Person_07\rec_1,rr_segment,5977,6370,5977,393,True,6,44,8,0.6188864707946777,44,0.5572741031646729,0,0,0
6,Person_07,rec_1,6_rec_1,18,C:\Users\User\Downloads\26-1_Capstone-main\26-1_Capstone-main\data\ecg-id-database-1.0.0\Person_07\rec_1,rr_segment,6860,7325,6860,465,True,6,6,6,0.9867336750030518,6,0.9797015190124512,1,1,1
6,Person_07,rec_1,6_rec_1,19,C:\Users\User\Downloads\26-1_Capstone-main\26-1_Capstone-main\data\ecg-id-database-1.0.0\Person_07\rec_1,rr_segment,7325,7712,7325,387,True,6,6,6,0.9288767576217651,6,0.8951696157455444,1,1,1
6,Person_07,rec_1,6_rec_1,20,C:\Users\User\Downloads\26-1_Capstone-main\26-1_Capstone-main\data\ecg-id-database-1.0.0\Person_07\rec_1,rr_segment,7712,8067,7712,355,True,6,6,6,0.8999490141868591,6,0.8839276432991028,1,1,1
6,Person_07,rec_1,6_rec_1,21,C:\Users\User\Downloads\26-1_Capstone-main\26-1_Capstone-main\data\ecg-id-database-1.0.0\Person_07\rec_1,rr_segment,8067,8401,8067,334,True,6,44,0,0.8086469173431396,0,0.6147065162658691,0,0,0
6,Person_07,rec_1,6_rec_1,22,C:\Users\User\Downloads\26-1_Capstone-main\26-1_Capstone-main\data\ecg-id-database-1.0.0\Person_07\rec_1,rr_segment,8401,8729,8401,328,True,6,6,6,0.9085285663604736,6,0.8820666074752808,1,1,1
6,Person_07,rec_1,6_rec_1,23,C:\Users\User\Downloads\26-1_Capstone-main\26-1_Capstone-main\data\ecg-id-database-1.0.0\Person_07\rec_1,rr_segment,8729,9049,8729,320,True,6,6,6,0.9537288546562195,6,0.9254311919212341,1,1,1
6,Person_07,rec_1,6_rec_1,24,C:\Users\User\Downloads\26-1_Capstone-main\26-1_Capstone-main\data\ecg-id-database-1.0.0\Person_07\rec_1,rr_segment,9049,9371,9049,322,True,6,6,6,0.7889934182167053,6,0.7599226236343384,1,1,1
6,Person_07,rec_1,6_rec_1,25,C:\Users\User\Downloads\26-1_Capstone-main\26-1_Capstone-main\data\ecg-id-database-1.0.0\Person_07\rec_1,rr_segment,9371,9692,9371,321,True,6,15,15,0.7708361744880676,6,0.6978372931480408,0,0,1
7,Person_08,rec_1,7_rec_1,0,C:\Users\User\Downloads\26-1_Capstone-main\26-1_Capstone-main\data\ecg-id-database-1.0.0\Person_08\rec_1,rr_segment,165,519,165,354,True,7,7,7,0.8203531503677368,7,0.7858736515045166,1,1,1
7,Person_08,rec_1,7_rec_1,1,C:\Users\User\Downloads\26-1_Capstone-main\26-1_Capstone-main\data\ecg-id-database-1.0.0\Person_08\rec_1,rr_segment,519,863,519,344,True,7,7,7,0.9635893106460571,7,0.935486912727356,1,1,1
7,Person_08,rec_1,7_rec_1,2,C:\Users\User\Downloads\26-1_Capstone-main\26-1_Capstone-main\data\ecg-id-database-1.0.0\Person_08\rec_1,rr_segment,863,1205,863,342,True,7,7,7,0.9227780103683472,7,0.9049005508422852,1,1,1
7,Person_08,rec_1,7_rec_1,3,C:\Users\User\Downloads\26-1_Capstone-main\26-1_Capstone-main\data\ecg-id-database-1.0.0\Person_08\rec_1,rr_segment,1205,1550,1205,345,True,7,7,7,0.9469695091247559,7,0.9135156869888306,1,1,1
7,Person_08,rec_1,7_rec_1,6,C:\Users\User\Downloads\26-1_Capstone-main\26-1_Capstone-main\data\ecg-id-database-1.0.0\Person_08\rec_1,rr_segment,2262,2608,2262,346,True,7,7,7,0.9817094206809998,7,0.9255013465881348,1,1,1
7,Person_08,rec_1,7_rec_1,7,C:\Users\User\Downloads\26-1_Capstone-main\26-1_Capstone-main\data\ecg-id-database-1.0.0\Person_08\rec_1,rr_segment,2608,2952,2608,344,True,7,7,7,0.9918825626373291,7,0.9885214567184448,1,1,1
7,Person_08,rec_1,7_rec_1,8,C:\Users\User\Downloads\26-1_Capstone-main\26-1_Capstone-main\data\ecg-id-database-1.0.0\Person_08\rec_1,rr_segment,2952,3292,2952,340,True,7,7,7,0.9919028282165527,7,0.9855204224586487,1,1,1
7,Person_08,rec_1,7_rec_1,9,C:\Users\User\Downloads\26-1_Capstone-main\26-1_Capstone-main\data\ecg-id-database-1.0.0\Person_08\rec_1,rr_segment,3292,3636,3292,344,True,7,7,7,0.9856840372085571,7,0.9795452356338501,1,1,1
7,Person_08,rec_1,7_rec_1,10,C:\Users\User\Downloads\26-1_Capstone-main\26-1_Capstone-main\data\ecg-id-database-1.0.0\Person_08\rec_1,rr_segment,3636,3972,3636,336,True,7,7,7,0.9782854318618774,7,0.9687188863754272,1,1,1
7,Person_08,rec_1,7_rec_1,11,C:\Users\User\Downloads\26-1_Capstone-main\26-1_Capstone-main\data\ecg-id-database-1.0.0\Person_08\rec_1,rr_segment,3972,4305,3972,333,True,7,7,7,0.8528530597686768,7,0.798325777053833,1,1,1
7,Person_08,rec_1,7_rec_1,12,C:\Users\User\Downloads\26-1_Capstone-main\26-1_Capstone-main\data\ecg-id-database-1.0.0\Person_08\rec_1,rr_segment,4305,4638,4305,333,True,7,7,7,0.8933326601982117,7,0.819862961769104,1,1,1
7,Person_08,rec_1,7_rec_1,13,C:\Users\User\Downloads\26-1_Capstone-main\26-1_Capstone-main\data\ecg-id-database-1.0.0\Person_08\rec_1,rr_segment,4638,4979,4638,341,True,7,7,7,0.992355465888977,7,0.9902539253234863,1,1,1
7,Person_08,rec_1,7_rec_1,14,C:\Users\User\Downloads\26-1_Capstone-main\26-1_Capstone-main\data\ecg-id-database-1.0.0\Person_08\rec_1,rr_segment,4979,5322,4979,343,True,7,7,7,0.9233214855194092,7,0.8442093133926392,1,1,1
7,Person_08,rec_1,7_rec_1,15,C:\Users\User\Downloads\26-1_Capstone-main\26-1_Capstone-main\data\ecg-id-database-1.0.0\Person_08\rec_1,rr_segment,5322,5666,5322,344,True,7,7,7,0.994935154914856,7,0.9927030205726624,1,1,1
7,Person_08,rec_1,7_rec_1,16,C:\Users\User\Downloads\26-1_Capstone-main\26-1_Capstone-main\data\ecg-id-database-1.0.0\Person_08\rec_1,rr_segment,5666,6002,5666,336,True,7,7,7,0.991862416267395,7,0.9937028884887695,1,1,1
7,Person_08,rec_1,7_rec_1,18,C:\Users\User\Downloads\26-1_Capstone-main\26-1_Capstone-main\data\ecg-id-database-1.0.0\Person_08\rec_1,rr_segment,6332,6663,6332,331,True,7,7,7,0.9949890375137329,7,0.9935601949691772,1,1,1
7,Person_08,rec_1,7_rec_1,19,C:\Users\User\Downloads\26-1_Capstone-main\26-1_Capstone-main\data\ecg-id-database-1.0.0\Person_08\rec_1,rr_segment,6663,6997,6663,334,True,7,7,7,0.9860736727714539,7,0.9832108020782471,1,1,1
7,Person_08,rec_1,7_rec_1,20,C:\Users\User\Downloads\26-1_Capstone-main\26-1_Capstone-main\data\ecg-id-database-1.0.0\Person_08\rec_1,rr_segment,6997,7341,6997,344,True,7,7,7,0.9694383144378662,7,0.9412360191345215,1,1,1
7,Person_08,rec_1,7_rec_1,21,C:\Users\User\Downloads\26-1_Capstone-main\26-1_Capstone-main\data\ecg-id-database-1.0.0\Person_08\rec_1,rr_segment,7341,7675,7341,334,True,7,7,7,0.996080756187439,7,0.9946665167808533,1,1,1
7,Person_08,rec_1,7_rec_1,22,C:\Users\User\Downloads\26-1_Capstone-main\26-1_Capstone-main\data\ecg-id-database-1.0.0\Person_08\rec_1,rr_segment,7675,8009,7675,334,True,7,7,7,0.9803774952888489,7,0.9751743078231812,1,1,1
7,Person_08,rec_1,7_rec_1,23,C:\Users\User\Downloads\26-1_Capstone-main\26-1_Capstone-main\data\ecg-id-database-1.0.0\Person_08\rec_1,rr_segment,8009,8353,8009,344,True,7,7,7,0.9616906642913818,7,0.929701030254364,1,1,1
7,Person_08,rec_1,7_rec_1,24,C:\Users\User\Downloads\26-1_Capstone-main\26-1_Capstone-main\data\ecg-id-database-1.0.0\Person_08\rec_1,rr_segment,8353,8703,8353,350,True,7,7,7,0.9228254556655884,7,0.8879905939102173,1,1,1
7,Person_08,rec_1,7_rec_1,26,C:\Users\User\Downloads\26-1_Capstone-main\26-1_Capstone-main\data\ecg-id-database-1.0.0\Person_08\rec_1,rr_segment,9061,9415,9061,354,True,7,7,7,0.9427741765975952,7,0.8720970153808594,1,1,1
7,Person_08,rec_1,7_rec_1,27,C:\Users\User\Downloads\26-1_Capstone-main\26-1_Capstone-main\data\ecg-id-database-1.0.0\Person_08\rec_1,rr_segment,9415,9755,9415,340,True,7,7,7,0.9554834365844727,7,0.9367824792861938,1,1,1
8,Person_09,rec_7,8_rec_7,1,C:\Users\User\Downloads\26-1_Capstone-main\26-1_Capstone-main\data\ecg-id-database-1.0.0\Person_09\rec_7,rr_segment,639,1106,639,467,True,8,8,8,0.9920197129249573,8,0.9818838834762573,1,1,1
8,Person_09,rec_7,8_rec_7,2,C:\Users\User\Downloads\26-1_Capstone-main\26-1_Capstone-main\data\ecg-id-database-1.0.0\Person_09\rec_7,rr_segment,1106,1574,1106,468,True,8,8,8,0.9829962253570557,8,0.9562534689903259,1,1,1
8,Person_09,rec_7,8_rec_7,3,C:\Users\User\Downloads\26-1_Capstone-main\26-1_Capstone-main\data\ecg-id-database-1.0.0\Person_09\rec_7,rr_segment,1574,2061,1574,487,True,8,8,8,0.9925206899642944,8,0.9881631135940552,1,1,1
8,Person_09,rec_7,8_rec_7,4,C:\Users\User\Downloads\26-1_Capstone-main\26-1_Capstone-main\data\ecg-id-database-1.0.0\Person_09\rec_7,rr_segment,2061,2573,2061,512,True,8,8,8,0.9938003420829773,8,0.9945423007011414,1,1,1
8,Person_09,rec_7,8_rec_7,5,C:\Users\User\Downloads\26-1_Capstone-main\26-1_Capstone-main\data\ecg-id-database-1.0.0\Person_09\rec_7,rr_segment,2573,3051,2573,478,True,8,8,8,0.9933880567550659,8,0.9833840131759644,1,1,1
8,Person_09,rec_7,8_rec_7,6,C:\Users\User\Downloads\26-1_Capstone-main\26-1_Capstone-main\data\ecg-id-database-1.0.0\Person_09\rec_7,rr_segment,3051,3491,3051,440,True,8,8,8,0.9783432483673096,8,0.9766452312469482,1,1,1
8,Person_09,rec_7,8_rec_7,7,C:\Users\User\Downloads\26-1_Capstone-main\26-1_Capstone-main\data\ecg-id-database-1.0.0\Person_09\rec_7,rr_segment,3491,4024,3491,533,True,8,8,8,0.9954944849014282,8,0.9952782392501831,1,1,1
8,Person_09,rec_7,8_rec_7,8,C:\Users\User\Downloads\26-1_Capstone-main\26-1_Capstone-main\data\ecg-id-database-1.0.0\Person_09\rec_7,rr_segment,4024,4583,4024,559,True,8,8,8,0.9975001811981201,8,0.994520366191864,1,1,1
8,Person_09,rec_7,8_rec_7,9,C:\Users\User\Downloads\26-1_Capstone-main\26-1_Capstone-main\data\ecg-id-database-1.0.0\Person_09\rec_7,rr_segment,4583,5069,4583,486,True,8,8,8,0.9919662475585938,8,0.9905232191085815,1,1,1
8,Person_09,rec_7,8_rec_7,10,C:\Users\User\Downloads\26-1_Capstone-main\26-1_Capstone-main\data\ecg-id-database-1.0.0\Person_09\rec_7,rr_segment,5069,5554,5069,485,True,8,8,8,0.9932637214660645,8,0.9916510581970215,1,1,1
8,Person_09,rec_7,8_rec_7,11,C:\Users\User\Downloads\26-1_Capstone-main\26-1_Capstone-main\data\ecg-id-database-1.0.0\Person_09\rec_7,rr_segment,5554,6051,5554,497,True,8,8,8,0.9892305731773376,8,0.9823474287986755,1,1,1
8,Person_09,rec_7,8_rec_7,12,C:\Users\User\Downloads\26-1_Capstone-main\26-1_Capstone-main\data\ecg-id-database-1.0.0\Person_09\rec_7,rr_segment,6051,6572,6051,521,True,8,8,8,0.9971386194229126,8,0.9962335824966431,1,1,1
8,Person_09,rec_7,8_rec_7,13,C:\Users\User\Downloads\26-1_Capstone-main\26-1_Capstone-main\data\ecg-id-database-1.0.0\Person_09\rec_7,rr_segment,6572,7048,6572,476,True,8,8,8,0.9925618171691895,8,0.9882371425628662,1,1,1
8,Person_09,rec_7,8_rec_7,14,C:\Users\User\Downloads\26-1_Capstone-main\26-1_Capstone-main\data\ecg-id-database-1.0.0\Person_09\rec_7,rr_segment,7048,7598,7048,550,True,8,8,8,0.9896265268325806,8,0.9745322465896606,1,1,1
8,Person_09,rec_7,8_rec_7,16,C:\Users\User\Downloads\26-1_Capstone-main\26-1_Capstone-main\data\ecg-id-database-1.0.0\Person_09\rec_7,rr_segment,8198,8733,8198,535,True,8,8,8,0.9961885809898376,8,0.9916164875030518,1,1,1
8,Person_09,rec_7,8_rec_7,17,C:\Users\User\Downloads\26-1_Capstone-main\26-1_Capstone-main\data\ecg-id-database-1.0.0\Person_09\rec_7,rr_segment,8733,9234,8733,501,True,8,8,8,0.9922991394996643,8,0.9880983829498291,1,1,1
8,Person_09,rec_7,8_rec_7,18,C:\Users\User\Downloads\26-1_Capstone-main\26-1_Capstone-main\data\ecg-id-database-1.0.0\Person_09\rec_7,rr_segment,9234,9802,9234,568,True,8,8,8,0.9870441555976868,8,0.9820759892463684,1,1,1
9,Person_10,rec_2,9_rec_2,0,C:\Users\User\Downloads\26-1_Capstone-main\26-1_Capstone-main\data\ecg-id-database-1.0.0\Person_10\rec_2,rr_segment,164,545,164,381,True,9,9,9,0.968126654624939,9,0.9452720284461975,1,1,1
9,Person_10,rec_2,9_rec_2,1,C:\Users\User\Downloads\26-1_Capstone-main\26-1_Capstone-main\data\ecg-id-database-1.0.0\Person_10\rec_2,rr_segment,545,906,545,361,True,9,9,9,0.9881901144981384,9,0.9803587198257446,1,1,1
9,Person_10,rec_2,9_rec_2,2,C:\Users\User\Downloads\26-1_Capstone-main\26-1_Capstone-main\data\ecg-id-database-1.0.0\Person_10\rec_2,rr_segment,906,1283,906,377,True,9,9,9,0.9895722270011902,9,0.9882509112358093,1,1,1
9,Person_10,rec_2,9_rec_2,3,C:\Users\User\Downloads\26-1_Capstone-main\26-1_Capstone-main\data\ecg-id-database-1.0.0\Person_10\rec_2,rr_segment,1283,1646,1283,363,True,9,9,9,0.9850393533706665,9,0.9767979383468628,1,1,1
9,Person_10,rec_2,9_rec_2,4,C:\Users\User\Downloads\26-1_Capstone-main\26-1_Capstone-main\data\ecg-id-database-1.0.0\Person_10\rec_2,rr_segment,1646,2020,1646,374,True,9,9,9,0.9854216575622559,9,0.9836117625236511,1,1,1
9,Person_10,rec_2,9_rec_2,5,C:\Users\User\Downloads\26-1_Capstone-main\26-1_Capstone-main\data\ecg-id-database-1.0.0\Person_10\rec_2,rr_segment,2020,2375,2020,355,True,9,9,9,0.9861569404602051,9,0.9743380546569824,1,1,1
9,Person_10,rec_2,9_rec_2,6,C:\Users\User\Downloads\26-1_Capstone-main\26-1_Capstone-main\data\ecg-id-database-1.0.0\Person_10\rec_2,rr_segment,2375,2730,2375,355,True,9,9,1,0.9591055512428284,9,0.8882242441177368,1,0,1
9,Person_10,rec_2,9_rec_2,7,C:\Users\User\Downloads\26-1_Capstone-main\26-1_Capstone-main\data\ecg-id-database-1.0.0\Person_10\rec_2,rr_segment,2730,3108,2730,378,True,9,9,9,0.983739972114563,9,0.9901008009910583,1,1,1
9,Person_10,rec_2,9_rec_2,8,C:\Users\User\Downloads\26-1_Capstone-main\26-1_Capstone-main\data\ecg-id-database-1.0.0\Person_10\rec_2,rr_segment,3108,3471,3108,363,True,9,9,9,0.9954480528831482,9,0.9892227649688721,1,1,1
9,Person_10,rec_2,9_rec_2,9,C:\Users\User\Downloads\26-1_Capstone-main\26-1_Capstone-main\data\ecg-id-database-1.0.0\Person_10\rec_2,rr_segment,3471,3845,3471,374,True,9,9,9,0.9899442195892334,9,0.9893401265144348,1,1,1
9,Person_10,rec_2,9_rec_2,10,C:\Users\User\Downloads\26-1_Capstone-main\26-1_Capstone-main\data\ecg-id-database-1.0.0\Person_10\rec_2,rr_segment,3845,4219,3845,374,True,9,9,9,0.9898804426193237,9,0.9732370376586914,1,1,1
9,Person_10,rec_2,9_rec_2,11,C:\Users\User\Downloads\26-1_Capstone-main\26-1_Capstone-main\data\ecg-id-database-1.0.0\Person_10\rec_2,rr_segment,4219,4583,4219,364,True,9,9,9,0.9905168414115906,9,0.9904344081878662,1,1,1
9,Person_10,rec_2,9_rec_2,13,C:\Users\User\Downloads\26-1_Capstone-main\26-1_Capstone-main\data\ecg-id-database-1.0.0\Person_10\rec_2,rr_segment,4927,5292,4927,365,True,9,9,9,0.9760744571685791,9,0.9526947736740112,1,1,1
9,Person_10,rec_2,9_rec_2,14,C:\Users\User\Downloads\26-1_Capstone-main\26-1_Capstone-main\data\ecg-id-database-1.0.0\Person_10\rec_2,rr_segment,5292,5668,5292,376,True,9,9,9,0.9754313230514526,9,0.9473998546600342,1,1,1
9,Person_10,rec_2,9_rec_2,17,C:\Users\User\Downloads\26-1_Capstone-main\26-1_Capstone-main\data\ecg-id-database-1.0.0\Person_10\rec_2,rr_segment,6450,6833,6450,383,True,9,9,1,0.9558759927749634,9,0.9239704608917236,1,0,1
9,Person_10,rec_2,9_rec_2,18,C:\Users\User\Downloads\26-1_Capstone-main\26-1_Capstone-main\data\ecg-id-database-1.0.0\Person_10\rec_2,rr_segment,6833,7198,6833,365,True,9,9,9,0.9910478591918945,9,0.9908850193023682,1,1,1
9,Person_10,rec_2,9_rec_2,19,C:\Users\User\Downloads\26-1_Capstone-main\26-1_Capstone-main\data\ecg-id-database-1.0.0\Person_10\rec_2,rr_segment,7198,7552,7198,354,True,9,9,1,0.9309862852096558,9,0.8985715508460999,1,0,1
9,Person_10,rec_2,9_rec_2,21,C:\Users\User\Downloads\26-1_Capstone-main\26-1_Capstone-main\data\ecg-id-database-1.0.0\Person_10\rec_2,rr_segment,7895,8247,7895,352,True,9,9,9,0.9928613901138306,9,0.9938828945159912,1,1,1
9,Person_10,rec_2,9_rec_2,22,C:\Users\User\Downloads\26-1_Capstone-main\26-1_Capstone-main\data\ecg-id-database-1.0.0\Person_10\rec_2,rr_segment,8247,8595,8247,348,True,9,9,1,0.9608463644981384,9,0.8408529758453369,1,0,1
9,Person_10,rec_2,9_rec_2,23,C:\Users\User\Downloads\26-1_Capstone-main\26-1_Capstone-main\data\ecg-id-database-1.0.0\Person_10\rec_2,rr_segment,8595,8956,8595,361,True,9,9,9,0.9922086000442505,9,0.9875376224517822,1,1,1
9,Person_10,rec_2,9_rec_2,24,C:\Users\User\Downloads\26-1_Capstone-main\26-1_Capstone-main\data\ecg-id-database-1.0.0\Person_10\rec_2,rr_segment,8956,9319,8956,363,True,9,9,9,0.9825232028961182,9,0.9758822917938232,1,1,1
9,Person_10,rec_2,9_rec_2,25,C:\Users\User\Downloads\26-1_Capstone-main\26-1_Capstone-main\data\ecg-id-database-1.0.0\Person_10\rec_2,rr_segment,9319,9670,9319,351,True,9,9,9,0.9839539527893066,9,0.9677231907844543,1,1,1
10,Person_11,rec_3,10_rec_3,0,C:\Users\User\Downloads\26-1_Capstone-main\26-1_Capstone-main\data\ecg-id-database-1.0.0\Person_11\rec_3,rr_segment,178,599,178,421,True,10,37,37,0.870653510093689,37,0.822047233581543,0,0,0
10,Person_11,rec_3,10_rec_3,1,C:\Users\User\Downloads\26-1_Capstone-main\26-1_Capstone-main\data\ecg-id-database-1.0.0\Person_11\rec_3,rr_segment,599,1039,599,440,True,10,10,10,0.8807629346847534,10,0.8450874090194702,1,1,1
10,Person_11,rec_3,10_rec_3,2,C:\Users\User\Downloads\26-1_Capstone-main\26-1_Capstone-main\data\ecg-id-database-1.0.0\Person_11\rec_3,rr_segment,1039,1489,1039,450,True,10,72,72,0.7748730182647705,80,0.6883667707443237,0,0,0
10,Person_11,rec_3,10_rec_3,3,C:\Users\User\Downloads\26-1_Capstone-main\26-1_Capstone-main\data\ecg-id-database-1.0.0\Person_11\rec_3,rr_segment,1489,1913,1489,424,True,10,37,37,0.8506984710693359,37,0.786983072757721,0,0,0
10,Person_11,rec_3,10_rec_3,4,C:\Users\User\Downloads\26-1_Capstone-main\26-1_Capstone-main\data\ecg-id-database-1.0.0\Person_11\rec_3,rr_segment,1913,2336,1913,423,True,10,10,10,0.9507005214691162,10,0.9250495433807373,1,1,1
10,Person_11,rec_3,10_rec_3,5,C:\Users\User\Downloads\26-1_Capstone-main\26-1_Capstone-main\data\ecg-id-database-1.0.0\Person_11\rec_3,rr_segment,2336,2809,2336,473,True,10,72,72,0.7775542736053467,72,0.708700954914093,0,0,0
10,Person_11,rec_3,10_rec_3,6,C:\Users\User\Downloads\26-1_Capstone-main\26-1_Capstone-main\data\ecg-id-database-1.0.0\Person_11\rec_3,rr_segment,2809,3274,2809,465,True,10,37,37,0.8482248783111572,37,0.8058253526687622,0,0,0
10,Person_11,rec_3,10_rec_3,7,C:\Users\User\Downloads\26-1_Capstone-main\26-1_Capstone-main\data\ecg-id-database-1.0.0\Person_11\rec_3,rr_segment,3274,3713,3274,439,True,10,37,37,0.8086693286895752,37,0.7762627601623535,0,0,0
10,Person_11,rec_3,10_rec_3,8,C:\Users\User\Downloads\26-1_Capstone-main\26-1_Capstone-main\data\ecg-id-database-1.0.0\Person_11\rec_3,rr_segment,3713,4197,3713,484,True,10,72,72,0.9201828837394714,72,0.8800703883171082,0,0,0
10,Person_11,rec_3,10_rec_3,10,C:\Users\User\Downloads\26-1_Capstone-main\26-1_Capstone-main\data\ecg-id-database-1.0.0\Person_11\rec_3,rr_segment,4694,5161,4694,467,True,10,80,80,0.8582974076271057,80,0.8016223907470703,0,0,0
10,Person_11,rec_3,10_rec_3,11,C:\Users\User\Downloads\26-1_Capstone-main\26-1_Capstone-main\data\ecg-id-database-1.0.0\Person_11\rec_3,rr_segment,5161,5638,5161,477,True,10,72,72,0.8327276706695557,72,0.7568873167037964,0,0,0
10,Person_11,rec_3,10_rec_3,13,C:\Users\User\Downloads\26-1_Capstone-main\26-1_Capstone-main\data\ecg-id-database-1.0.0\Person_11\rec_3,rr_segment,6129,6592,6129,463,True,10,37,37,0.8930870890617371,37,0.8177272081375122,0,0,0
10,Person_11,rec_3,10_rec_3,14,C:\Users\User\Downloads\26-1_Capstone-main\26-1_Capstone-main\data\ecg-id-database-1.0.0\Person_11\rec_3,rr_segment,6592,7021,6592,429,True,10,72,72,0.9440256357192993,72,0.9162629246711731,0,0,0
10,Person_11,rec_3,10_rec_3,15,C:\Users\User\Downloads\26-1_Capstone-main\26-1_Capstone-main\data\ecg-id-database-1.0.0\Person_11\rec_3,rr_segment,7021,7461,7021,440,True,10,72,72,0.837877631187439,72,0.7874468564987183,0,0,0
10,Person_11,rec_3,10_rec_3,16,C:\Users\User\Downloads\26-1_Capstone-main\26-1_Capstone-main\data\ecg-id-database-1.0.0\Person_11\rec_3,rr_segment,7461,7899,7461,438,True,10,72,72,0.9475971460342407,72,0.9128404855728149,0,0,0
10,Person_11,rec_3,10_rec_3,17,C:\Users\User\Downloads\26-1_Capstone-main\26-1_Capstone-main\data\ecg-id-database-1.0.0\Person_11\rec_3,rr_segment,7899,8319,7899,420,True,10,72,72,0.906502902507782,72,0.8766776323318481,0,0,0
10,Person_11,rec_3,10_rec_3,18,C:\Users\User\Downloads\26-1_Capstone-main\26-1_Capstone-main\data\ecg-id-database-1.0.0\Person_11\rec_3,rr_segment,8319,8744,8319,425,True,10,10,10,0.820184588432312,10,0.7402422428131104,1,1,1
10,Person_11,rec_3,10_rec_3,19,C:\Users\User\Downloads\26-1_Capstone-main\26-1_Capstone-main\data\ecg-id-database-1.0.0\Person_11\rec_3,rr_segment,8744,9164,8744,420,True,10,10,10,0.9800064563751221,10,0.9331822395324707,1,1,1
10,Person_11,rec_3,10_rec_3,20,C:\Users\User\Downloads\26-1_Capstone-main\26-1_Capstone-main\data\ecg-id-database-1.0.0\Person_11\rec_3,rr_segment,9164,9577,9164,413,True,10,37,37,0.801814079284668,37,0.7634605765342712,0,0,0
11,Person_12,rec_1,11_rec_1,1,C:\Users\User\Downloads\26-1_Capstone-main\26-1_Capstone-main\data\ecg-id-database-1.0.0\Person_12\rec_1,rr_segment,557,902,557,345,True,11,11,11,0.9770786762237549,11,0.9687981605529785,1,1,1
11,Person_12,rec_1,11_rec_1,2,C:\Users\User\Downloads\26-1_Capstone-main\26-1_Capstone-main\data\ecg-id-database-1.0.0\Person_12\rec_1,rr_segment,902,1232,902,330,True,11,11,11,0.9663965702056885,11,0.9338921308517456,1,1,1
11,Person_12,rec_1,11_rec_1,4,C:\Users\User\Downloads\26-1_Capstone-main\26-1_Capstone-main\data\ecg-id-database-1.0.0\Person_12\rec_1,rr_segment,1545,1877,1545,332,True,11,11,11,0.9412301778793335,11,0.8685621023178101,1,1,1
11,Person_12,rec_1,11_rec_1,5,C:\Users\User\Downloads\26-1_Capstone-main\26-1_Capstone-main\data\ecg-id-database-1.0.0\Person_12\rec_1,rr_segment,1877,2227,1877,350,True,11,11,11,0.9754079580307007,11,0.9616615176200867,1,1,1
11,Person_12,rec_1,11_rec_1,6,C:\Users\User\Downloads\26-1_Capstone-main\26-1_Capstone-main\data\ecg-id-database-1.0.0\Person_12\rec_1,rr_segment,2227,2562,2227,335,True,11,11,11,0.8892183303833008,11,0.8350409269332886,1,1,1
11,Person_12,rec_1,11_rec_1,7,C:\Users\User\Downloads\26-1_Capstone-main\26-1_Capstone-main\data\ecg-id-database-1.0.0\Person_12\rec_1,rr_segment,2562,2912,2562,350,True,11,11,11,0.9833605289459229,11,0.9757140874862671,1,1,1
11,Person_12,rec_1,11_rec_1,8,C:\Users\User\Downloads\26-1_Capstone-main\26-1_Capstone-main\data\ecg-id-database-1.0.0\Person_12\rec_1,rr_segment,2912,3267,2912,355,True,11,11,11,0.9815094470977783,11,0.9644739031791687,1,1,1
11,Person_12,rec_1,11_rec_1,9,C:\Users\User\Downloads\26-1_Capstone-main\26-1_Capstone-main\data\ecg-id-database-1.0.0\Person_12\rec_1,rr_segment,3267,3614,3267,347,True,11,11,11,0.9955855011940002,11,0.9951368570327759,1,1,1
11,Person_12,rec_1,11_rec_1,10,C:\Users\User\Downloads\26-1_Capstone-main\26-1_Capstone-main\data\ecg-id-database-1.0.0\Person_12\rec_1,rr_segment,3614,3949,3614,335,True,11,11,11,0.9910352230072021,11,0.9824115037918091,1,1,1
11,Person_12,rec_1,11_rec_1,11,C:\Users\User\Downloads\26-1_Capstone-main\26-1_Capstone-main\data\ecg-id-database-1.0.0\Person_12\rec_1,rr_segment,3949,4292,3949,343,True,11,11,11,0.9959861040115356,11,0.9809290766716003,1,1,1
11,Person_12,rec_1,11_rec_1,12,C:\Users\User\Downloads\26-1_Capstone-main\26-1_Capstone-main\data\ecg-id-database-1.0.0\Person_12\rec_1,rr_segment,4292,4643,4292,351,True,11,11,11,0.9939976930618286,11,0.9954527616500854,1,1,1
11,Person_12,rec_1,11_rec_1,13,C:\Users\User\Downloads\26-1_Capstone-main\26-1_Capstone-main\data\ecg-id-database-1.0.0\Person_12\rec_1,rr_segment,4643,4985,4643,342,True,11,11,11,0.9928831458091736,11,0.9854216575622559,1,1,1
11,Person_12,rec_1,11_rec_1,14,C:\Users\User\Downloads\26-1_Capstone-main\26-1_Capstone-main\data\ecg-id-database-1.0.0\Person_12\rec_1,rr_segment,4985,5328,4985,343,True,11,11,11,0.9898176193237305,11,0.9710590243339539,1,1,1
11,Person_12,rec_1,11_rec_1,15,C:\Users\User\Downloads\26-1_Capstone-main\26-1_Capstone-main\data\ecg-id-database-1.0.0\Person_12\rec_1,rr_segment,5328,5677,5328,349,True,11,11,11,0.997023344039917,11,0.9963135719299316,1,1,1
11,Person_12,rec_1,11_rec_1,16,C:\Users\User\Downloads\26-1_Capstone-main\26-1_Capstone-main\data\ecg-id-database-1.0.0\Person_12\rec_1,rr_segment,5677,6030,5677,353,True,11,11,11,0.9869436025619507,11,0.976856529712677,1,1,1
11,Person_12,rec_1,11_rec_1,17,C:\Users\User\Downloads\26-1_Capstone-main\26-1_Capstone-main\data\ecg-id-database-1.0.0\Person_12\rec_1,rr_segment,6030,6370,6030,340,True,11,11,11,0.9957454800605774,11,0.9936157464981079,1,1,1
11,Person_12,rec_1,11_rec_1,18,C:\Users\User\Downloads\26-1_Capstone-main\26-1_Capstone-main\data\ecg-id-database-1.0.0\Person_12\rec_1,rr_segment,6370,6704,6370,334,True,11,11,11,0.9917380809783936,11,0.9912846684455872,1,1,1
11,Person_12,rec_1,11_rec_1,19,C:\Users\User\Downloads\26-1_Capstone-main\26-1_Capstone-main\data\ecg-id-database-1.0.0\Person_12\rec_1,rr_segment,6704,7041,6704,337,True,11,11,11,0.9955693483352661,11,0.9930003881454468,1,1,1
11,Person_12,rec_1,11_rec_1,20,C:\Users\User\Downloads\26-1_Capstone-main\26-1_Capstone-main\data\ecg-id-database-1.0.0\Person_12\rec_1,rr_segment,7041,7382,7041,341,True,11,11,11,0.9958727359771729,11,0.9967935681343079,1,1,1
11,Person_12,rec_1,11_rec_1,21,C:\Users\User\Downloads\26-1_Capstone-main\26-1_Capstone-main\data\ecg-id-database-1.0.0\Person_12\rec_1,rr_segment,7382,7726,7382,344,True,11,11,11,0.9932434558868408,11,0.9784606099128723,1,1,1
11,Person_12,rec_1,11_rec_1,22,C:\Users\User\Downloads\26-1_Capstone-main\26-1_Capstone-main\data\ecg-id-database-1.0.0\Person_12\rec_1,rr_segment,7726,8079,7726,353,True,11,11,11,0.9902924299240112,11,0.9871524572372437,1,1,1
11,Person_12,rec_1,11_rec_1,23,C:\Users\User\Downloads\26-1_Capstone-main\26-1_Capstone-main\data\ecg-id-database-1.0.0\Person_12\rec_1,rr_segment,8079,8435,8079,356,True,11,11,11,0.9941833019256592,11,0.9939873218536377,1,1,1
11,Person_12,rec_1,11_rec_1,24,C:\Users\User\Downloads\26-1_Capstone-main\26-1_Capstone-main\data\ecg-id-database-1.0.0\Person_12\rec_1,rr_segment,8435,8780,8435,345,True,11,11,11,0.9776850342750549,11,0.9436412453651428,1,1,1
11,Person_12,rec_1,11_rec_1,25,C:\Users\User\Downloads\26-1_Capstone-main\26-1_Capstone-main\data\ecg-id-database-1.0.0\Person_12\rec_1,rr_segment,8780,9124,8780,344,True,11,11,11,0.9609729051589966,11,0.9435482621192932,1,1,1
11,Person_12,rec_1,11_rec_1,26,C:\Users\User\Downloads\26-1_Capstone-main\26-1_Capstone-main\data\ecg-id-database-1.0.0\Person_12\rec_1,rr_segment,9124,9465,9124,341,True,11,7,7,0.8915319442749023,7,0.842054009437561,0,0,0
11,Person_12,rec_1,11_rec_1,27,C:\Users\User\Downloads\26-1_Capstone-main\26-1_Capstone-main\data\ecg-id-database-1.0.0\Person_12\rec_1,rr_segment,9465,9796,9465,331,True,11,11,11,0.9930129051208496,11,0.9919233322143555,1,1,1
12,Person_13,rec_1,12_rec_1,0,C:\Users\User\Downloads\26-1_Capstone-main\26-1_Capstone-main\data\ecg-id-database-1.0.0\Person_13\rec_1,rr_segment,464,970,464,506,True,12,8,8,0.9602835178375244,8,0.9485148787498474,0,0,0
12,Person_13,rec_1,12_rec_1,1,C:\Users\User\Downloads\26-1_Capstone-main\26-1_Capstone-main\data\ecg-id-database-1.0.0\Person_13\rec_1,rr_segment,970,1226,970,256,True,12,19,12,0.9095343351364136,12,0.785660982131958,0,1,1
12,Person_13,rec_1,12_rec_1,2,C:\Users\User\Downloads\26-1_Capstone-main\26-1_Capstone-main\data\ecg-id-database-1.0.0\Person_13\rec_1,rr_segment,1226,1482,1226,256,True,12,12,12,0.8784518241882324,12,0.8338911533355713,1,1,1
12,Person_13,rec_1,12_rec_1,3,C:\Users\User\Downloads\26-1_Capstone-main\26-1_Capstone-main\data\ecg-id-database-1.0.0\Person_13\rec_1,rr_segment,1482,1633,1482,151,True,12,12,12,0.9900070428848267,12,0.9659287929534912,1,1,1
12,Person_13,rec_1,12_rec_1,4,C:\Users\User\Downloads\26-1_Capstone-main\26-1_Capstone-main\data\ecg-id-database-1.0.0\Person_13\rec_1,rr_segment,1633,1889,1633,256,True,12,12,12,0.9605302810668945,12,0.8894019722938538,1,1,1
12,Person_13,rec_1,12_rec_1,5,C:\Users\User\Downloads\26-1_Capstone-main\26-1_Capstone-main\data\ecg-id-database-1.0.0\Person_13\rec_1,rr_segment,1889,2259,1889,370,True,12,12,12,0.9592759609222412,12,0.894010066986084,1,1,1
12,Person_13,rec_1,12_rec_1,6,C:\Users\User\Downloads\26-1_Capstone-main\26-1_Capstone-main\data\ecg-id-database-1.0.0\Person_13\rec_1,rr_segment,2259,2413,2259,154,True,12,12,12,0.9838130474090576,12,0.9419979453086853,1,1,1
12,Person_13,rec_1,12_rec_1,7,C:\Users\User\Downloads\26-1_Capstone-main\26-1_Capstone-main\data\ecg-id-database-1.0.0\Person_13\rec_1,rr_segment,2413,2799,2413,386,True,12,12,12,0.8086785078048706,12,0.6940826177597046,1,1,1
12,Person_13,rec_1,12_rec_1,8,C:\Users\User\Downloads\26-1_Capstone-main\26-1_Capstone-main\data\ecg-id-database-1.0.0\Person_13\rec_1,rr_segment,2799,2952,2799,153,True,12,12,12,0.9821828007698059,12,0.9305810332298279,1,1,1
12,Person_13,rec_1,12_rec_1,9,C:\Users\User\Downloads\26-1_Capstone-main\26-1_Capstone-main\data\ecg-id-database-1.0.0\Person_13\rec_1,rr_segment,2952,3347,2952,395,True,12,12,12,0.9842690229415894,12,0.9438813924789429,1,1,1
12,Person_13,rec_1,12_rec_1,10,C:\Users\User\Downloads\26-1_Capstone-main\26-1_Capstone-main\data\ecg-id-database-1.0.0\Person_13\rec_1,rr_segment,3347,3500,3347,153,True,12,12,12,0.8705998659133911,12,0.75943922996521,1,1,1
12,Person_13,rec_1,12_rec_1,11,C:\Users\User\Downloads\26-1_Capstone-main\26-1_Capstone-main\data\ecg-id-database-1.0.0\Person_13\rec_1,rr_segment,3500,3890,3500,390,True,12,5,5,0.8131595849990845,5,0.7163617610931396,0,0,0
12,Person_13,rec_1,12_rec_1,12,C:\Users\User\Downloads\26-1_Capstone-main\26-1_Capstone-main\data\ecg-id-database-1.0.0\Person_13\rec_1,rr_segment,3890,4044,3890,154,True,12,12,12,0.9741454124450684,12,0.9102188348770142,1,1,1
12,Person_13,rec_1,12_rec_1,13,C:\Users\User\Downloads\26-1_Capstone-main\26-1_Capstone-main\data\ecg-id-database-1.0.0\Person_13\rec_1,rr_segment,4044,4426,4044,382,True,12,12,12,0.9624903202056885,12,0.9251372814178467,1,1,1
12,Person_13,rec_1,12_rec_1,14,C:\Users\User\Downloads\26-1_Capstone-main\26-1_Capstone-main\data\ecg-id-database-1.0.0\Person_13\rec_1,rr_segment,4426,4770,4426,344,True,12,86,86,0.7692753076553345,86,0.6905081272125244,0,0,0
12,Person_13,rec_1,12_rec_1,15,C:\Users\User\Downloads\26-1_Capstone-main\26-1_Capstone-main\data\ecg-id-database-1.0.0\Person_13\rec_1,rr_segment,4770,5228,4770,458,True,12,8,8,0.9489580392837524,8,0.9197468757629395,0,0,0
12,Person_13,rec_1,12_rec_1,20,C:\Users\User\Downloads\26-1_Capstone-main\26-1_Capstone-main\data\ecg-id-database-1.0.0\Person_13\rec_1,rr_segment,7355,7509,7355,154,True,12,12,12,0.9855117797851562,12,0.9498887658119202,1,1,1
12,Person_13,rec_1,12_rec_1,21,C:\Users\User\Downloads\26-1_Capstone-main\26-1_Capstone-main\data\ecg-id-database-1.0.0\Person_13\rec_1,rr_segment,7509,7775,7509,266,True,12,12,12,0.9712506532669067,12,0.9071284532546997,1,1,1
12,Person_13,rec_1,12_rec_1,22,C:\Users\User\Downloads\26-1_Capstone-main\26-1_Capstone-main\data\ecg-id-database-1.0.0\Person_13\rec_1,rr_segment,7775,8137,7775,362,True,12,12,12,0.8917262554168701,12,0.8065588474273682,1,1,1
12,Person_13,rec_1,12_rec_1,23,C:\Users\User\Downloads\26-1_Capstone-main\26-1_Capstone-main\data\ecg-id-database-1.0.0\Person_13\rec_1,rr_segment,8137,8289,8137,152,True,12,12,12,0.975448727607727,12,0.9290639162063599,1,1,1
12,Person_13,rec_1,12_rec_1,24,C:\Users\User\Downloads\26-1_Capstone-main\26-1_Capstone-main\data\ecg-id-database-1.0.0\Person_13\rec_1,rr_segment,8289,8630,8289,341,True,12,5,5,0.8256332874298096,5,0.7450756430625916,0,0,0
12,Person_13,rec_1,12_rec_1,25,C:\Users\User\Downloads\26-1_Capstone-main\26-1_Capstone-main\data\ecg-id-database-1.0.0\Person_13\rec_1,rr_segment,8630,8782,8630,152,True,12,12,12,0.986538290977478,12,0.9425747394561768,1,1,1
12,Person_13,rec_1,12_rec_1,26,C:\Users\User\Downloads\26-1_Capstone-main\26-1_Capstone-main\data\ecg-id-database-1.0.0\Person_13\rec_1,rr_segment,8782,9130,8782,348,True,12,12,12,0.8269233703613281,12,0.6941779255867004,1,1,1
12,Person_13,rec_1,12_rec_1,27,C:\Users\User\Downloads\26-1_Capstone-main\26-1_Capstone-main\data\ecg-id-database-1.0.0\Person_13\rec_1,rr_segment,9130,9283,9130,153,True,12,12,12,0.9589452743530273,12,0.8735286593437195,1,1,1
12,Person_13,rec_1,12_rec_1,28,C:\Users\User\Downloads\26-1_Capstone-main\26-1_Capstone-main\data\ecg-id-database-1.0.0\Person_13\rec_1,rr_segment,9283,9652,9283,369,True,12,12,12,0.944247841835022,12,0.877711296081543,1,1,1
12,Person_13,rec_1,12_rec_1,29,C:\Users\User\Downloads\26-1_Capstone-main\26-1_Capstone-main\data\ecg-id-database-1.0.0\Person_13\rec_1,rr_segment,9652,9918,9652,266,True,12,12,12,0.8659586906433105,12,0.7743709683418274,1,1,1
13,Person_14,rec_1,13_rec_1,0,C:\Users\User\Downloads\26-1_Capstone-main\26-1_Capstone-main\data\ecg-id-database-1.0.0\Person_14\rec_1,rr_segment,496,965,496,469,True,13,13,13,0.9056273102760315,13,0.85870361328125,1,1,1
13,Person_14,rec_1,13_rec_1,1,C:\Users\User\Downloads\26-1_Capstone-main\26-1_Capstone-main\data\ecg-id-database-1.0.0\Person_14\rec_1,rr_segment,965,1427,965,462,True,13,13,13,0.9080982804298401,13,0.863934338092804,1,1,1
13,Person_14,rec_1,13_rec_1,2,C:\Users\User\Downloads\26-1_Capstone-main\26-1_Capstone-main\data\ecg-id-database-1.0.0\Person_14\rec_1,rr_segment,1427,1892,1427,465,True,13,13,13,0.8663605451583862,13,0.8067828416824341,1,1,1
13,Person_14,rec_1,13_rec_1,3,C:\Users\User\Downloads\26-1_Capstone-main\26-1_Capstone-main\data\ecg-id-database-1.0.0\Person_14\rec_1,rr_segment,1892,2332,1892,440,True,13,13,13,0.8451918363571167,13,0.8059558868408203,1,1,1
13,Person_14,rec_1,13_rec_1,5,C:\Users\User\Downloads\26-1_Capstone-main\26-1_Capstone-main\data\ecg-id-database-1.0.0\Person_14\rec_1,rr_segment,2729,3192,2729,463,True,13,13,13,0.930290699005127,13,0.8960686922073364,1,1,1
13,Person_14,rec_1,13_rec_1,6,C:\Users\User\Downloads\26-1_Capstone-main\26-1_Capstone-main\data\ecg-id-database-1.0.0\Person_14\rec_1,rr_segment,3192,3668,3192,476,True,13,13,13,0.8989570140838623,13,0.8553052544593811,1,1,1
13,Person_14,rec_1,13_rec_1,7,C:\Users\User\Downloads\26-1_Capstone-main\26-1_Capstone-main\data\ecg-id-database-1.0.0\Person_14\rec_1,rr_segment,3668,4112,3668,444,True,13,5,5,0.8235862255096436,5,0.7948906421661377,0,0,0
13,Person_14,rec_1,13_rec_1,8,C:\Users\User\Downloads\26-1_Capstone-main\26-1_Capstone-main\data\ecg-id-database-1.0.0\Person_14\rec_1,rr_segment,4112,4633,4112,521,True,13,8,13,0.7005890607833862,13,0.6179214715957642,0,1,1
13,Person_14,rec_1,13_rec_1,10,C:\Users\User\Downloads\26-1_Capstone-main\26-1_Capstone-main\data\ecg-id-database-1.0.0\Person_14\rec_1,rr_segment,5170,5676,5170,506,True,13,13,13,0.8910205364227295,13,0.8303550481796265,1,1,1
13,Person_14,rec_1,13_rec_1,11,C:\Users\User\Downloads\26-1_Capstone-main\26-1_Capstone-main\data\ecg-id-database-1.0.0\Person_14\rec_1,rr_segment,5676,6186,5676,510,True,13,13,13,0.8770356178283691,13,0.8429362773895264,1,1,1
13,Person_14,rec_1,13_rec_1,12,C:\Users\User\Downloads\26-1_Capstone-main\26-1_Capstone-main\data\ecg-id-database-1.0.0\Person_14\rec_1,rr_segment,6186,6656,6186,470,True,13,13,13,0.9900194406509399,13,0.9844300150871277,1,1,1
13,Person_14,rec_1,13_rec_1,13,C:\Users\User\Downloads\26-1_Capstone-main\26-1_Capstone-main\data\ecg-id-database-1.0.0\Person_14\rec_1,rr_segment,6656,7165,6656,509,True,13,8,8,0.8643471002578735,8,0.8010221719741821,0,0,0
13,Person_14,rec_1,13_rec_1,14,C:\Users\User\Downloads\26-1_Capstone-main\26-1_Capstone-main\data\ecg-id-database-1.0.0\Person_14\rec_1,rr_segment,7165,7674,7165,509,True,13,8,8,0.8921366930007935,8,0.8378386497497559,0,0,0
13,Person_14,rec_1,13_rec_1,16,C:\Users\User\Downloads\26-1_Capstone-main\26-1_Capstone-main\data\ecg-id-database-1.0.0\Person_14\rec_1,rr_segment,8041,8494,8041,453,True,13,13,13,0.942019522190094,13,0.9279724359512329,1,1,1
13,Person_14,rec_1,13_rec_1,17,C:\Users\User\Downloads\26-1_Capstone-main\26-1_Capstone-main\data\ecg-id-database-1.0.0\Person_14\rec_1,rr_segment,8494,8980,8494,486,True,13,13,13,0.9820314645767212,13,0.9672262668609619,1,1,1
13,Person_14,rec_1,13_rec_1,18,C:\Users\User\Downloads\26-1_Capstone-main\26-1_Capstone-main\data\ecg-id-database-1.0.0\Person_14\rec_1,rr_segment,8980,9489,8980,509,True,13,13,13,0.8779142498970032,13,0.8177728652954102,1,1,1
13,Person_14,rec_1,13_rec_1,19,C:\Users\User\Downloads\26-1_Capstone-main\26-1_Capstone-main\data\ecg-id-database-1.0.0\Person_14\rec_1,rr_segment,9489,9941,9489,452,True,13,13,13,0.9923517107963562,13,0.9925107955932617,1,1,1
14,Person_15,rec_1,14_rec_1,1,C:\Users\User\Downloads\26-1_Capstone-main\26-1_Capstone-main\data\ecg-id-database-1.0.0\Person_15\rec_1,rr_segment,1396,1802,1396,406,True,14,14,14,0.9474280476570129,14,0.915441632270813,1,1,1
14,Person_15,rec_1,14_rec_1,2,C:\Users\User\Downloads\26-1_Capstone-main\26-1_Capstone-main\data\ecg-id-database-1.0.0\Person_15\rec_1,rr_segment,1802,2223,1802,421,True,14,14,14,0.9101192951202393,14,0.8538571000099182,1,1,1
14,Person_15,rec_1,14_rec_1,3,C:\Users\User\Downloads\26-1_Capstone-main\26-1_Capstone-main\data\ecg-id-database-1.0.0\Person_15\rec_1,rr_segment,2223,2613,2223,390,True,14,14,14,0.9801992177963257,14,0.9757975339889526,1,1,1
14,Person_15,rec_1,14_rec_1,4,C:\Users\User\Downloads\26-1_Capstone-main\26-1_Capstone-main\data\ecg-id-database-1.0.0\Person_15\rec_1,rr_segment,2613,2980,2613,367,True,14,14,14,0.9638819694519043,14,0.9422462582588196,1,1,1
14,Person_15,rec_1,14_rec_1,5,C:\Users\User\Downloads\26-1_Capstone-main\26-1_Capstone-main\data\ecg-id-database-1.0.0\Person_15\rec_1,rr_segment,2980,3401,2980,421,True,14,14,14,0.9399797916412354,14,0.9211275577545166,1,1,1
14,Person_15,rec_1,14_rec_1,6,C:\Users\User\Downloads\26-1_Capstone-main\26-1_Capstone-main\data\ecg-id-database-1.0.0\Person_15\rec_1,rr_segment,3401,3808,3401,407,True,14,14,14,0.972194492816925,14,0.9493733048439026,1,1,1
14,Person_15,rec_1,14_rec_1,7,C:\Users\User\Downloads\26-1_Capstone-main\26-1_Capstone-main\data\ecg-id-database-1.0.0\Person_15\rec_1,rr_segment,3808,4197,3808,389,True,14,14,14,0.9865821599960327,14,0.9867361783981323,1,1,1
14,Person_15,rec_1,14_rec_1,8,C:\Users\User\Downloads\26-1_Capstone-main\26-1_Capstone-main\data\ecg-id-database-1.0.0\Person_15\rec_1,rr_segment,4197,4597,4197,400,True,14,14,14,0.9896627068519592,14,0.9806784987449646,1,1,1
14,Person_15,rec_1,14_rec_1,9,C:\Users\User\Downloads\26-1_Capstone-main\26-1_Capstone-main\data\ecg-id-database-1.0.0\Person_15\rec_1,rr_segment,4597,5014,4597,417,True,14,14,14,0.9175985455513,14,0.8726698756217957,1,1,1
14,Person_15,rec_1,14_rec_1,10,C:\Users\User\Downloads\26-1_Capstone-main\26-1_Capstone-main\data\ecg-id-database-1.0.0\Person_15\rec_1,rr_segment,5014,5427,5014,413,True,14,14,14,0.9845114946365356,14,0.9748085737228394,1,1,1
14,Person_15,rec_1,14_rec_1,11,C:\Users\User\Downloads\26-1_Capstone-main\26-1_Capstone-main\data\ecg-id-database-1.0.0\Person_15\rec_1,rr_segment,5427,5845,5427,418,True,14,14,14,0.9273678064346313,14,0.8971132636070251,1,1,1
14,Person_15,rec_1,14_rec_1,12,C:\Users\User\Downloads\26-1_Capstone-main\26-1_Capstone-main\data\ecg-id-database-1.0.0\Person_15\rec_1,rr_segment,5845,6268,5845,423,True,14,14,14,0.9827757477760315,14,0.9727499485015869,1,1,1
14,Person_15,rec_1,14_rec_1,14,C:\Users\User\Downloads\26-1_Capstone-main\26-1_Capstone-main\data\ecg-id-database-1.0.0\Person_15\rec_1,rr_segment,6731,7158,6731,427,True,14,14,14,0.9736958742141724,14,0.9515838623046875,1,1,1
14,Person_15,rec_1,14_rec_1,15,C:\Users\User\Downloads\26-1_Capstone-main\26-1_Capstone-main\data\ecg-id-database-1.0.0\Person_15\rec_1,rr_segment,7158,7577,7158,419,True,14,14,14,0.9379851818084717,14,0.918590247631073,1,1,1
14,Person_15,rec_1,14_rec_1,16,C:\Users\User\Downloads\26-1_Capstone-main\26-1_Capstone-main\data\ecg-id-database-1.0.0\Person_15\rec_1,rr_segment,7577,8017,7577,440,True,14,73,73,0.8090171813964844,73,0.7799731492996216,0,0,0
14,Person_15,rec_1,14_rec_1,17,C:\Users\User\Downloads\26-1_Capstone-main\26-1_Capstone-main\data\ecg-id-database-1.0.0\Person_15\rec_1,rr_segment,8017,8416,8017,399,True,14,14,14,0.9800834655761719,14,0.9519518613815308,1,1,1
14,Person_15,rec_1,14_rec_1,18,C:\Users\User\Downloads\26-1_Capstone-main\26-1_Capstone-main\data\ecg-id-database-1.0.0\Person_15\rec_1,rr_segment,8416,8805,8416,389,True,14,14,14,0.9928357601165771,14,0.9952682256698608,1,1,1
14,Person_15,rec_1,14_rec_1,19,C:\Users\User\Downloads\26-1_Capstone-main\26-1_Capstone-main\data\ecg-id-database-1.0.0\Person_15\rec_1,rr_segment,8805,9197,8805,392,True,14,14,14,0.9840182065963745,14,0.9753855466842651,1,1,1
14,Person_15,rec_1,14_rec_1,20,C:\Users\User\Downloads\26-1_Capstone-main\26-1_Capstone-main\data\ecg-id-database-1.0.0\Person_15\rec_1,rr_segment,9197,9605,9197,408,True,14,14,14,0.940908670425415,14,0.9314075708389282,1,1,1
15,Person_16,rec_1,15_rec_1,0,C:\Users\User\Downloads\26-1_Capstone-main\26-1_Capstone-main\data\ecg-id-database-1.0.0\Person_16\rec_1,rr_segment,189,532,189,343,True,15,15,15,0.9914312362670898,15,0.9907037019729614,1,1,1
15,Person_16,rec_1,15_rec_1,1,C:\Users\User\Downloads\26-1_Capstone-main\26-1_Capstone-main\data\ecg-id-database-1.0.0\Person_16\rec_1,rr_segment,532,877,532,345,True,15,15,15,0.9810054302215576,15,0.9699851274490356,1,1,1
15,Person_16,rec_1,15_rec_1,2,C:\Users\User\Downloads\26-1_Capstone-main\26-1_Capstone-main\data\ecg-id-database-1.0.0\Person_16\rec_1,rr_segment,877,1211,877,334,True,15,15,15,0.9861740469932556,15,0.9790007472038269,1,1,1
15,Person_16,rec_1,15_rec_1,3,C:\Users\User\Downloads\26-1_Capstone-main\26-1_Capstone-main\data\ecg-id-database-1.0.0\Person_16\rec_1,rr_segment,1211,1535,1211,324,True,15,15,15,0.9839792251586914,15,0.9695428013801575,1,1,1
15,Person_16,rec_1,15_rec_1,4,C:\Users\User\Downloads\26-1_Capstone-main\26-1_Capstone-main\data\ecg-id-database-1.0.0\Person_16\rec_1,rr_segment,1535,1854,1535,319,True,15,15,15,0.8796499371528625,15,0.824539840221405,1,1,1
15,Person_16,rec_1,15_rec_1,5,C:\Users\User\Downloads\26-1_Capstone-main\26-1_Capstone-main\data\ecg-id-database-1.0.0\Person_16\rec_1,rr_segment,1854,2169,1854,315,True,15,15,15,0.9874737858772278,15,0.9796392917633057,1,1,1
15,Person_16,rec_1,15_rec_1,8,C:\Users\User\Downloads\26-1_Capstone-main\26-1_Capstone-main\data\ecg-id-database-1.0.0\Person_16\rec_1,rr_segment,2773,3097,2773,324,True,15,15,15,0.9810044169425964,15,0.9686065912246704,1,1,1
15,Person_16,rec_1,15_rec_1,9,C:\Users\User\Downloads\26-1_Capstone-main\26-1_Capstone-main\data\ecg-id-database-1.0.0\Person_16\rec_1,rr_segment,3097,3455,3097,358,True,15,15,15,0.9615926742553711,15,0.9411684274673462,1,1,1
15,Person_16,rec_1,15_rec_1,10,C:\Users\User\Downloads\26-1_Capstone-main\26-1_Capstone-main\data\ecg-id-database-1.0.0\Person_16\rec_1,rr_segment,3455,3823,3455,368,True,15,15,15,0.8995475769042969,15,0.7772558927536011,1,1,1
15,Person_16,rec_1,15_rec_1,11,C:\Users\User\Downloads\26-1_Capstone-main\26-1_Capstone-main\data\ecg-id-database-1.0.0\Person_16\rec_1,rr_segment,3823,4162,3823,339,True,15,15,15,0.9853899478912354,15,0.9775914549827576,1,1,1
15,Person_16,rec_1,15_rec_1,12,C:\Users\User\Downloads\26-1_Capstone-main\26-1_Capstone-main\data\ecg-id-database-1.0.0\Person_16\rec_1,rr_segment,4162,4522,4162,360,True,15,0,0,0.9533434510231018,0,0.9330356121063232,0,0,0
15,Person_16,rec_1,15_rec_1,13,C:\Users\User\Downloads\26-1_Capstone-main\26-1_Capstone-main\data\ecg-id-database-1.0.0\Person_16\rec_1,rr_segment,4522,4892,4522,370,True,15,15,15,0.989668071269989,15,0.9701778292655945,1,1,1
15,Person_16,rec_1,15_rec_1,14,C:\Users\User\Downloads\26-1_Capstone-main\26-1_Capstone-main\data\ecg-id-database-1.0.0\Person_16\rec_1,rr_segment,4892,5234,4892,342,True,15,15,15,0.9870818853378296,15,0.971398115158081,1,1,1
15,Person_16,rec_1,15_rec_1,15,C:\Users\User\Downloads\26-1_Capstone-main\26-1_Capstone-main\data\ecg-id-database-1.0.0\Person_16\rec_1,rr_segment,5234,5595,5234,361,True,15,0,0,0.9450263977050781,0,0.9257842302322388,0,0,0
15,Person_16,rec_1,15_rec_1,16,C:\Users\User\Downloads\26-1_Capstone-main\26-1_Capstone-main\data\ecg-id-database-1.0.0\Person_16\rec_1,rr_segment,5595,5953,5595,358,True,15,15,15,0.9753811955451965,15,0.974459171295166,1,1,1
15,Person_16,rec_1,15_rec_1,17,C:\Users\User\Downloads\26-1_Capstone-main\26-1_Capstone-main\data\ecg-id-database-1.0.0\Person_16\rec_1,rr_segment,5953,6307,5953,354,True,15,15,15,0.9856892228126526,15,0.9622613191604614,1,1,1
15,Person_16,rec_1,15_rec_1,18,C:\Users\User\Downloads\26-1_Capstone-main\26-1_Capstone-main\data\ecg-id-database-1.0.0\Person_16\rec_1,rr_segment,6307,6663,6307,356,True,15,15,15,0.9786696434020996,15,0.9597566723823547,1,1,1
15,Person_16,rec_1,15_rec_1,19,C:\Users\User\Downloads\26-1_Capstone-main\26-1_Capstone-main\data\ecg-id-database-1.0.0\Person_16\rec_1,rr_segment,6663,7010,6663,347,True,15,15,15,0.9246194362640381,15,0.8450570106506348,1,1,1
15,Person_16,rec_1,15_rec_1,20,C:\Users\User\Downloads\26-1_Capstone-main\26-1_Capstone-main\data\ecg-id-database-1.0.0\Person_16\rec_1,rr_segment,7010,7326,7010,316,True,15,15,15,0.980170488357544,15,0.9808667898178101,1,1,1
15,Person_16,rec_1,15_rec_1,21,C:\Users\User\Downloads\26-1_Capstone-main\26-1_Capstone-main\data\ecg-id-database-1.0.0\Person_16\rec_1,rr_segment,7326,7655,7326,329,True,15,15,15,0.9017757177352905,15,0.8258926272392273,1,1,1
15,Person_16,rec_1,15_rec_1,22,C:\Users\User\Downloads\26-1_Capstone-main\26-1_Capstone-main\data\ecg-id-database-1.0.0\Person_16\rec_1,rr_segment,7655,7997,7655,342,True,15,15,15,0.9665165543556213,15,0.9656208753585815,1,1,1
15,Person_16,rec_1,15_rec_1,23,C:\Users\User\Downloads\26-1_Capstone-main\26-1_Capstone-main\data\ecg-id-database-1.0.0\Person_16\rec_1,rr_segment,7997,8360,7997,363,True,15,15,15,0.9733949899673462,15,0.9624454379081726,1,1,1
15,Person_16,rec_1,15_rec_1,24,C:\Users\User\Downloads\26-1_Capstone-main\26-1_Capstone-main\data\ecg-id-database-1.0.0\Person_16\rec_1,rr_segment,8360,8692,8360,332,True,15,15,15,0.9179109334945679,15,0.8805846571922302,1,1,1
15,Person_16,rec_1,15_rec_1,25,C:\Users\User\Downloads\26-1_Capstone-main\26-1_Capstone-main\data\ecg-id-database-1.0.0\Person_16\rec_1,rr_segment,8692,9051,8692,359,True,15,15,15,0.9004858732223511,15,0.797070324420929,1,1,1
15,Person_16,rec_1,15_rec_1,27,C:\Users\User\Downloads\26-1_Capstone-main\26-1_Capstone-main\data\ecg-id-database-1.0.0\Person_16\rec_1,rr_segment,9424,9780,9424,356,True,15,15,15,0.9667297601699829,15,0.9559972882270813,1,1,1
16,Person_17,rec_1,16_rec_1,0,C:\Users\User\Downloads\26-1_Capstone-main\26-1_Capstone-main\data\ecg-id-database-1.0.0\Person_17\rec_1,rr_segment,388,760,388,372,True,16,16,16,0.7905917167663574,16,0.7413491606712341,1,1,1
16,Person_17,rec_1,16_rec_1,1,C:\Users\User\Downloads\26-1_Capstone-main\26-1_Capstone-main\data\ecg-id-database-1.0.0\Person_17\rec_1,rr_segment,760,1140,760,380,True,16,16,16,0.9541404247283936,16,0.9166581630706787,1,1,1
16,Person_17,rec_1,16_rec_1,2,C:\Users\User\Downloads\26-1_Capstone-main\26-1_Capstone-main\data\ecg-id-database-1.0.0\Person_17\rec_1,rr_segment,1140,1603,1140,463,True,16,16,16,0.8702463507652283,16,0.8225651383399963,1,1,1
16,Person_17,rec_1,16_rec_1,4,C:\Users\User\Downloads\26-1_Capstone-main\26-1_Capstone-main\data\ecg-id-database-1.0.0\Person_17\rec_1,rr_segment,2104,2565,2104,461,True,16,16,16,0.9772030711174011,16,0.9600404500961304,1,1,1
16,Person_17,rec_1,16_rec_1,5,C:\Users\User\Downloads\26-1_Capstone-main\26-1_Capstone-main\data\ecg-id-database-1.0.0\Person_17\rec_1,rr_segment,2565,3036,2565,471,True,16,16,16,0.9886239767074585,16,0.9813172817230225,1,1,1
16,Person_17,rec_1,16_rec_1,6,C:\Users\User\Downloads\26-1_Capstone-main\26-1_Capstone-main\data\ecg-id-database-1.0.0\Person_17\rec_1,rr_segment,3036,3498,3036,462,True,16,16,16,0.876584529876709,16,0.8301498889923096,1,1,1
16,Person_17,rec_1,16_rec_1,7,C:\Users\User\Downloads\26-1_Capstone-main\26-1_Capstone-main\data\ecg-id-database-1.0.0\Person_17\rec_1,rr_segment,3498,3925,3498,427,True,16,16,16,0.9795541763305664,16,0.9718798995018005,1,1,1
16,Person_17,rec_1,16_rec_1,8,C:\Users\User\Downloads\26-1_Capstone-main\26-1_Capstone-main\data\ecg-id-database-1.0.0\Person_17\rec_1,rr_segment,3925,4304,3925,379,True,16,16,16,0.9216171503067017,16,0.848846435546875,1,1,1
16,Person_17,rec_1,16_rec_1,9,C:\Users\User\Downloads\26-1_Capstone-main\26-1_Capstone-main\data\ecg-id-database-1.0.0\Person_17\rec_1,rr_segment,4304,4699,4304,395,True,16,16,16,0.9545407891273499,16,0.924321174621582,1,1,1
16,Person_17,rec_1,16_rec_1,10,C:\Users\User\Downloads\26-1_Capstone-main\26-1_Capstone-main\data\ecg-id-database-1.0.0\Person_17\rec_1,rr_segment,4699,5143,4699,444,True,16,16,16,0.9861090183258057,16,0.9874922633171082,1,1,1
16,Person_17,rec_1,16_rec_1,11,C:\Users\User\Downloads\26-1_Capstone-main\26-1_Capstone-main\data\ecg-id-database-1.0.0\Person_17\rec_1,rr_segment,5143,5617,5143,474,True,16,16,16,0.9532560706138611,16,0.9142909049987793,1,1,1
16,Person_17,rec_1,16_rec_1,12,C:\Users\User\Downloads\26-1_Capstone-main\26-1_Capstone-main\data\ecg-id-database-1.0.0\Person_17\rec_1,rr_segment,5617,6050,5617,433,True,16,16,16,0.9866763949394226,16,0.9816178679466248,1,1,1
16,Person_17,rec_1,16_rec_1,13,C:\Users\User\Downloads\26-1_Capstone-main\26-1_Capstone-main\data\ecg-id-database-1.0.0\Person_17\rec_1,rr_segment,6050,6516,6050,466,True,16,16,16,0.9764845371246338,16,0.9775776863098145,1,1,1
16,Person_17,rec_1,16_rec_1,14,C:\Users\User\Downloads\26-1_Capstone-main\26-1_Capstone-main\data\ecg-id-database-1.0.0\Person_17\rec_1,rr_segment,6516,6994,6516,478,True,16,0,0,0.953251838684082,0,0.9383788108825684,0,0,0
16,Person_17,rec_1,16_rec_1,15,C:\Users\User\Downloads\26-1_Capstone-main\26-1_Capstone-main\data\ecg-id-database-1.0.0\Person_17\rec_1,rr_segment,6994,7420,6994,426,True,16,16,16,0.9733631610870361,16,0.966056227684021,1,1,1
16,Person_17,rec_1,16_rec_1,16,C:\Users\User\Downloads\26-1_Capstone-main\26-1_Capstone-main\data\ecg-id-database-1.0.0\Person_17\rec_1,rr_segment,7420,7811,7420,391,True,16,16,16,0.8184915781021118,16,0.7696195244789124,1,1,1
16,Person_17,rec_1,16_rec_1,17,C:\Users\User\Downloads\26-1_Capstone-main\26-1_Capstone-main\data\ecg-id-database-1.0.0\Person_17\rec_1,rr_segment,7811,8197,7811,386,True,16,16,16,0.8175386190414429,16,0.7982972860336304,1,1,1
16,Person_17,rec_1,16_rec_1,19,C:\Users\User\Downloads\26-1_Capstone-main\26-1_Capstone-main\data\ecg-id-database-1.0.0\Person_17\rec_1,rr_segment,8559,8946,8559,387,True,16,16,16,0.8834325075149536,16,0.8384771347045898,1,1,1
16,Person_17,rec_1,16_rec_1,20,C:\Users\User\Downloads\26-1_Capstone-main\26-1_Capstone-main\data\ecg-id-database-1.0.0\Person_17\rec_1,rr_segment,8946,9373,8946,427,True,16,16,16,0.9827779531478882,16,0.9744446277618408,1,1,1
16,Person_17,rec_1,16_rec_1,21,C:\Users\User\Downloads\26-1_Capstone-main\26-1_Capstone-main\data\ecg-id-database-1.0.0\Person_17\rec_1,rr_segment,9373,9773,9373,400,True,16,16,16,0.9612457156181335,16,0.9394347071647644,1,1,1
17,Person_18,rec_1,17_rec_1,0,C:\Users\User\Downloads\26-1_Capstone-main\26-1_Capstone-main\data\ecg-id-database-1.0.0\Person_18\rec_1,rr_segment,498,965,498,467,True,17,17,17,0.8768489360809326,17,0.8278501033782959,1,1,1
17,Person_18,rec_1,17_rec_1,1,C:\Users\User\Downloads\26-1_Capstone-main\26-1_Capstone-main\data\ecg-id-database-1.0.0\Person_18\rec_1,rr_segment,965,1372,965,407,True,17,17,0,0.8697829842567444,17,0.7907898426055908,1,0,1
17,Person_18,rec_1,17_rec_1,2,C:\Users\User\Downloads\26-1_Capstone-main\26-1_Capstone-main\data\ecg-id-database-1.0.0\Person_18\rec_1,rr_segment,1372,1780,1372,408,True,17,6,3,0.8618624210357666,6,0.8008254766464233,0,0,0
17,Person_18,rec_1,17_rec_1,3,C:\Users\User\Downloads\26-1_Capstone-main\26-1_Capstone-main\data\ecg-id-database-1.0.0\Person_18\rec_1,rr_segment,1780,2259,1780,479,True,17,17,17,0.972827672958374,17,0.9532501697540283,1,1,1
17,Person_18,rec_1,17_rec_1,6,C:\Users\User\Downloads\26-1_Capstone-main\26-1_Capstone-main\data\ecg-id-database-1.0.0\Person_18\rec_1,rr_segment,3275,3735,3275,460,True,17,17,17,0.9768052697181702,17,0.9745312929153442,1,1,1
17,Person_18,rec_1,17_rec_1,7,C:\Users\User\Downloads\26-1_Capstone-main\26-1_Capstone-main\data\ecg-id-database-1.0.0\Person_18\rec_1,rr_segment,3735,4177,3735,442,True,17,17,17,0.9711971282958984,17,0.938493013381958,1,1,1
17,Person_18,rec_1,17_rec_1,8,C:\Users\User\Downloads\26-1_Capstone-main\26-1_Capstone-main\data\ecg-id-database-1.0.0\Person_18\rec_1,rr_segment,4177,4606,4177,429,True,17,17,17,0.981304407119751,17,0.9779710173606873,1,1,1
17,Person_18,rec_1,17_rec_1,9,C:\Users\User\Downloads\26-1_Capstone-main\26-1_Capstone-main\data\ecg-id-database-1.0.0\Person_18\rec_1,rr_segment,4606,5007,4606,401,True,17,17,17,0.9196343421936035,17,0.8936258554458618,1,1,1
17,Person_18,rec_1,17_rec_1,10,C:\Users\User\Downloads\26-1_Capstone-main\26-1_Capstone-main\data\ecg-id-database-1.0.0\Person_18\rec_1,rr_segment,5007,5442,5007,435,True,17,17,17,0.9190307259559631,17,0.8758435249328613,1,1,1
17,Person_18,rec_1,17_rec_1,11,C:\Users\User\Downloads\26-1_Capstone-main\26-1_Capstone-main\data\ecg-id-database-1.0.0\Person_18\rec_1,rr_segment,5442,5898,5442,456,True,17,17,17,0.9849385023117065,17,0.985853910446167,1,1,1
17,Person_18,rec_1,17_rec_1,12,C:\Users\User\Downloads\26-1_Capstone-main\26-1_Capstone-main\data\ecg-id-database-1.0.0\Person_18\rec_1,rr_segment,5898,6341,5898,443,True,17,17,17,0.9731537699699402,17,0.9763985872268677,1,1,1
17,Person_18,rec_1,17_rec_1,13,C:\Users\User\Downloads\26-1_Capstone-main\26-1_Capstone-main\data\ecg-id-database-1.0.0\Person_18\rec_1,rr_segment,6341,6754,6341,413,True,17,17,17,0.9905798435211182,17,0.9798561930656433,1,1,1
17,Person_18,rec_1,17_rec_1,14,C:\Users\User\Downloads\26-1_Capstone-main\26-1_Capstone-main\data\ecg-id-database-1.0.0\Person_18\rec_1,rr_segment,6754,7160,6754,406,True,17,17,17,0.9851177930831909,17,0.9847538471221924,1,1,1
17,Person_18,rec_1,17_rec_1,15,C:\Users\User\Downloads\26-1_Capstone-main\26-1_Capstone-main\data\ecg-id-database-1.0.0\Person_18\rec_1,rr_segment,7160,7586,7160,426,True,17,17,17,0.9845512509346008,17,0.9619839787483215,1,1,1
17,Person_18,rec_1,17_rec_1,16,C:\Users\User\Downloads\26-1_Capstone-main\26-1_Capstone-main\data\ecg-id-database-1.0.0\Person_18\rec_1,rr_segment,7586,7991,7586,405,True,17,17,17,0.9239198565483093,17,0.9032522439956665,1,1,1
17,Person_18,rec_1,17_rec_1,17,C:\Users\User\Downloads\26-1_Capstone-main\26-1_Capstone-main\data\ecg-id-database-1.0.0\Person_18\rec_1,rr_segment,7991,8404,7991,413,True,17,17,17,0.8652057647705078,17,0.7996989488601685,1,1,1
17,Person_18,rec_1,17_rec_1,18,C:\Users\User\Downloads\26-1_Capstone-main\26-1_Capstone-main\data\ecg-id-database-1.0.0\Person_18\rec_1,rr_segment,8404,8854,8404,450,True,17,17,17,0.936229407787323,17,0.8874484300613403,1,1,1
17,Person_18,rec_1,17_rec_1,19,C:\Users\User\Downloads\26-1_Capstone-main\26-1_Capstone-main\data\ecg-id-database-1.0.0\Person_18\rec_1,rr_segment,8854,9268,8854,414,True,17,17,17,0.9812514185905457,17,0.983757734298706,1,1,1
18,Person_19,rec_2,18_rec_2,0,C:\Users\User\Downloads\26-1_Capstone-main\26-1_Capstone-main\data\ecg-id-database-1.0.0\Person_19\rec_2,rr_segment,369,716,369,347,True,18,18,18,0.9576607942581177,18,0.8988355994224548,1,1,1
18,Person_19,rec_2,18_rec_2,1,C:\Users\User\Downloads\26-1_Capstone-main\26-1_Capstone-main\data\ecg-id-database-1.0.0\Person_19\rec_2,rr_segment,716,1047,716,331,True,18,18,18,0.8962377309799194,18,0.8147599101066589,1,1,1
18,Person_19,rec_2,18_rec_2,2,C:\Users\User\Downloads\26-1_Capstone-main\26-1_Capstone-main\data\ecg-id-database-1.0.0\Person_19\rec_2,rr_segment,1047,1376,1047,329,True,18,18,18,0.9292974472045898,18,0.8853665590286255,1,1,1
18,Person_19,rec_2,18_rec_2,4,C:\Users\User\Downloads\26-1_Capstone-main\26-1_Capstone-main\data\ecg-id-database-1.0.0\Person_19\rec_2,rr_segment,1683,1996,1683,313,True,18,18,18,0.9235687851905823,18,0.8754438161849976,1,1,1
18,Person_19,rec_2,18_rec_2,5,C:\Users\User\Downloads\26-1_Capstone-main\26-1_Capstone-main\data\ecg-id-database-1.0.0\Person_19\rec_2,rr_segment,1996,2306,1996,310,True,18,18,18,0.9070723056793213,18,0.8539217710494995,1,1,1
18,Person_19,rec_2,18_rec_2,6,C:\Users\User\Downloads\26-1_Capstone-main\26-1_Capstone-main\data\ecg-id-database-1.0.0\Person_19\rec_2,rr_segment,2306,2624,2306,318,True,18,18,18,0.9717071652412415,18,0.952232837677002,1,1,1
18,Person_19,rec_2,18_rec_2,7,C:\Users\User\Downloads\26-1_Capstone-main\26-1_Capstone-main\data\ecg-id-database-1.0.0\Person_19\rec_2,rr_segment,2624,2949,2624,325,True,18,15,15,0.9251803159713745,15,0.8797227740287781,0,0,0
18,Person_19,rec_2,18_rec_2,8,C:\Users\User\Downloads\26-1_Capstone-main\26-1_Capstone-main\data\ecg-id-database-1.0.0\Person_19\rec_2,rr_segment,2949,3293,2949,344,True,18,18,18,0.9874519109725952,18,0.9827114343643188,1,1,1
18,Person_19,rec_2,18_rec_2,9,C:\Users\User\Downloads\26-1_Capstone-main\26-1_Capstone-main\data\ecg-id-database-1.0.0\Person_19\rec_2,rr_segment,3293,3650,3293,357,True,18,18,18,0.9833605885505676,18,0.9848151206970215,1,1,1
18,Person_19,rec_2,18_rec_2,10,C:\Users\User\Downloads\26-1_Capstone-main\26-1_Capstone-main\data\ecg-id-database-1.0.0\Person_19\rec_2,rr_segment,3650,4020,3650,370,True,18,18,18,0.9800302982330322,18,0.9680634140968323,1,1,1
18,Person_19,rec_2,18_rec_2,11,C:\Users\User\Downloads\26-1_Capstone-main\26-1_Capstone-main\data\ecg-id-database-1.0.0\Person_19\rec_2,rr_segment,4020,4384,4020,364,True,18,18,18,0.9625784158706665,18,0.9478869438171387,1,1,1
18,Person_19,rec_2,18_rec_2,12,C:\Users\User\Downloads\26-1_Capstone-main\26-1_Capstone-main\data\ecg-id-database-1.0.0\Person_19\rec_2,rr_segment,4384,4737,4384,353,True,18,18,18,0.983590841293335,18,0.9744124412536621,1,1,1
18,Person_19,rec_2,18_rec_2,13,C:\Users\User\Downloads\26-1_Capstone-main\26-1_Capstone-main\data\ecg-id-database-1.0.0\Person_19\rec_2,rr_segment,4737,5105,4737,368,True,18,18,18,0.9317296743392944,18,0.9181358218193054,1,1,1
18,Person_19,rec_2,18_rec_2,14,C:\Users\User\Downloads\26-1_Capstone-main\26-1_Capstone-main\data\ecg-id-database-1.0.0\Person_19\rec_2,rr_segment,5105,5457,5105,352,True,18,18,18,0.9912830591201782,18,0.9729516506195068,1,1,1
18,Person_19,rec_2,18_rec_2,15,C:\Users\User\Downloads\26-1_Capstone-main\26-1_Capstone-main\data\ecg-id-database-1.0.0\Person_19\rec_2,rr_segment,5457,5801,5457,344,True,18,18,18,0.963383138179779,18,0.9673799872398376,1,1,1
18,Person_19,rec_2,18_rec_2,16,C:\Users\User\Downloads\26-1_Capstone-main\26-1_Capstone-main\data\ecg-id-database-1.0.0\Person_19\rec_2,rr_segment,5801,6130,5801,329,True,18,70,70,0.6364912390708923,70,0.560918390750885,0,0,0
18,Person_19,rec_2,18_rec_2,17,C:\Users\User\Downloads\26-1_Capstone-main\26-1_Capstone-main\data\ecg-id-database-1.0.0\Person_19\rec_2,rr_segment,6130,6452,6130,322,True,18,44,44,0.8282230496406555,44,0.6885981559753418,0,0,0
18,Person_19,rec_2,18_rec_2,18,C:\Users\User\Downloads\26-1_Capstone-main\26-1_Capstone-main\data\ecg-id-database-1.0.0\Person_19\rec_2,rr_segment,6452,6798,6452,346,True,18,18,18,0.919069766998291,18,0.876338541507721,1,1,1
18,Person_19,rec_2,18_rec_2,19,C:\Users\User\Downloads\26-1_Capstone-main\26-1_Capstone-main\data\ecg-id-database-1.0.0\Person_19\rec_2,rr_segment,6798,7148,6798,350,True,18,18,18,0.8868600130081177,18,0.8158085346221924,1,1,1
18,Person_19,rec_2,18_rec_2,20,C:\Users\User\Downloads\26-1_Capstone-main\26-1_Capstone-main\data\ecg-id-database-1.0.0\Person_19\rec_2,rr_segment,7148,7497,7148,349,True,18,18,18,0.9837141036987305,18,0.9908548593521118,1,1,1
18,Person_19,rec_2,18_rec_2,21,C:\Users\User\Downloads\26-1_Capstone-main\26-1_Capstone-main\data\ecg-id-database-1.0.0\Person_19\rec_2,rr_segment,7497,7888,7497,391,True,18,18,18,0.8022236824035645,18,0.7587544918060303,1,1,1
18,Person_19,rec_2,18_rec_2,24,C:\Users\User\Downloads\26-1_Capstone-main\26-1_Capstone-main\data\ecg-id-database-1.0.0\Person_19\rec_2,rr_segment,8711,9097,8711,386,True,18,18,18,0.9723426699638367,18,0.9533435106277466,1,1,1
18,Person_19,rec_2,18_rec_2,25,C:\Users\User\Downloads\26-1_Capstone-main\26-1_Capstone-main\data\ecg-id-database-1.0.0\Person_19\rec_2,rr_segment,9097,9464,9097,367,True,18,18,0,0.9241704940795898,0,0.8503259420394897,1,0,0
18,Person_19,rec_2,18_rec_2,26,C:\Users\User\Downloads\26-1_Capstone-main\26-1_Capstone-main\data\ecg-id-database-1.0.0\Person_19\rec_2,rr_segment,9464,9838,9464,374,True,18,18,18,0.7416496872901917,18,0.6997249126434326,1,1,1
19,Person_20,rec_2,19_rec_2,0,C:\Users\User\Downloads\26-1_Capstone-main\26-1_Capstone-main\data\ecg-id-database-1.0.0\Person_20\rec_2,rr_segment,279,532,279,253,True,19,19,19,0.9953200817108154,19,0.9940095543861389,1,1,1
19,Person_20,rec_2,19_rec_2,1,C:\Users\User\Downloads\26-1_Capstone-main\26-1_Capstone-main\data\ecg-id-database-1.0.0\Person_20\rec_2,rr_segment,532,785,532,253,True,19,19,19,0.9960805177688599,19,0.9777949452400208,1,1,1
19,Person_20,rec_2,19_rec_2,2,C:\Users\User\Downloads\26-1_Capstone-main\26-1_Capstone-main\data\ecg-id-database-1.0.0\Person_20\rec_2,rr_segment,785,1038,785,253,True,19,19,19,0.9648138880729675,19,0.9290347099304199,1,1,1
19,Person_20,rec_2,19_rec_2,3,C:\Users\User\Downloads\26-1_Capstone-main\26-1_Capstone-main\data\ecg-id-database-1.0.0\Person_20\rec_2,rr_segment,1038,1291,1038,253,True,19,19,19,0.9946717023849487,19,0.9820234179496765,1,1,1
19,Person_20,rec_2,19_rec_2,4,C:\Users\User\Downloads\26-1_Capstone-main\26-1_Capstone-main\data\ecg-id-database-1.0.0\Person_20\rec_2,rr_segment,1291,1542,1291,251,True,19,19,19,0.9952434301376343,19,0.9936835765838623,1,1,1
19,Person_20,rec_2,19_rec_2,5,C:\Users\User\Downloads\26-1_Capstone-main\26-1_Capstone-main\data\ecg-id-database-1.0.0\Person_20\rec_2,rr_segment,1542,1784,1542,242,True,19,19,19,0.9920774698257446,19,0.9835360050201416,1,1,1
19,Person_20,rec_2,19_rec_2,6,C:\Users\User\Downloads\26-1_Capstone-main\26-1_Capstone-main\data\ecg-id-database-1.0.0\Person_20\rec_2,rr_segment,1784,2029,1784,245,True,19,19,19,0.9785267114639282,19,0.9321713447570801,1,1,1
19,Person_20,rec_2,19_rec_2,7,C:\Users\User\Downloads\26-1_Capstone-main\26-1_Capstone-main\data\ecg-id-database-1.0.0\Person_20\rec_2,rr_segment,2029,2271,2029,242,True,19,19,19,0.9943674802780151,19,0.9811205863952637,1,1,1
19,Person_20,rec_2,19_rec_2,8,C:\Users\User\Downloads\26-1_Capstone-main\26-1_Capstone-main\data\ecg-id-database-1.0.0\Person_20\rec_2,rr_segment,2271,2514,2271,243,True,19,19,19,0.9948588609695435,19,0.9929782152175903,1,1,1
19,Person_20,rec_2,19_rec_2,13,C:\Users\User\Downloads\26-1_Capstone-main\26-1_Capstone-main\data\ecg-id-database-1.0.0\Person_20\rec_2,rr_segment,3615,3894,3615,279,True,19,19,19,0.9484316110610962,19,0.9308531284332275,1,1,1
19,Person_20,rec_2,19_rec_2,14,C:\Users\User\Downloads\26-1_Capstone-main\26-1_Capstone-main\data\ecg-id-database-1.0.0\Person_20\rec_2,rr_segment,3894,4163,3894,269,True,19,19,19,0.9632683396339417,19,0.9529739618301392,1,1,1
19,Person_20,rec_2,19_rec_2,15,C:\Users\User\Downloads\26-1_Capstone-main\26-1_Capstone-main\data\ecg-id-database-1.0.0\Person_20\rec_2,rr_segment,4163,4428,4163,265,True,19,19,19,0.9906186461448669,19,0.9860231876373291,1,1,1
19,Person_20,rec_2,19_rec_2,16,C:\Users\User\Downloads\26-1_Capstone-main\26-1_Capstone-main\data\ecg-id-database-1.0.0\Person_20\rec_2,rr_segment,4428,4697,4428,269,True,19,19,19,0.9732707142829895,19,0.9587047100067139,1,1,1
19,Person_20,rec_2,19_rec_2,17,C:\Users\User\Downloads\26-1_Capstone-main\26-1_Capstone-main\data\ecg-id-database-1.0.0\Person_20\rec_2,rr_segment,4697,4966,4697,269,True,19,19,19,0.9213926792144775,19,0.863620400428772,1,1,1
19,Person_20,rec_2,19_rec_2,18,C:\Users\User\Downloads\26-1_Capstone-main\26-1_Capstone-main\data\ecg-id-database-1.0.0\Person_20\rec_2,rr_segment,4966,5235,4966,269,True,19,19,19,0.9888464212417603,19,0.9693245887756348,1,1,1
19,Person_20,rec_2,19_rec_2,19,C:\Users\User\Downloads\26-1_Capstone-main\26-1_Capstone-main\data\ecg-id-database-1.0.0\Person_20\rec_2,rr_segment,5235,5504,5235,269,True,19,5,5,0.797305703163147,5,0.70469731092453,0,0,0
19,Person_20,rec_2,19_rec_2,20,C:\Users\User\Downloads\26-1_Capstone-main\26-1_Capstone-main\data\ecg-id-database-1.0.0\Person_20\rec_2,rr_segment,5504,5772,5504,268,True,19,19,19,0.9650088548660278,19,0.9498986005783081,1,1,1
19,Person_20,rec_2,19_rec_2,21,C:\Users\User\Downloads\26-1_Capstone-main\26-1_Capstone-main\data\ecg-id-database-1.0.0\Person_20\rec_2,rr_segment,5772,6042,5772,270,True,19,19,19,0.9537609815597534,19,0.9176157712936401,1,1,1
19,Person_20,rec_2,19_rec_2,22,C:\Users\User\Downloads\26-1_Capstone-main\26-1_Capstone-main\data\ecg-id-database-1.0.0\Person_20\rec_2,rr_segment,6042,6301,6042,259,True,19,19,19,0.9934554100036621,19,0.9864257574081421,1,1,1
19,Person_20,rec_2,19_rec_2,23,C:\Users\User\Downloads\26-1_Capstone-main\26-1_Capstone-main\data\ecg-id-database-1.0.0\Person_20\rec_2,rr_segment,6301,6557,6301,256,True,19,19,19,0.9875928163528442,19,0.9763675928115845,1,1,1
19,Person_20,rec_2,19_rec_2,24,C:\Users\User\Downloads\26-1_Capstone-main\26-1_Capstone-main\data\ecg-id-database-1.0.0\Person_20\rec_2,rr_segment,6557,6818,6557,261,True,19,19,19,0.9855780601501465,19,0.9767541885375977,1,1,1
19,Person_20,rec_2,19_rec_2,25,C:\Users\User\Downloads\26-1_Capstone-main\26-1_Capstone-main\data\ecg-id-database-1.0.0\Person_20\rec_2,rr_segment,6818,7079,6818,261,True,19,19,19,0.9902250170707703,19,0.9781949520111084,1,1,1
19,Person_20,rec_2,19_rec_2,26,C:\Users\User\Downloads\26-1_Capstone-main\26-1_Capstone-main\data\ecg-id-database-1.0.0\Person_20\rec_2,rr_segment,7079,7346,7079,267,True,19,19,19,0.9815623760223389,19,0.9559645056724548,1,1,1
19,Person_20,rec_2,19_rec_2,27,C:\Users\User\Downloads\26-1_Capstone-main\26-1_Capstone-main\data\ecg-id-database-1.0.0\Person_20\rec_2,rr_segment,7346,7613,7346,267,True,19,19,19,0.9692515134811401,19,0.9394667744636536,1,1,1
19,Person_20,rec_2,19_rec_2,28,C:\Users\User\Downloads\26-1_Capstone-main\26-1_Capstone-main\data\ecg-id-database-1.0.0\Person_20\rec_2,rr_segment,7613,7881,7613,268,True,19,19,19,0.9814752340316772,19,0.9628005623817444,1,1,1
19,Person_20,rec_2,19_rec_2,29,C:\Users\User\Downloads\26-1_Capstone-main\26-1_Capstone-main\data\ecg-id-database-1.0.0\Person_20\rec_2,rr_segment,7881,8152,7881,271,True,19,19,19,0.9867469072341919,19,0.9680587649345398,1,1,1
19,Person_20,rec_2,19_rec_2,30,C:\Users\User\Downloads\26-1_Capstone-main\26-1_Capstone-main\data\ecg-id-database-1.0.0\Person_20\rec_2,rr_segment,8152,8415,8152,263,True,19,19,19,0.9878231883049011,19,0.9823523163795471,1,1,1
19,Person_20,rec_2,19_rec_2,31,C:\Users\User\Downloads\26-1_Capstone-main\26-1_Capstone-main\data\ecg-id-database-1.0.0\Person_20\rec_2,rr_segment,8415,8670,8415,255,True,19,19,19,0.9739967584609985,19,0.9570610523223877,1,1,1
19,Person_20,rec_2,19_rec_2,32,C:\Users\User\Downloads\26-1_Capstone-main\26-1_Capstone-main\data\ecg-id-database-1.0.0\Person_20\rec_2,rr_segment,8670,8924,8670,254,True,19,19,19,0.9908767342567444,19,0.9733694791793823,1,1,1
19,Person_20,rec_2,19_rec_2,33,C:\Users\User\Downloads\26-1_Capstone-main\26-1_Capstone-main\data\ecg-id-database-1.0.0\Person_20\rec_2,rr_segment,8924,9174,8924,250,True,19,19,19,0.9909403324127197,19,0.9784406423568726,1,1,1
19,Person_20,rec_2,19_rec_2,34,C:\Users\User\Downloads\26-1_Capstone-main\26-1_Capstone-main\data\ecg-id-database-1.0.0\Person_20\rec_2,rr_segment,9174,9426,9174,252,True,19,19,19,0.9917954206466675,19,0.9670213460922241,1,1,1
19,Person_20,rec_2,19_rec_2,35,C:\Users\User\Downloads\26-1_Capstone-main\26-1_Capstone-main\data\ecg-id-database-1.0.0\Person_20\rec_2,rr_segment,9426,9687,9426,261,True,19,19,19,0.985029935836792,19,0.9755452871322632,1,1,1
19,Person_20,rec_2,19_rec_2,36,C:\Users\User\Downloads\26-1_Capstone-main\26-1_Capstone-main\data\ecg-id-database-1.0.0\Person_20\rec_2,rr_segment,9687,9958,9687,271,True,19,19,12,0.8339797258377075,19,0.693178653717041,1,0,1
20,Person_21,rec_1,20_rec_1,0,C:\Users\User\Downloads\26-1_Capstone-main\26-1_Capstone-main\data\ecg-id-database-1.0.0\Person_21\rec_1,rr_segment,194,574,194,380,True,20,14,14,0.841279149055481,14,0.8041167855262756,0,0,0
20,Person_21,rec_1,20_rec_1,1,C:\Users\User\Downloads\26-1_Capstone-main\26-1_Capstone-main\data\ecg-id-database-1.0.0\Person_21\rec_1,rr_segment,574,973,574,399,True,20,20,20,0.9321768283843994,20,0.8808084726333618,1,1,1
20,Person_21,rec_1,20_rec_1,5,C:\Users\User\Downloads\26-1_Capstone-main\26-1_Capstone-main\data\ecg-id-database-1.0.0\Person_21\rec_1,rr_segment,2215,2596,2215,381,True,20,87,87,0.7956861257553101,87,0.7384281158447266,0,0,0
20,Person_21,rec_1,20_rec_1,6,C:\Users\User\Downloads\26-1_Capstone-main\26-1_Capstone-main\data\ecg-id-database-1.0.0\Person_21\rec_1,rr_segment,2596,2962,2596,366,True,20,20,20,0.9671796560287476,20,0.9377959966659546,1,1,1
20,Person_21,rec_1,20_rec_1,7,C:\Users\User\Downloads\26-1_Capstone-main\26-1_Capstone-main\data\ecg-id-database-1.0.0\Person_21\rec_1,rr_segment,2962,3351,2962,389,True,20,20,20,0.9461464881896973,20,0.8774912357330322,1,1,1
20,Person_21,rec_1,20_rec_1,8,C:\Users\User\Downloads\26-1_Capstone-main\26-1_Capstone-main\data\ecg-id-database-1.0.0\Person_21\rec_1,rr_segment,3351,3748,3351,397,True,20,20,20,0.8579668402671814,20,0.7934916615486145,1,1,1
20,Person_21,rec_1,20_rec_1,9,C:\Users\User\Downloads\26-1_Capstone-main\26-1_Capstone-main\data\ecg-id-database-1.0.0\Person_21\rec_1,rr_segment,3748,4139,3748,391,True,20,20,20,0.92971271276474,20,0.8750854730606079,1,1,1
20,Person_21,rec_1,20_rec_1,10,C:\Users\User\Downloads\26-1_Capstone-main\26-1_Capstone-main\data\ecg-id-database-1.0.0\Person_21\rec_1,rr_segment,4139,4507,4139,368,True,20,14,14,0.9236711263656616,14,0.8675155639648438,0,0,0
20,Person_21,rec_1,20_rec_1,11,C:\Users\User\Downloads\26-1_Capstone-main\26-1_Capstone-main\data\ecg-id-database-1.0.0\Person_21\rec_1,rr_segment,4507,4886,4507,379,True,20,87,87,0.7910764813423157,87,0.7327321767807007,0,0,0
20,Person_21,rec_1,20_rec_1,12,C:\Users\User\Downloads\26-1_Capstone-main\26-1_Capstone-main\data\ecg-id-database-1.0.0\Person_21\rec_1,rr_segment,4886,5281,4886,395,True,20,87,87,0.9332661628723145,87,0.8883150219917297,0,0,0
20,Person_21,rec_1,20_rec_1,13,C:\Users\User\Downloads\26-1_Capstone-main\26-1_Capstone-main\data\ecg-id-database-1.0.0\Person_21\rec_1,rr_segment,5281,5681,5281,400,True,20,20,20,0.8983516693115234,20,0.7928274273872375,1,1,1
20,Person_21,rec_1,20_rec_1,14,C:\Users\User\Downloads\26-1_Capstone-main\26-1_Capstone-main\data\ecg-id-database-1.0.0\Person_21\rec_1,rr_segment,5681,6080,5681,399,True,20,87,87,0.8798337578773499,87,0.8513698577880859,0,0,0
20,Person_21,rec_1,20_rec_1,15,C:\Users\User\Downloads\26-1_Capstone-main\26-1_Capstone-main\data\ecg-id-database-1.0.0\Person_21\rec_1,rr_segment,6080,6450,6080,370,True,20,23,23,0.5883880853652954,23,0.5032363533973694,0,0,0
20,Person_21,rec_1,20_rec_1,16,C:\Users\User\Downloads\26-1_Capstone-main\26-1_Capstone-main\data\ecg-id-database-1.0.0\Person_21\rec_1,rr_segment,6450,6823,6450,373,True,20,87,87,0.9206719994544983,87,0.8520702719688416,0,0,0
20,Person_21,rec_1,20_rec_1,17,C:\Users\User\Downloads\26-1_Capstone-main\26-1_Capstone-main\data\ecg-id-database-1.0.0\Person_21\rec_1,rr_segment,6823,7205,6823,382,True,20,20,20,0.9439423084259033,20,0.9006019830703735,1,1,1
20,Person_21,rec_1,20_rec_1,18,C:\Users\User\Downloads\26-1_Capstone-main\26-1_Capstone-main\data\ecg-id-database-1.0.0\Person_21\rec_1,rr_segment,7205,7588,7205,383,True,20,87,87,0.8247465491294861,87,0.7712510824203491,0,0,0
20,Person_21,rec_1,20_rec_1,20,C:\Users\User\Downloads\26-1_Capstone-main\26-1_Capstone-main\data\ecg-id-database-1.0.0\Person_21\rec_1,rr_segment,7948,8326,7948,378,True,20,87,87,0.8709118962287903,87,0.7675075531005859,0,0,0
20,Person_21,rec_1,20_rec_1,21,C:\Users\User\Downloads\26-1_Capstone-main\26-1_Capstone-main\data\ecg-id-database-1.0.0\Person_21\rec_1,rr_segment,8326,8717,8326,391,True,20,23,23,0.7756779789924622,23,0.6421481966972351,0,0,0
20,Person_21,rec_1,20_rec_1,22,C:\Users\User\Downloads\26-1_Capstone-main\26-1_Capstone-main\data\ecg-id-database-1.0.0\Person_21\rec_1,rr_segment,8717,9089,8717,372,True,20,10,10,0.7494523525238037,10,0.6915886402130127,0,0,0
20,Person_21,rec_1,20_rec_1,23,C:\Users\User\Downloads\26-1_Capstone-main\26-1_Capstone-main\data\ecg-id-database-1.0.0\Person_21\rec_1,rr_segment,9089,9462,9089,373,True,20,23,23,0.8342038989067078,23,0.6135992407798767,0,0,0
20,Person_21,rec_1,20_rec_1,24,C:\Users\User\Downloads\26-1_Capstone-main\26-1_Capstone-main\data\ecg-id-database-1.0.0\Person_21\rec_1,rr_segment,9462,9859,9462,397,True,20,20,20,0.8456252217292786,20,0.7765530347824097,1,1,1
21,Person_22,rec_1,21_rec_1,0,C:\Users\User\Downloads\26-1_Capstone-main\26-1_Capstone-main\data\ecg-id-database-1.0.0\Person_22\rec_1,rr_segment,410,761,410,351,True,21,21,21,0.9955610036849976,21,0.9925888776779175,1,1,1
21,Person_22,rec_1,21_rec_1,1,C:\Users\User\Downloads\26-1_Capstone-main\26-1_Capstone-main\data\ecg-id-database-1.0.0\Person_22\rec_1,rr_segment,761,1096,761,335,True,21,21,21,0.9897791147232056,21,0.989667534828186,1,1,1
21,Person_22,rec_1,21_rec_1,3,C:\Users\User\Downloads\26-1_Capstone-main\26-1_Capstone-main\data\ecg-id-database-1.0.0\Person_22\rec_1,rr_segment,1409,1725,1409,316,True,21,21,21,0.9734139442443848,21,0.9067932367324829,1,1,1
21,Person_22,rec_1,21_rec_1,4,C:\Users\User\Downloads\26-1_Capstone-main\26-1_Capstone-main\data\ecg-id-database-1.0.0\Person_22\rec_1,rr_segment,1725,2041,1725,316,True,21,21,21,0.9582134485244751,21,0.9295140504837036,1,1,1
21,Person_22,rec_1,21_rec_1,5,C:\Users\User\Downloads\26-1_Capstone-main\26-1_Capstone-main\data\ecg-id-database-1.0.0\Person_22\rec_1,rr_segment,2041,2360,2041,319,True,21,21,21,0.9894770383834839,21,0.9351470470428467,1,1,1
21,Person_22,rec_1,21_rec_1,6,C:\Users\User\Downloads\26-1_Capstone-main\26-1_Capstone-main\data\ecg-id-database-1.0.0\Person_22\rec_1,rr_segment,2360,2686,2360,326,True,21,21,21,0.9969063401222229,21,0.9898291826248169,1,1,1
21,Person_22,rec_1,21_rec_1,7,C:\Users\User\Downloads\26-1_Capstone-main\26-1_Capstone-main\data\ecg-id-database-1.0.0\Person_22\rec_1,rr_segment,2686,3024,2686,338,True,21,21,21,0.995461106300354,21,0.9919106364250183,1,1,1
21,Person_22,rec_1,21_rec_1,8,C:\Users\User\Downloads\26-1_Capstone-main\26-1_Capstone-main\data\ecg-id-database-1.0.0\Person_22\rec_1,rr_segment,3024,3367,3024,343,True,21,21,21,0.9955344796180725,21,0.9945932030677795,1,1,1
21,Person_22,rec_1,21_rec_1,9,C:\Users\User\Downloads\26-1_Capstone-main\26-1_Capstone-main\data\ecg-id-database-1.0.0\Person_22\rec_1,rr_segment,3367,3718,3367,351,True,21,21,21,0.9972426295280457,21,0.9959548711776733,1,1,1
21,Person_22,rec_1,21_rec_1,10,C:\Users\User\Downloads\26-1_Capstone-main\26-1_Capstone-main\data\ecg-id-database-1.0.0\Person_22\rec_1,rr_segment,3718,4051,3718,333,True,21,21,21,0.9931511282920837,21,0.9897050857543945,1,1,1
21,Person_22,rec_1,21_rec_1,11,C:\Users\User\Downloads\26-1_Capstone-main\26-1_Capstone-main\data\ecg-id-database-1.0.0\Person_22\rec_1,rr_segment,4051,4387,4051,336,True,21,21,21,0.9943860769271851,21,0.9939664602279663,1,1,1
21,Person_22,rec_1,21_rec_1,12,C:\Users\User\Downloads\26-1_Capstone-main\26-1_Capstone-main\data\ecg-id-database-1.0.0\Person_22\rec_1,rr_segment,4387,4722,4387,335,True,21,21,21,0.9962172508239746,21,0.9826830625534058,1,1,1
21,Person_22,rec_1,21_rec_1,13,C:\Users\User\Downloads\26-1_Capstone-main\26-1_Capstone-main\data\ecg-id-database-1.0.0\Person_22\rec_1,rr_segment,4722,5047,4722,325,True,21,21,21,0.9881847500801086,21,0.956744909286499,1,1,1
21,Person_22,rec_1,21_rec_1,14,C:\Users\User\Downloads\26-1_Capstone-main\26-1_Capstone-main\data\ecg-id-database-1.0.0\Person_22\rec_1,rr_segment,5047,5382,5047,335,True,21,21,21,0.9894633293151855,21,0.968989908695221,1,1,1
21,Person_22,rec_1,21_rec_1,15,C:\Users\User\Downloads\26-1_Capstone-main\26-1_Capstone-main\data\ecg-id-database-1.0.0\Person_22\rec_1,rr_segment,5382,5721,5382,339,True,21,21,21,0.9174433946609497,21,0.9128009676933289,1,1,1
21,Person_22,rec_1,21_rec_1,16,C:\Users\User\Downloads\26-1_Capstone-main\26-1_Capstone-main\data\ecg-id-database-1.0.0\Person_22\rec_1,rr_segment,5721,6045,5721,324,True,21,21,21,0.9946649074554443,21,0.9919866919517517,1,1,1
21,Person_22,rec_1,21_rec_1,17,C:\Users\User\Downloads\26-1_Capstone-main\26-1_Capstone-main\data\ecg-id-database-1.0.0\Person_22\rec_1,rr_segment,6045,6401,6045,356,True,21,21,21,0.9862653017044067,21,0.9575268030166626,1,1,1
21,Person_22,rec_1,21_rec_1,18,C:\Users\User\Downloads\26-1_Capstone-main\26-1_Capstone-main\data\ecg-id-database-1.0.0\Person_22\rec_1,rr_segment,6401,6761,6401,360,True,21,21,1,0.7087613344192505,21,0.6450729370117188,1,0,1
21,Person_22,rec_1,21_rec_1,22,C:\Users\User\Downloads\26-1_Capstone-main\26-1_Capstone-main\data\ecg-id-database-1.0.0\Person_22\rec_1,rr_segment,7889,8236,7889,347,True,21,21,21,0.9918373227119446,21,0.9925941228866577,1,1,1
21,Person_22,rec_1,21_rec_1,23,C:\Users\User\Downloads\26-1_Capstone-main\26-1_Capstone-main\data\ecg-id-database-1.0.0\Person_22\rec_1,rr_segment,8236,8589,8236,353,True,21,21,21,0.98126220703125,21,0.9655709862709045,1,1,1
21,Person_22,rec_1,21_rec_1,24,C:\Users\User\Downloads\26-1_Capstone-main\26-1_Capstone-main\data\ecg-id-database-1.0.0\Person_22\rec_1,rr_segment,8589,8939,8589,350,True,21,21,21,0.9822831749916077,21,0.9630477428436279,1,1,1
21,Person_22,rec_1,21_rec_1,25,C:\Users\User\Downloads\26-1_Capstone-main\26-1_Capstone-main\data\ecg-id-database-1.0.0\Person_22\rec_1,rr_segment,8939,9275,8939,336,True,21,21,21,0.9916065335273743,21,0.950061559677124,1,1,1
21,Person_22,rec_1,21_rec_1,26,C:\Users\User\Downloads\26-1_Capstone-main\26-1_Capstone-main\data\ecg-id-database-1.0.0\Person_22\rec_1,rr_segment,9275,9634,9275,359,True,21,21,21,0.9042017459869385,21,0.8832224607467651,1,1,1
22,Person_23,rec_1,22_rec_1,0,C:\Users\User\Downloads\26-1_Capstone-main\26-1_Capstone-main\data\ecg-id-database-1.0.0\Person_23\rec_1,rr_segment,310,797,310,487,True,22,22,22,0.9930249452590942,22,0.990752637386322,1,1,1
22,Person_23,rec_1,22_rec_1,1,C:\Users\User\Downloads\26-1_Capstone-main\26-1_Capstone-main\data\ecg-id-database-1.0.0\Person_23\rec_1,rr_segment,797,1266,797,469,True,22,22,22,0.9960703253746033,22,0.9959110021591187,1,1,1
22,Person_23,rec_1,22_rec_1,2,C:\Users\User\Downloads\26-1_Capstone-main\26-1_Capstone-main\data\ecg-id-database-1.0.0\Person_23\rec_1,rr_segment,1266,1754,1266,488,True,22,22,22,0.9961929321289062,22,0.9971948862075806,1,1,1
22,Person_23,rec_1,22_rec_1,3,C:\Users\User\Downloads\26-1_Capstone-main\26-1_Capstone-main\data\ecg-id-database-1.0.0\Person_23\rec_1,rr_segment,1754,2252,1754,498,True,22,22,22,0.9975314140319824,22,0.9965052604675293,1,1,1
22,Person_23,rec_1,22_rec_1,4,C:\Users\User\Downloads\26-1_Capstone-main\26-1_Capstone-main\data\ecg-id-database-1.0.0\Person_23\rec_1,rr_segment,2252,2747,2252,495,True,22,22,22,0.9957533478736877,22,0.9958755373954773,1,1,1
22,Person_23,rec_1,22_rec_1,5,C:\Users\User\Downloads\26-1_Capstone-main\26-1_Capstone-main\data\ecg-id-database-1.0.0\Person_23\rec_1,rr_segment,2747,3257,2747,510,True,22,22,22,0.9955872893333435,22,0.99462890625,1,1,1
22,Person_23,rec_1,22_rec_1,6,C:\Users\User\Downloads\26-1_Capstone-main\26-1_Capstone-main\data\ecg-id-database-1.0.0\Person_23\rec_1,rr_segment,3257,3728,3257,471,True,22,22,22,0.9970089197158813,22,0.9947821497917175,1,1,1
22,Person_23,rec_1,22_rec_1,9,C:\Users\User\Downloads\26-1_Capstone-main\26-1_Capstone-main\data\ecg-id-database-1.0.0\Person_23\rec_1,rr_segment,4585,5067,4585,482,True,22,22,22,0.9980268478393555,22,0.994459867477417,1,1,1
22,Person_23,rec_1,22_rec_1,10,C:\Users\User\Downloads\26-1_Capstone-main\26-1_Capstone-main\data\ecg-id-database-1.0.0\Person_23\rec_1,rr_segment,5067,5580,5067,513,True,22,22,22,0.9949760437011719,22,0.9934031963348389,1,1,1
22,Person_23,rec_1,22_rec_1,11,C:\Users\User\Downloads\26-1_Capstone-main\26-1_Capstone-main\data\ecg-id-database-1.0.0\Person_23\rec_1,rr_segment,5580,6119,5580,539,True,22,22,22,0.9928344488143921,22,0.9870885610580444,1,1,1
22,Person_23,rec_1,22_rec_1,12,C:\Users\User\Downloads\26-1_Capstone-main\26-1_Capstone-main\data\ecg-id-database-1.0.0\Person_23\rec_1,rr_segment,6119,6681,6119,562,True,22,22,22,0.9905878305435181,22,0.989361047744751,1,1,1
22,Person_23,rec_1,22_rec_1,14,C:\Users\User\Downloads\26-1_Capstone-main\26-1_Capstone-main\data\ecg-id-database-1.0.0\Person_23\rec_1,rr_segment,7259,7814,7259,555,True,22,22,22,0.989058256149292,22,0.9846376180648804,1,1,1
22,Person_23,rec_1,22_rec_1,15,C:\Users\User\Downloads\26-1_Capstone-main\26-1_Capstone-main\data\ecg-id-database-1.0.0\Person_23\rec_1,rr_segment,7814,8349,7814,535,True,22,22,22,0.9676560759544373,22,0.9401614665985107,1,1,1
22,Person_23,rec_1,22_rec_1,16,C:\Users\User\Downloads\26-1_Capstone-main\26-1_Capstone-main\data\ecg-id-database-1.0.0\Person_23\rec_1,rr_segment,8349,8893,8349,544,True,22,22,22,0.9902886748313904,22,0.9765626192092896,1,1,1
22,Person_23,rec_1,22_rec_1,17,C:\Users\User\Downloads\26-1_Capstone-main\26-1_Capstone-main\data\ecg-id-database-1.0.0\Person_23\rec_1,rr_segment,8893,9441,8893,548,True,22,22,22,0.9332702159881592,22,0.8984639644622803,1,1,1
23,Person_24,rec_3,23_rec_3,0,C:\Users\User\Downloads\26-1_Capstone-main\26-1_Capstone-main\data\ecg-id-database-1.0.0\Person_24\rec_3,rr_segment,172,549,172,377,True,23,23,23,0.9433791637420654,23,0.9617990255355835,1,1,1
23,Person_24,rec_3,23_rec_3,1,C:\Users\User\Downloads\26-1_Capstone-main\26-1_Capstone-main\data\ecg-id-database-1.0.0\Person_24\rec_3,rr_segment,549,937,549,388,True,23,23,23,0.9265069961547852,23,0.9458713531494141,1,1,1
23,Person_24,rec_3,23_rec_3,2,C:\Users\User\Downloads\26-1_Capstone-main\26-1_Capstone-main\data\ecg-id-database-1.0.0\Person_24\rec_3,rr_segment,937,1347,937,410,True,23,23,23,0.9743941426277161,23,0.9027720093727112,1,1,1
23,Person_24,rec_3,23_rec_3,3,C:\Users\User\Downloads\26-1_Capstone-main\26-1_Capstone-main\data\ecg-id-database-1.0.0\Person_24\rec_3,rr_segment,1347,1763,1347,416,True,23,23,23,0.9406996369361877,23,0.8824713230133057,1,1,1
23,Person_24,rec_3,23_rec_3,4,C:\Users\User\Downloads\26-1_Capstone-main\26-1_Capstone-main\data\ecg-id-database-1.0.0\Person_24\rec_3,rr_segment,1763,2172,1763,409,True,23,2,2,0.9699219465255737,2,0.9306658506393433,0,0,0
23,Person_24,rec_3,23_rec_3,5,C:\Users\User\Downloads\26-1_Capstone-main\26-1_Capstone-main\data\ecg-id-database-1.0.0\Person_24\rec_3,rr_segment,2172,2544,2172,372,True,23,16,23,0.8055212497711182,16,0.7436939477920532,0,1,0
23,Person_24,rec_3,23_rec_3,6,C:\Users\User\Downloads\26-1_Capstone-main\26-1_Capstone-main\data\ecg-id-database-1.0.0\Person_24\rec_3,rr_segment,2544,2916,2544,372,True,23,23,23,0.9718422889709473,23,0.8896130323410034,1,1,1
23,Person_24,rec_3,23_rec_3,7,C:\Users\User\Downloads\26-1_Capstone-main\26-1_Capstone-main\data\ecg-id-database-1.0.0\Person_24\rec_3,rr_segment,2916,3271,2916,355,True,23,18,23,0.8129996061325073,18,0.7508889436721802,0,1,0
23,Person_24,rec_3,23_rec_3,8,C:\Users\User\Downloads\26-1_Capstone-main\26-1_Capstone-main\data\ecg-id-database-1.0.0\Person_24\rec_3,rr_segment,3271,3619,3271,348,True,23,15,15,0.8917853236198425,15,0.7314916849136353,0,0,0
23,Person_24,rec_3,23_rec_3,9,C:\Users\User\Downloads\26-1_Capstone-main\26-1_Capstone-main\data\ecg-id-database-1.0.0\Person_24\rec_3,rr_segment,3619,3963,3619,344,True,23,15,15,0.8993023633956909,15,0.8351342678070068,0,0,0
23,Person_24,rec_3,23_rec_3,10,C:\Users\User\Downloads\26-1_Capstone-main\26-1_Capstone-main\data\ecg-id-database-1.0.0\Person_24\rec_3,rr_segment,3963,4303,3963,340,True,23,18,18,0.8008135557174683,18,0.7615998983383179,0,0,0
23,Person_24,rec_3,23_rec_3,11,C:\Users\User\Downloads\26-1_Capstone-main\26-1_Capstone-main\data\ecg-id-database-1.0.0\Person_24\rec_3,rr_segment,4303,4666,4303,363,True,23,23,23,0.9293605089187622,23,0.6921343803405762,1,1,1
23,Person_24,rec_3,23_rec_3,15,C:\Users\User\Downloads\26-1_Capstone-main\26-1_Capstone-main\data\ecg-id-database-1.0.0\Person_24\rec_3,rr_segment,6118,6562,6118,444,True,23,23,23,0.8839783072471619,23,0.8695265054702759,1,1,1
23,Person_24,rec_3,23_rec_3,16,C:\Users\User\Downloads\26-1_Capstone-main\26-1_Capstone-main\data\ecg-id-database-1.0.0\Person_24\rec_3,rr_segment,6562,6967,6562,405,True,23,23,23,0.9080866575241089,23,0.8878399133682251,1,1,1
23,Person_24,rec_3,23_rec_3,17,C:\Users\User\Downloads\26-1_Capstone-main\26-1_Capstone-main\data\ecg-id-database-1.0.0\Person_24\rec_3,rr_segment,6967,7371,6967,404,True,23,23,23,0.9506251811981201,23,0.9227641820907593,1,1,1
23,Person_24,rec_3,23_rec_3,18,C:\Users\User\Downloads\26-1_Capstone-main\26-1_Capstone-main\data\ecg-id-database-1.0.0\Person_24\rec_3,rr_segment,7371,7771,7371,400,True,23,2,2,0.9442923665046692,2,0.8915558457374573,0,0,0
23,Person_24,rec_3,23_rec_3,19,C:\Users\User\Downloads\26-1_Capstone-main\26-1_Capstone-main\data\ecg-id-database-1.0.0\Person_24\rec_3,rr_segment,7771,8148,7771,377,True,23,23,23,0.9563510417938232,23,0.8567102551460266,1,1,1
23,Person_24,rec_3,23_rec_3,20,C:\Users\User\Downloads\26-1_Capstone-main\26-1_Capstone-main\data\ecg-id-database-1.0.0\Person_24\rec_3,rr_segment,8148,8512,8148,364,True,23,18,23,0.7777815461158752,18,0.7460777759552002,0,1,0
23,Person_24,rec_3,23_rec_3,21,C:\Users\User\Downloads\26-1_Capstone-main\26-1_Capstone-main\data\ecg-id-database-1.0.0\Person_24\rec_3,rr_segment,8512,8883,8512,371,True,23,23,23,0.9319409132003784,23,0.8901644349098206,1,1,1
23,Person_24,rec_3,23_rec_3,22,C:\Users\User\Downloads\26-1_Capstone-main\26-1_Capstone-main\data\ecg-id-database-1.0.0\Person_24\rec_3,rr_segment,8883,9279,8883,396,True,23,23,23,0.9753910303115845,23,0.9543609619140625,1,1,1
23,Person_24,rec_3,23_rec_3,23,C:\Users\User\Downloads\26-1_Capstone-main\26-1_Capstone-main\data\ecg-id-database-1.0.0\Person_24\rec_3,rr_segment,9279,9711,9279,432,True,23,23,23,0.8928335905075073,23,0.8294500112533569,1,1,1
24,Person_25,rec_5,24_rec_5,1,C:\Users\User\Downloads\26-1_Capstone-main\26-1_Capstone-main\data\ecg-id-database-1.0.0\Person_25\rec_5,rr_segment,677,1106,677,429,True,24,24,24,0.9949067831039429,24,0.9920843243598938,1,1,1
24,Person_25,rec_5,24_rec_5,2,C:\Users\User\Downloads\26-1_Capstone-main\26-1_Capstone-main\data\ecg-id-database-1.0.0\Person_25\rec_5,rr_segment,1106,1541,1106,435,True,24,24,24,0.9946721792221069,24,0.9943653345108032,1,1,1
24,Person_25,rec_5,24_rec_5,3,C:\Users\User\Downloads\26-1_Capstone-main\26-1_Capstone-main\data\ecg-id-database-1.0.0\Person_25\rec_5,rr_segment,1541,1977,1541,436,True,24,24,24,0.9957174062728882,24,0.9942303895950317,1,1,1
24,Person_25,rec_5,24_rec_5,4,C:\Users\User\Downloads\26-1_Capstone-main\26-1_Capstone-main\data\ecg-id-database-1.0.0\Person_25\rec_5,rr_segment,1977,2407,1977,430,True,24,24,24,0.9951256513595581,24,0.9943217039108276,1,1,1
24,Person_25,rec_5,24_rec_5,5,C:\Users\User\Downloads\26-1_Capstone-main\26-1_Capstone-main\data\ecg-id-database-1.0.0\Person_25\rec_5,rr_segment,2407,2849,2407,442,True,24,24,24,0.9919745922088623,24,0.9847339391708374,1,1,1
24,Person_25,rec_5,24_rec_5,6,C:\Users\User\Downloads\26-1_Capstone-main\26-1_Capstone-main\data\ecg-id-database-1.0.0\Person_25\rec_5,rr_segment,2849,3280,2849,431,True,24,24,24,0.9912941455841064,24,0.979367196559906,1,1,1
24,Person_25,rec_5,24_rec_5,7,C:\Users\User\Downloads\26-1_Capstone-main\26-1_Capstone-main\data\ecg-id-database-1.0.0\Person_25\rec_5,rr_segment,3280,3709,3280,429,True,24,24,24,0.9765037298202515,24,0.9673445820808411,1,1,1
24,Person_25,rec_5,24_rec_5,8,C:\Users\User\Downloads\26-1_Capstone-main\26-1_Capstone-main\data\ecg-id-database-1.0.0\Person_25\rec_5,rr_segment,3709,4145,3709,436,True,24,24,24,0.9887266159057617,24,0.9775573015213013,1,1,1
24,Person_25,rec_5,24_rec_5,9,C:\Users\User\Downloads\26-1_Capstone-main\26-1_Capstone-main\data\ecg-id-database-1.0.0\Person_25\rec_5,rr_segment,4145,4587,4145,442,True,24,24,24,0.987950325012207,24,0.981626570224762,1,1,1
24,Person_25,rec_5,24_rec_5,10,C:\Users\User\Downloads\26-1_Capstone-main\26-1_Capstone-main\data\ecg-id-database-1.0.0\Person_25\rec_5,rr_segment,4587,5027,4587,440,True,24,24,24,0.9808048605918884,24,0.9683799743652344,1,1,1
24,Person_25,rec_5,24_rec_5,11,C:\Users\User\Downloads\26-1_Capstone-main\26-1_Capstone-main\data\ecg-id-database-1.0.0\Person_25\rec_5,rr_segment,5027,5456,5027,429,True,24,24,24,0.9949390888214111,24,0.9925922155380249,1,1,1
24,Person_25,rec_5,24_rec_5,12,C:\Users\User\Downloads\26-1_Capstone-main\26-1_Capstone-main\data\ecg-id-database-1.0.0\Person_25\rec_5,rr_segment,5456,5883,5456,427,True,24,24,24,0.9980362057685852,24,0.9969150424003601,1,1,1
24,Person_25,rec_5,24_rec_5,13,C:\Users\User\Downloads\26-1_Capstone-main\26-1_Capstone-main\data\ecg-id-database-1.0.0\Person_25\rec_5,rr_segment,5883,6318,5883,435,True,24,24,24,0.9915362000465393,24,0.9831450581550598,1,1,1
24,Person_25,rec_5,24_rec_5,14,C:\Users\User\Downloads\26-1_Capstone-main\26-1_Capstone-main\data\ecg-id-database-1.0.0\Person_25\rec_5,rr_segment,6318,6761,6318,443,True,24,24,24,0.9972415566444397,24,0.9816808700561523,1,1,1
24,Person_25,rec_5,24_rec_5,15,C:\Users\User\Downloads\26-1_Capstone-main\26-1_Capstone-main\data\ecg-id-database-1.0.0\Person_25\rec_5,rr_segment,6761,7205,6761,444,True,24,24,24,0.9923981428146362,24,0.9832501411437988,1,1,1
24,Person_25,rec_5,24_rec_5,16,C:\Users\User\Downloads\26-1_Capstone-main\26-1_Capstone-main\data\ecg-id-database-1.0.0\Person_25\rec_5,rr_segment,7205,7645,7205,440,True,24,24,24,0.9939544200897217,24,0.9935957789421082,1,1,1
24,Person_25,rec_5,24_rec_5,17,C:\Users\User\Downloads\26-1_Capstone-main\26-1_Capstone-main\data\ecg-id-database-1.0.0\Person_25\rec_5,rr_segment,7645,8080,7645,435,True,24,24,24,0.9977292418479919,24,0.9973539113998413,1,1,1
24,Person_25,rec_5,24_rec_5,18,C:\Users\User\Downloads\26-1_Capstone-main\26-1_Capstone-main\data\ecg-id-database-1.0.0\Person_25\rec_5,rr_segment,8080,8523,8080,443,True,24,24,24,0.9981476068496704,24,0.9936016201972961,1,1,1
24,Person_25,rec_5,24_rec_5,21,C:\Users\User\Downloads\26-1_Capstone-main\26-1_Capstone-main\data\ecg-id-database-1.0.0\Person_25\rec_5,rr_segment,9425,9869,9425,444,True,24,24,24,0.992050290107727,24,0.9796139597892761,1,1,1
25,Person_26,rec_3,25_rec_3,1,C:\Users\User\Downloads\26-1_Capstone-main\26-1_Capstone-main\data\ecg-id-database-1.0.0\Person_26\rec_3,rr_segment,2427,2833,2427,406,True,25,25,25,0.7286157608032227,25,0.6270136833190918,1,1,1
25,Person_26,rec_3,25_rec_3,2,C:\Users\User\Downloads\26-1_Capstone-main\26-1_Capstone-main\data\ecg-id-database-1.0.0\Person_26\rec_3,rr_segment,2833,3239,2833,406,True,25,42,42,0.9474695920944214,42,0.910746157169342,0,0,0
25,Person_26,rec_3,25_rec_3,3,C:\Users\User\Downloads\26-1_Capstone-main\26-1_Capstone-main\data\ecg-id-database-1.0.0\Person_26\rec_3,rr_segment,3239,3635,3239,396,True,25,25,25,0.972773551940918,25,0.9511067867279053,1,1,1
25,Person_26,rec_3,25_rec_3,4,C:\Users\User\Downloads\26-1_Capstone-main\26-1_Capstone-main\data\ecg-id-database-1.0.0\Person_26\rec_3,rr_segment,3635,4062,3635,427,True,25,25,25,0.9968879222869873,25,0.9957244992256165,1,1,1
25,Person_26,rec_3,25_rec_3,5,C:\Users\User\Downloads\26-1_Capstone-main\26-1_Capstone-main\data\ecg-id-database-1.0.0\Person_26\rec_3,rr_segment,4062,4497,4062,435,True,25,25,25,0.9943752288818359,25,0.994787335395813,1,1,1
25,Person_26,rec_3,25_rec_3,6,C:\Users\User\Downloads\26-1_Capstone-main\26-1_Capstone-main\data\ecg-id-database-1.0.0\Person_26\rec_3,rr_segment,4497,4945,4497,448,True,25,25,25,0.9961081147193909,25,0.9929471611976624,1,1,1
25,Person_26,rec_3,25_rec_3,7,C:\Users\User\Downloads\26-1_Capstone-main\26-1_Capstone-main\data\ecg-id-database-1.0.0\Person_26\rec_3,rr_segment,4945,5400,4945,455,True,25,25,25,0.9919880032539368,25,0.9910470247268677,1,1,1
25,Person_26,rec_3,25_rec_3,8,C:\Users\User\Downloads\26-1_Capstone-main\26-1_Capstone-main\data\ecg-id-database-1.0.0\Person_26\rec_3,rr_segment,5400,5843,5400,443,True,25,25,25,0.9971727132797241,25,0.993496298789978,1,1,1
25,Person_26,rec_3,25_rec_3,9,C:\Users\User\Downloads\26-1_Capstone-main\26-1_Capstone-main\data\ecg-id-database-1.0.0\Person_26\rec_3,rr_segment,5843,6247,5843,404,True,25,25,25,0.9902060627937317,25,0.9842564463615417,1,1,1
25,Person_26,rec_3,25_rec_3,10,C:\Users\User\Downloads\26-1_Capstone-main\26-1_Capstone-main\data\ecg-id-database-1.0.0\Person_26\rec_3,rr_segment,6247,6661,6247,414,True,25,25,25,0.9952499866485596,25,0.9935050010681152,1,1,1
25,Person_26,rec_3,25_rec_3,11,C:\Users\User\Downloads\26-1_Capstone-main\26-1_Capstone-main\data\ecg-id-database-1.0.0\Person_26\rec_3,rr_segment,6661,7086,6661,425,True,25,25,25,0.9945091009140015,25,0.9864643216133118,1,1,1
25,Person_26,rec_3,25_rec_3,12,C:\Users\User\Downloads\26-1_Capstone-main\26-1_Capstone-main\data\ecg-id-database-1.0.0\Person_26\rec_3,rr_segment,7086,7517,7086,431,True,25,25,25,0.992519736289978,25,0.9762642979621887,1,1,1
25,Person_26,rec_3,25_rec_3,13,C:\Users\User\Downloads\26-1_Capstone-main\26-1_Capstone-main\data\ecg-id-database-1.0.0\Person_26\rec_3,rr_segment,7517,7927,7517,410,True,25,25,25,0.9894856810569763,25,0.9814816117286682,1,1,1
25,Person_26,rec_3,25_rec_3,14,C:\Users\User\Downloads\26-1_Capstone-main\26-1_Capstone-main\data\ecg-id-database-1.0.0\Person_26\rec_3,rr_segment,7927,8342,7927,415,True,25,25,25,0.9887272119522095,25,0.9808477163314819,1,1,1
25,Person_26,rec_3,25_rec_3,15,C:\Users\User\Downloads\26-1_Capstone-main\26-1_Capstone-main\data\ecg-id-database-1.0.0\Person_26\rec_3,rr_segment,8342,8765,8342,423,True,25,25,25,0.9872432947158813,25,0.9764395952224731,1,1,1
25,Person_26,rec_3,25_rec_3,16,C:\Users\User\Downloads\26-1_Capstone-main\26-1_Capstone-main\data\ecg-id-database-1.0.0\Person_26\rec_3,rr_segment,8765,9155,8765,390,True,25,25,25,0.9652715921401978,25,0.8778102397918701,1,1,1
25,Person_26,rec_3,25_rec_3,17,C:\Users\User\Downloads\26-1_Capstone-main\26-1_Capstone-main\data\ecg-id-database-1.0.0\Person_26\rec_3,rr_segment,9155,9531,9155,376,True,25,25,25,0.979235053062439,25,0.9357046484947205,1,1,1
25,Person_26,rec_3,25_rec_3,18,C:\Users\User\Downloads\26-1_Capstone-main\26-1_Capstone-main\data\ecg-id-database-1.0.0\Person_26\rec_3,rr_segment,9531,9910,9531,379,True,25,84,84,0.7733124494552612,84,0.7287126183509827,0,0,0
26,Person_27,rec_2,26_rec_2,1,C:\Users\User\Downloads\26-1_Capstone-main\26-1_Capstone-main\data\ecg-id-database-1.0.0\Person_27\rec_2,rr_segment,811,1196,811,385,True,26,26,26,0.9389872550964355,26,0.9309121370315552,1,1,1
26,Person_27,rec_2,26_rec_2,2,C:\Users\User\Downloads\26-1_Capstone-main\26-1_Capstone-main\data\ecg-id-database-1.0.0\Person_27\rec_2,rr_segment,1196,1622,1196,426,True,26,26,26,0.8913565874099731,26,0.848542332649231,1,1,1
26,Person_27,rec_2,26_rec_2,3,C:\Users\User\Downloads\26-1_Capstone-main\26-1_Capstone-main\data\ecg-id-database-1.0.0\Person_27\rec_2,rr_segment,1622,2048,1622,426,True,26,26,26,0.8810175061225891,26,0.8398485779762268,1,1,1
26,Person_27,rec_2,26_rec_2,4,C:\Users\User\Downloads\26-1_Capstone-main\26-1_Capstone-main\data\ecg-id-database-1.0.0\Person_27\rec_2,rr_segment,2048,2458,2048,410,True,26,58,58,0.8844227194786072,58,0.8205987215042114,0,0,0
26,Person_27,rec_2,26_rec_2,5,C:\Users\User\Downloads\26-1_Capstone-main\26-1_Capstone-main\data\ecg-id-database-1.0.0\Person_27\rec_2,rr_segment,2458,2883,2458,425,True,26,26,26,0.8264106512069702,26,0.7770454287528992,1,1,1
26,Person_27,rec_2,26_rec_2,6,C:\Users\User\Downloads\26-1_Capstone-main\26-1_Capstone-main\data\ecg-id-database-1.0.0\Person_27\rec_2,rr_segment,2883,3294,2883,411,True,26,26,26,0.9642852544784546,26,0.9148300290107727,1,1,1
26,Person_27,rec_2,26_rec_2,7,C:\Users\User\Downloads\26-1_Capstone-main\26-1_Capstone-main\data\ecg-id-database-1.0.0\Person_27\rec_2,rr_segment,3294,3696,3294,402,True,26,26,26,0.9700202345848083,26,0.9486715793609619,1,1,1
26,Person_27,rec_2,26_rec_2,8,C:\Users\User\Downloads\26-1_Capstone-main\26-1_Capstone-main\data\ecg-id-database-1.0.0\Person_27\rec_2,rr_segment,3696,4071,3696,375,True,26,26,26,0.9419453144073486,26,0.8965516090393066,1,1,1
26,Person_27,rec_2,26_rec_2,9,C:\Users\User\Downloads\26-1_Capstone-main\26-1_Capstone-main\data\ecg-id-database-1.0.0\Person_27\rec_2,rr_segment,4071,4437,4071,366,True,26,58,58,0.8874264359474182,58,0.8693536520004272,0,0,0
26,Person_27,rec_2,26_rec_2,10,C:\Users\User\Downloads\26-1_Capstone-main\26-1_Capstone-main\data\ecg-id-database-1.0.0\Person_27\rec_2,rr_segment,4437,4800,4437,363,True,26,26,26,0.9589083194732666,26,0.9143016934394836,1,1,1
26,Person_27,rec_2,26_rec_2,11,C:\Users\User\Downloads\26-1_Capstone-main\26-1_Capstone-main\data\ecg-id-database-1.0.0\Person_27\rec_2,rr_segment,4800,5164,4800,364,True,26,26,26,0.9077919721603394,26,0.8824340105056763,1,1,1
26,Person_27,rec_2,26_rec_2,14,C:\Users\User\Downloads\26-1_Capstone-main\26-1_Capstone-main\data\ecg-id-database-1.0.0\Person_27\rec_2,rr_segment,5832,6246,5832,414,True,26,60,34,0.6557284593582153,60,0.5426276922225952,0,0,0
26,Person_27,rec_2,26_rec_2,15,C:\Users\User\Downloads\26-1_Capstone-main\26-1_Capstone-main\data\ecg-id-database-1.0.0\Person_27\rec_2,rr_segment,6246,6618,6246,372,True,26,26,26,0.8615870475769043,26,0.7469850778579712,1,1,1
26,Person_27,rec_2,26_rec_2,16,C:\Users\User\Downloads\26-1_Capstone-main\26-1_Capstone-main\data\ecg-id-database-1.0.0\Person_27\rec_2,rr_segment,6618,7005,6618,387,True,26,26,58,0.8689535856246948,58,0.7864454984664917,1,0,0
26,Person_27,rec_2,26_rec_2,17,C:\Users\User\Downloads\26-1_Capstone-main\26-1_Capstone-main\data\ecg-id-database-1.0.0\Person_27\rec_2,rr_segment,7005,7391,7005,386,True,26,26,26,0.9086908102035522,26,0.8725730180740356,1,1,1
26,Person_27,rec_2,26_rec_2,18,C:\Users\User\Downloads\26-1_Capstone-main\26-1_Capstone-main\data\ecg-id-database-1.0.0\Person_27\rec_2,rr_segment,7391,7788,7391,397,True,26,26,26,0.6666275262832642,26,0.5930399298667908,1,1,1
26,Person_27,rec_2,26_rec_2,19,C:\Users\User\Downloads\26-1_Capstone-main\26-1_Capstone-main\data\ecg-id-database-1.0.0\Person_27\rec_2,rr_segment,7788,8198,7788,410,True,26,26,26,0.891624927520752,26,0.7677571773529053,1,1,1
26,Person_27,rec_2,26_rec_2,20,C:\Users\User\Downloads\26-1_Capstone-main\26-1_Capstone-main\data\ecg-id-database-1.0.0\Person_27\rec_2,rr_segment,8198,8616,8198,418,True,26,58,58,0.9196145534515381,58,0.8479536771774292,0,0,0
26,Person_27,rec_2,26_rec_2,21,C:\Users\User\Downloads\26-1_Capstone-main\26-1_Capstone-main\data\ecg-id-database-1.0.0\Person_27\rec_2,rr_segment,8616,9031,8616,415,True,26,26,26,0.9223780632019043,26,0.8290177583694458,1,1,1
26,Person_27,rec_2,26_rec_2,22,C:\Users\User\Downloads\26-1_Capstone-main\26-1_Capstone-main\data\ecg-id-database-1.0.0\Person_27\rec_2,rr_segment,9031,9438,9031,407,True,26,26,26,0.9152021408081055,26,0.821427047252655,1,1,1
26,Person_27,rec_2,26_rec_2,23,C:\Users\User\Downloads\26-1_Capstone-main\26-1_Capstone-main\data\ecg-id-database-1.0.0\Person_27\rec_2,rr_segment,9438,9838,9438,400,True,26,26,26,0.9837934970855713,26,0.947552502155304,1,1,1
27,Person_28,rec_5,27_rec_5,0,C:\Users\User\Downloads\26-1_Capstone-main\26-1_Capstone-main\data\ecg-id-database-1.0.0\Person_28\rec_5,rr_segment,190,564,190,374,True,27,27,27,0.9666978120803833,27,0.9448198080062866,1,1,1
27,Person_28,rec_5,27_rec_5,1,C:\Users\User\Downloads\26-1_Capstone-main\26-1_Capstone-main\data\ecg-id-database-1.0.0\Person_28\rec_5,rr_segment,564,942,564,378,True,27,27,27,0.988671064376831,27,0.9653281569480896,1,1,1
27,Person_28,rec_5,27_rec_5,2,C:\Users\User\Downloads\26-1_Capstone-main\26-1_Capstone-main\data\ecg-id-database-1.0.0\Person_28\rec_5,rr_segment,942,1317,942,375,True,27,27,27,0.9819968938827515,27,0.9808664917945862,1,1,1
27,Person_28,rec_5,27_rec_5,3,C:\Users\User\Downloads\26-1_Capstone-main\26-1_Capstone-main\data\ecg-id-database-1.0.0\Person_28\rec_5,rr_segment,1317,1697,1317,380,True,27,27,27,0.9430429935455322,27,0.9343176484107971,1,1,1
27,Person_28,rec_5,27_rec_5,4,C:\Users\User\Downloads\26-1_Capstone-main\26-1_Capstone-main\data\ecg-id-database-1.0.0\Person_28\rec_5,rr_segment,1697,2079,1697,382,True,27,27,27,0.9217028021812439,27,0.9130667448043823,1,1,1
27,Person_28,rec_5,27_rec_5,5,C:\Users\User\Downloads\26-1_Capstone-main\26-1_Capstone-main\data\ecg-id-database-1.0.0\Person_28\rec_5,rr_segment,2079,2453,2079,374,True,27,27,27,0.879318118095398,27,0.8617247343063354,1,1,1
27,Person_28,rec_5,27_rec_5,6,C:\Users\User\Downloads\26-1_Capstone-main\26-1_Capstone-main\data\ecg-id-database-1.0.0\Person_28\rec_5,rr_segment,2453,2827,2453,374,True,27,58,1,0.8802253007888794,58,0.7988559603691101,0,0,0
27,Person_28,rec_5,27_rec_5,7,C:\Users\User\Downloads\26-1_Capstone-main\26-1_Capstone-main\data\ecg-id-database-1.0.0\Person_28\rec_5,rr_segment,2827,3204,2827,377,True,27,51,27,0.7545124292373657,27,0.6893916130065918,0,1,1
27,Person_28,rec_5,27_rec_5,8,C:\Users\User\Downloads\26-1_Capstone-main\26-1_Capstone-main\data\ecg-id-database-1.0.0\Person_28\rec_5,rr_segment,3204,3578,3204,374,True,27,27,27,0.9631800055503845,27,0.9497411847114563,1,1,1
27,Person_28,rec_5,27_rec_5,9,C:\Users\User\Downloads\26-1_Capstone-main\26-1_Capstone-main\data\ecg-id-database-1.0.0\Person_28\rec_5,rr_segment,3578,3946,3578,368,True,27,27,27,0.9669016003608704,27,0.947585940361023,1,1,1
27,Person_28,rec_5,27_rec_5,10,C:\Users\User\Downloads\26-1_Capstone-main\26-1_Capstone-main\data\ecg-id-database-1.0.0\Person_28\rec_5,rr_segment,3946,4317,3946,371,True,27,27,27,0.9173550605773926,27,0.8678960800170898,1,1,1
27,Person_28,rec_5,27_rec_5,11,C:\Users\User\Downloads\26-1_Capstone-main\26-1_Capstone-main\data\ecg-id-database-1.0.0\Person_28\rec_5,rr_segment,4317,4693,4317,376,True,27,27,27,0.9552972912788391,27,0.9355711936950684,1,1,1
27,Person_28,rec_5,27_rec_5,12,C:\Users\User\Downloads\26-1_Capstone-main\26-1_Capstone-main\data\ecg-id-database-1.0.0\Person_28\rec_5,rr_segment,4693,5080,4693,387,True,27,27,27,0.9893085956573486,27,0.981508195400238,1,1,1
27,Person_28,rec_5,27_rec_5,16,C:\Users\User\Downloads\26-1_Capstone-main\26-1_Capstone-main\data\ecg-id-database-1.0.0\Person_28\rec_5,rr_segment,6291,6689,6291,398,True,27,27,27,0.9742754101753235,27,0.957007884979248,1,1,1
27,Person_28,rec_5,27_rec_5,17,C:\Users\User\Downloads\26-1_Capstone-main\26-1_Capstone-main\data\ecg-id-database-1.0.0\Person_28\rec_5,rr_segment,6689,7084,6689,395,True,27,27,27,0.9697052240371704,27,0.9671663641929626,1,1,1
27,Person_28,rec_5,27_rec_5,18,C:\Users\User\Downloads\26-1_Capstone-main\26-1_Capstone-main\data\ecg-id-database-1.0.0\Person_28\rec_5,rr_segment,7084,7477,7084,393,True,27,27,27,0.9731343984603882,27,0.9766618013381958,1,1,1
27,Person_28,rec_5,27_rec_5,19,C:\Users\User\Downloads\26-1_Capstone-main\26-1_Capstone-main\data\ecg-id-database-1.0.0\Person_28\rec_5,rr_segment,7477,7866,7477,389,True,27,27,27,0.9691848158836365,27,0.957403302192688,1,1,1
27,Person_28,rec_5,27_rec_5,20,C:\Users\User\Downloads\26-1_Capstone-main\26-1_Capstone-main\data\ecg-id-database-1.0.0\Person_28\rec_5,rr_segment,7866,8252,7866,386,True,27,27,27,0.9477741122245789,27,0.9424488544464111,1,1,1
27,Person_28,rec_5,27_rec_5,21,C:\Users\User\Downloads\26-1_Capstone-main\26-1_Capstone-main\data\ecg-id-database-1.0.0\Person_28\rec_5,rr_segment,8252,8633,8252,381,True,27,27,27,0.9686275124549866,27,0.9431322813034058,1,1,1
27,Person_28,rec_5,27_rec_5,22,C:\Users\User\Downloads\26-1_Capstone-main\26-1_Capstone-main\data\ecg-id-database-1.0.0\Person_28\rec_5,rr_segment,8633,9012,8633,379,True,27,27,27,0.9068751931190491,27,0.8582742214202881,1,1,1
27,Person_28,rec_5,27_rec_5,23,C:\Users\User\Downloads\26-1_Capstone-main\26-1_Capstone-main\data\ecg-id-database-1.0.0\Person_28\rec_5,rr_segment,9012,9389,9012,377,True,27,27,27,0.9609067440032959,27,0.9444222450256348,1,1,1
27,Person_28,rec_5,27_rec_5,24,C:\Users\User\Downloads\26-1_Capstone-main\26-1_Capstone-main\data\ecg-id-database-1.0.0\Person_28\rec_5,rr_segment,9389,9763,9389,374,True,27,27,27,0.9906192421913147,27,0.9832311868667603,1,1,1
28,Person_29,rec_2,28_rec_2,1,C:\Users\User\Downloads\26-1_Capstone-main\26-1_Capstone-main\data\ecg-id-database-1.0.0\Person_29\rec_2,rr_segment,617,988,617,371,True,28,28,28,0.9949301481246948,28,0.9951115846633911,1,1,1
28,Person_29,rec_2,28_rec_2,2,C:\Users\User\Downloads\26-1_Capstone-main\26-1_Capstone-main\data\ecg-id-database-1.0.0\Person_29\rec_2,rr_segment,988,1349,988,361,True,28,28,28,0.996579647064209,28,0.9934170246124268,1,1,1
28,Person_29,rec_2,28_rec_2,3,C:\Users\User\Downloads\26-1_Capstone-main\26-1_Capstone-main\data\ecg-id-database-1.0.0\Person_29\rec_2,rr_segment,1349,1704,1349,355,True,28,28,28,0.9959621429443359,28,0.9872328042984009,1,1,1
28,Person_29,rec_2,28_rec_2,4,C:\Users\User\Downloads\26-1_Capstone-main\26-1_Capstone-main\data\ecg-id-database-1.0.0\Person_29\rec_2,rr_segment,1704,2066,1704,362,True,28,28,28,0.9956115484237671,28,0.9860994815826416,1,1,1
28,Person_29,rec_2,28_rec_2,5,C:\Users\User\Downloads\26-1_Capstone-main\26-1_Capstone-main\data\ecg-id-database-1.0.0\Person_29\rec_2,rr_segment,2066,2429,2066,363,True,28,28,28,0.998542308807373,28,0.9949157238006592,1,1,1
28,Person_29,rec_2,28_rec_2,6,C:\Users\User\Downloads\26-1_Capstone-main\26-1_Capstone-main\data\ecg-id-database-1.0.0\Person_29\rec_2,rr_segment,2429,2793,2429,364,True,28,28,28,0.9982047080993652,28,0.9935439229011536,1,1,1
28,Person_29,rec_2,28_rec_2,7,C:\Users\User\Downloads\26-1_Capstone-main\26-1_Capstone-main\data\ecg-id-database-1.0.0\Person_29\rec_2,rr_segment,2793,3148,2793,355,True,28,28,28,0.9960861802101135,28,0.9890478849411011,1,1,1
28,Person_29,rec_2,28_rec_2,8,C:\Users\User\Downloads\26-1_Capstone-main\26-1_Capstone-main\data\ecg-id-database-1.0.0\Person_29\rec_2,rr_segment,3148,3505,3148,357,True,28,28,28,0.9960767030715942,28,0.9919307827949524,1,1,1
28,Person_29,rec_2,28_rec_2,9,C:\Users\User\Downloads\26-1_Capstone-main\26-1_Capstone-main\data\ecg-id-database-1.0.0\Person_29\rec_2,rr_segment,3505,3860,3505,355,True,28,28,28,0.9901453852653503,28,0.9871538877487183,1,1,1
28,Person_29,rec_2,28_rec_2,10,C:\Users\User\Downloads\26-1_Capstone-main\26-1_Capstone-main\data\ecg-id-database-1.0.0\Person_29\rec_2,rr_segment,3860,4216,3860,356,True,28,28,28,0.9931446313858032,28,0.9936172366142273,1,1,1
28,Person_29,rec_2,28_rec_2,11,C:\Users\User\Downloads\26-1_Capstone-main\26-1_Capstone-main\data\ecg-id-database-1.0.0\Person_29\rec_2,rr_segment,4216,4572,4216,356,True,28,28,28,0.9959410429000854,28,0.9923667907714844,1,1,1
28,Person_29,rec_2,28_rec_2,12,C:\Users\User\Downloads\26-1_Capstone-main\26-1_Capstone-main\data\ecg-id-database-1.0.0\Person_29\rec_2,rr_segment,4572,4932,4572,360,True,28,28,28,0.9858481884002686,28,0.9804117679595947,1,1,1
28,Person_29,rec_2,28_rec_2,13,C:\Users\User\Downloads\26-1_Capstone-main\26-1_Capstone-main\data\ecg-id-database-1.0.0\Person_29\rec_2,rr_segment,4932,5286,4932,354,True,28,28,28,0.988741397857666,28,0.9775934815406799,1,1,1
28,Person_29,rec_2,28_rec_2,14,C:\Users\User\Downloads\26-1_Capstone-main\26-1_Capstone-main\data\ecg-id-database-1.0.0\Person_29\rec_2,rr_segment,5286,5644,5286,358,True,28,28,28,0.9974062442779541,28,0.989494800567627,1,1,1
28,Person_29,rec_2,28_rec_2,15,C:\Users\User\Downloads\26-1_Capstone-main\26-1_Capstone-main\data\ecg-id-database-1.0.0\Person_29\rec_2,rr_segment,5644,5994,5644,350,True,28,28,28,0.9941815137863159,28,0.9885556697845459,1,1,1
28,Person_29,rec_2,28_rec_2,16,C:\Users\User\Downloads\26-1_Capstone-main\26-1_Capstone-main\data\ecg-id-database-1.0.0\Person_29\rec_2,rr_segment,5994,6337,5994,343,True,28,28,28,0.9854916334152222,28,0.9820443391799927,1,1,1
28,Person_29,rec_2,28_rec_2,17,C:\Users\User\Downloads\26-1_Capstone-main\26-1_Capstone-main\data\ecg-id-database-1.0.0\Person_29\rec_2,rr_segment,6337,6667,6337,330,True,28,28,28,0.9833297729492188,28,0.9830915331840515,1,1,1
28,Person_29,rec_2,28_rec_2,22,C:\Users\User\Downloads\26-1_Capstone-main\26-1_Capstone-main\data\ecg-id-database-1.0.0\Person_29\rec_2,rr_segment,7956,8289,7956,333,True,28,28,28,0.9782230854034424,28,0.9612108469009399,1,1,1
28,Person_29,rec_2,28_rec_2,23,C:\Users\User\Downloads\26-1_Capstone-main\26-1_Capstone-main\data\ecg-id-database-1.0.0\Person_29\rec_2,rr_segment,8289,8637,8289,348,True,28,28,28,0.9922524690628052,28,0.9878291487693787,1,1,1
28,Person_29,rec_2,28_rec_2,24,C:\Users\User\Downloads\26-1_Capstone-main\26-1_Capstone-main\data\ecg-id-database-1.0.0\Person_29\rec_2,rr_segment,8637,8998,8637,361,True,28,28,28,0.9958111047744751,28,0.9944003820419312,1,1,1
28,Person_29,rec_2,28_rec_2,25,C:\Users\User\Downloads\26-1_Capstone-main\26-1_Capstone-main\data\ecg-id-database-1.0.0\Person_29\rec_2,rr_segment,8998,9362,8998,364,True,28,28,28,0.9941430687904358,28,0.9849678874015808,1,1,1
28,Person_29,rec_2,28_rec_2,26,C:\Users\User\Downloads\26-1_Capstone-main\26-1_Capstone-main\data\ecg-id-database-1.0.0\Person_29\rec_2,rr_segment,9362,9729,9362,367,True,28,28,28,0.9936569333076477,28,0.9930349588394165,1,1,1
29,Person_30,rec_2,29_rec_2,0,C:\Users\User\Downloads\26-1_Capstone-main\26-1_Capstone-main\data\ecg-id-database-1.0.0\Person_30\rec_2,rr_segment,207,581,207,374,True,29,29,29,0.9692487716674805,29,0.8933393359184265,1,1,1
29,Person_30,rec_2,29_rec_2,2,C:\Users\User\Downloads\26-1_Capstone-main\26-1_Capstone-main\data\ecg-id-database-1.0.0\Person_30\rec_2,rr_segment,946,1325,946,379,True,29,56,29,0.9740313291549683,29,0.8060270547866821,0,1,1
29,Person_30,rec_2,29_rec_2,3,C:\Users\User\Downloads\26-1_Capstone-main\26-1_Capstone-main\data\ecg-id-database-1.0.0\Person_30\rec_2,rr_segment,1325,1754,1325,429,True,29,29,29,0.9956808090209961,29,0.9819570779800415,1,1,1
29,Person_30,rec_2,29_rec_2,5,C:\Users\User\Downloads\26-1_Capstone-main\26-1_Capstone-main\data\ecg-id-database-1.0.0\Person_30\rec_2,rr_segment,2229,2675,2229,446,True,29,29,29,0.9959275722503662,29,0.9799599647521973,1,1,1
29,Person_30,rec_2,29_rec_2,6,C:\Users\User\Downloads\26-1_Capstone-main\26-1_Capstone-main\data\ecg-id-database-1.0.0\Person_30\rec_2,rr_segment,2675,3116,2675,441,True,29,29,29,0.9907040596008301,29,0.9754892587661743,1,1,1
29,Person_30,rec_2,29_rec_2,7,C:\Users\User\Downloads\26-1_Capstone-main\26-1_Capstone-main\data\ecg-id-database-1.0.0\Person_30\rec_2,rr_segment,3116,3541,3116,425,True,29,29,29,0.8945467472076416,29,0.8248863220214844,1,1,1
29,Person_30,rec_2,29_rec_2,8,C:\Users\User\Downloads\26-1_Capstone-main\26-1_Capstone-main\data\ecg-id-database-1.0.0\Person_30\rec_2,rr_segment,3541,3941,3541,400,True,29,56,56,0.9608185291290283,56,0.9200899004936218,0,0,0
29,Person_30,rec_2,29_rec_2,9,C:\Users\User\Downloads\26-1_Capstone-main\26-1_Capstone-main\data\ecg-id-database-1.0.0\Person_30\rec_2,rr_segment,3941,4327,3941,386,True,29,29,29,0.9876111745834351,29,0.9279118776321411,1,1,1
29,Person_30,rec_2,29_rec_2,10,C:\Users\User\Downloads\26-1_Capstone-main\26-1_Capstone-main\data\ecg-id-database-1.0.0\Person_30\rec_2,rr_segment,4327,4710,4327,383,True,29,29,29,0.9689220190048218,29,0.9465892314910889,1,1,1
29,Person_30,rec_2,29_rec_2,11,C:\Users\User\Downloads\26-1_Capstone-main\26-1_Capstone-main\data\ecg-id-database-1.0.0\Person_30\rec_2,rr_segment,4710,5120,4710,410,True,29,29,29,0.9907680153846741,29,0.9918781518936157,1,1,1
29,Person_30,rec_2,29_rec_2,12,C:\Users\User\Downloads\26-1_Capstone-main\26-1_Capstone-main\data\ecg-id-database-1.0.0\Person_30\rec_2,rr_segment,5120,5561,5120,441,True,29,29,29,0.9919543862342834,29,0.9906231760978699,1,1,1
29,Person_30,rec_2,29_rec_2,14,C:\Users\User\Downloads\26-1_Capstone-main\26-1_Capstone-main\data\ecg-id-database-1.0.0\Person_30\rec_2,rr_segment,6038,6488,6038,450,True,29,29,29,0.9936602115631104,29,0.9740248322486877,1,1,1
29,Person_30,rec_2,29_rec_2,15,C:\Users\User\Downloads\26-1_Capstone-main\26-1_Capstone-main\data\ecg-id-database-1.0.0\Person_30\rec_2,rr_segment,6488,6931,6488,443,True,29,29,29,0.9909837245941162,29,0.9689089059829712,1,1,1
29,Person_30,rec_2,29_rec_2,16,C:\Users\User\Downloads\26-1_Capstone-main\26-1_Capstone-main\data\ecg-id-database-1.0.0\Person_30\rec_2,rr_segment,6931,7364,6931,433,True,29,29,29,0.9896803498268127,29,0.9692612886428833,1,1,1
29,Person_30,rec_2,29_rec_2,17,C:\Users\User\Downloads\26-1_Capstone-main\26-1_Capstone-main\data\ecg-id-database-1.0.0\Person_30\rec_2,rr_segment,7364,7769,7364,405,True,29,29,29,0.9958215355873108,29,0.9801777601242065,1,1,1
29,Person_30,rec_2,29_rec_2,18,C:\Users\User\Downloads\26-1_Capstone-main\26-1_Capstone-main\data\ecg-id-database-1.0.0\Person_30\rec_2,rr_segment,7769,8155,7769,386,True,29,29,29,0.9939132332801819,29,0.9659400582313538,1,1,1
29,Person_30,rec_2,29_rec_2,19,C:\Users\User\Downloads\26-1_Capstone-main\26-1_Capstone-main\data\ecg-id-database-1.0.0\Person_30\rec_2,rr_segment,8155,8549,8155,394,True,29,29,29,0.9642320275306702,29,0.9114865660667419,1,1,1
29,Person_30,rec_2,29_rec_2,20,C:\Users\User\Downloads\26-1_Capstone-main\26-1_Capstone-main\data\ecg-id-database-1.0.0\Person_30\rec_2,rr_segment,8549,8934,8549,385,True,29,29,29,0.9529078006744385,29,0.9039218425750732,1,1,1
29,Person_30,rec_2,29_rec_2,21,C:\Users\User\Downloads\26-1_Capstone-main\26-1_Capstone-main\data\ecg-id-database-1.0.0\Person_30\rec_2,rr_segment,8934,9340,8934,406,True,29,29,29,0.9732542037963867,29,0.9494177103042603,1,1,1
29,Person_30,rec_2,29_rec_2,22,C:\Users\User\Downloads\26-1_Capstone-main\26-1_Capstone-main\data\ecg-id-database-1.0.0\Person_30\rec_2,rr_segment,9340,9788,9340,448,True,29,29,29,0.9829332232475281,29,0.9779359102249146,1,1,1
30,Person_31,rec_2,30_rec_2,0,C:\Users\User\Downloads\26-1_Capstone-main\26-1_Capstone-main\data\ecg-id-database-1.0.0\Person_31\rec_2,rr_segment,460,785,460,325,True,30,30,30,0.9608798623085022,30,0.8994697332382202,1,1,1
30,Person_31,rec_2,30_rec_2,1,C:\Users\User\Downloads\26-1_Capstone-main\26-1_Capstone-main\data\ecg-id-database-1.0.0\Person_31\rec_2,rr_segment,785,1114,785,329,True,30,30,30,0.9908961057662964,30,0.9711865186691284,1,1,1
30,Person_31,rec_2,30_rec_2,2,C:\Users\User\Downloads\26-1_Capstone-main\26-1_Capstone-main\data\ecg-id-database-1.0.0\Person_31\rec_2,rr_segment,1114,1441,1114,327,True,30,30,30,0.9927982091903687,30,0.9704629182815552,1,1,1
30,Person_31,rec_2,30_rec_2,3,C:\Users\User\Downloads\26-1_Capstone-main\26-1_Capstone-main\data\ecg-id-database-1.0.0\Person_31\rec_2,rr_segment,1441,1764,1441,323,True,30,30,30,0.9968404769897461,30,0.9895305037498474,1,1,1
30,Person_31,rec_2,30_rec_2,4,C:\Users\User\Downloads\26-1_Capstone-main\26-1_Capstone-main\data\ecg-id-database-1.0.0\Person_31\rec_2,rr_segment,1764,2094,1764,330,True,30,30,30,0.987147867679596,30,0.9791777729988098,1,1,1
30,Person_31,rec_2,30_rec_2,5,C:\Users\User\Downloads\26-1_Capstone-main\26-1_Capstone-main\data\ecg-id-database-1.0.0\Person_31\rec_2,rr_segment,2094,2416,2094,322,True,30,56,56,0.891716480255127,56,0.8418039679527283,0,0,0
30,Person_31,rec_2,30_rec_2,6,C:\Users\User\Downloads\26-1_Capstone-main\26-1_Capstone-main\data\ecg-id-database-1.0.0\Person_31\rec_2,rr_segment,2416,2739,2416,323,True,30,45,45,0.8466345071792603,45,0.7859541773796082,0,0,0
30,Person_31,rec_2,30_rec_2,7,C:\Users\User\Downloads\26-1_Capstone-main\26-1_Capstone-main\data\ecg-id-database-1.0.0\Person_31\rec_2,rr_segment,2739,3067,2739,328,True,30,30,30,0.9879007339477539,30,0.9753822088241577,1,1,1
30,Person_31,rec_2,30_rec_2,8,C:\Users\User\Downloads\26-1_Capstone-main\26-1_Capstone-main\data\ecg-id-database-1.0.0\Person_31\rec_2,rr_segment,3067,3393,3067,326,True,30,30,30,0.9957734942436218,30,0.9923245906829834,1,1,1
30,Person_31,rec_2,30_rec_2,10,C:\Users\User\Downloads\26-1_Capstone-main\26-1_Capstone-main\data\ecg-id-database-1.0.0\Person_31\rec_2,rr_segment,3730,4066,3730,336,True,30,30,30,0.9818928241729736,30,0.9644206762313843,1,1,1
30,Person_31,rec_2,30_rec_2,12,C:\Users\User\Downloads\26-1_Capstone-main\26-1_Capstone-main\data\ecg-id-database-1.0.0\Person_31\rec_2,rr_segment,4405,4736,4405,331,True,30,30,30,0.9968317151069641,30,0.9887670278549194,1,1,1
30,Person_31,rec_2,30_rec_2,13,C:\Users\User\Downloads\26-1_Capstone-main\26-1_Capstone-main\data\ecg-id-database-1.0.0\Person_31\rec_2,rr_segment,4736,5067,4736,331,True,30,30,30,0.9957743883132935,30,0.9917552471160889,1,1,1
30,Person_31,rec_2,30_rec_2,14,C:\Users\User\Downloads\26-1_Capstone-main\26-1_Capstone-main\data\ecg-id-database-1.0.0\Person_31\rec_2,rr_segment,5067,5400,5067,333,True,30,30,30,0.9903525710105896,30,0.9919183254241943,1,1,1
30,Person_31,rec_2,30_rec_2,15,C:\Users\User\Downloads\26-1_Capstone-main\26-1_Capstone-main\data\ecg-id-database-1.0.0\Person_31\rec_2,rr_segment,5400,5731,5400,331,True,30,30,30,0.995720386505127,30,0.9930500388145447,1,1,1
30,Person_31,rec_2,30_rec_2,16,C:\Users\User\Downloads\26-1_Capstone-main\26-1_Capstone-main\data\ecg-id-database-1.0.0\Person_31\rec_2,rr_segment,5731,6063,5731,332,True,30,30,30,0.9924163818359375,30,0.9784652590751648,1,1,1
30,Person_31,rec_2,30_rec_2,17,C:\Users\User\Downloads\26-1_Capstone-main\26-1_Capstone-main\data\ecg-id-database-1.0.0\Person_31\rec_2,rr_segment,6063,6391,6063,328,True,30,30,30,0.9936978816986084,30,0.9853997230529785,1,1,1
30,Person_31,rec_2,30_rec_2,18,C:\Users\User\Downloads\26-1_Capstone-main\26-1_Capstone-main\data\ecg-id-database-1.0.0\Person_31\rec_2,rr_segment,6391,6719,6391,328,True,30,30,30,0.9895634651184082,30,0.9870793223381042,1,1,1
30,Person_31,rec_2,30_rec_2,19,C:\Users\User\Downloads\26-1_Capstone-main\26-1_Capstone-main\data\ecg-id-database-1.0.0\Person_31\rec_2,rr_segment,6719,7039,6719,320,True,30,30,30,0.9977012872695923,30,0.9912644624710083,1,1,1
30,Person_31,rec_2,30_rec_2,20,C:\Users\User\Downloads\26-1_Capstone-main\26-1_Capstone-main\data\ecg-id-database-1.0.0\Person_31\rec_2,rr_segment,7039,7357,7039,318,True,30,30,30,0.9919747114181519,30,0.957269549369812,1,1,1
30,Person_31,rec_2,30_rec_2,21,C:\Users\User\Downloads\26-1_Capstone-main\26-1_Capstone-main\data\ecg-id-database-1.0.0\Person_31\rec_2,rr_segment,7357,7672,7357,315,True,30,30,30,0.9976242780685425,30,0.9935792684555054,1,1,1
30,Person_31,rec_2,30_rec_2,22,C:\Users\User\Downloads\26-1_Capstone-main\26-1_Capstone-main\data\ecg-id-database-1.0.0\Person_31\rec_2,rr_segment,7672,7985,7672,313,True,30,30,30,0.9973040223121643,30,0.9784106016159058,1,1,1
30,Person_31,rec_2,30_rec_2,25,C:\Users\User\Downloads\26-1_Capstone-main\26-1_Capstone-main\data\ecg-id-database-1.0.0\Person_31\rec_2,rr_segment,8607,8920,8607,313,True,30,30,30,0.9955170154571533,30,0.9929891228675842,1,1,1
30,Person_31,rec_2,30_rec_2,26,C:\Users\User\Downloads\26-1_Capstone-main\26-1_Capstone-main\data\ecg-id-database-1.0.0\Person_31\rec_2,rr_segment,8920,9236,8920,316,True,30,30,30,0.9951076507568359,30,0.9827858209609985,1,1,1
30,Person_31,rec_2,30_rec_2,27,C:\Users\User\Downloads\26-1_Capstone-main\26-1_Capstone-main\data\ecg-id-database-1.0.0\Person_31\rec_2,rr_segment,9236,9554,9236,318,True,30,30,30,0.9946556091308594,30,0.9918835163116455,1,1,1
30,Person_31,rec_2,30_rec_2,28,C:\Users\User\Downloads\26-1_Capstone-main\26-1_Capstone-main\data\ecg-id-database-1.0.0\Person_31\rec_2,rr_segment,9554,9871,9554,317,True,30,30,30,0.9872451424598694,30,0.9880623817443848,1,1,1
31,Person_32,rec_2,31_rec_2,0,C:\Users\User\Downloads\26-1_Capstone-main\26-1_Capstone-main\data\ecg-id-database-1.0.0\Person_32\rec_2,rr_segment,294,744,294,450,True,31,31,31,0.9882693290710449,31,0.963477373123169,1,1,1
31,Person_32,rec_2,31_rec_2,1,C:\Users\User\Downloads\26-1_Capstone-main\26-1_Capstone-main\data\ecg-id-database-1.0.0\Person_32\rec_2,rr_segment,744,1208,744,464,True,31,31,31,0.9682733416557312,31,0.9309852123260498,1,1,1
31,Person_32,rec_2,31_rec_2,2,C:\Users\User\Downloads\26-1_Capstone-main\26-1_Capstone-main\data\ecg-id-database-1.0.0\Person_32\rec_2,rr_segment,1208,1672,1208,464,True,31,31,31,0.9496076107025146,31,0.9285720586776733,1,1,1
31,Person_32,rec_2,31_rec_2,3,C:\Users\User\Downloads\26-1_Capstone-main\26-1_Capstone-main\data\ecg-id-database-1.0.0\Person_32\rec_2,rr_segment,1672,2106,1672,434,True,31,31,31,0.9708060026168823,31,0.938178539276123,1,1,1
31,Person_32,rec_2,31_rec_2,5,C:\Users\User\Downloads\26-1_Capstone-main\26-1_Capstone-main\data\ecg-id-database-1.0.0\Person_32\rec_2,rr_segment,2522,2973,2522,451,True,31,31,31,0.985598087310791,31,0.974612832069397,1,1,1
31,Person_32,rec_2,31_rec_2,6,C:\Users\User\Downloads\26-1_Capstone-main\26-1_Capstone-main\data\ecg-id-database-1.0.0\Person_32\rec_2,rr_segment,2973,3445,2973,472,True,31,31,31,0.977856457233429,31,0.9013286828994751,1,1,1
31,Person_32,rec_2,31_rec_2,7,C:\Users\User\Downloads\26-1_Capstone-main\26-1_Capstone-main\data\ecg-id-database-1.0.0\Person_32\rec_2,rr_segment,3445,3922,3445,477,True,31,31,31,0.9356416463851929,31,0.8083335161209106,1,1,1
31,Person_32,rec_2,31_rec_2,8,C:\Users\User\Downloads\26-1_Capstone-main\26-1_Capstone-main\data\ecg-id-database-1.0.0\Person_32\rec_2,rr_segment,3922,4353,3922,431,True,31,31,31,0.9806898236274719,31,0.9297919869422913,1,1,1
31,Person_32,rec_2,31_rec_2,9,C:\Users\User\Downloads\26-1_Capstone-main\26-1_Capstone-main\data\ecg-id-database-1.0.0\Person_32\rec_2,rr_segment,4353,4801,4353,448,True,31,31,31,0.9883870482444763,31,0.9837608337402344,1,1,1
31,Person_32,rec_2,31_rec_2,10,C:\Users\User\Downloads\26-1_Capstone-main\26-1_Capstone-main\data\ecg-id-database-1.0.0\Person_32\rec_2,rr_segment,4801,5249,4801,448,True,31,31,31,0.9800311326980591,31,0.9688275456428528,1,1,1
31,Person_32,rec_2,31_rec_2,11,C:\Users\User\Downloads\26-1_Capstone-main\26-1_Capstone-main\data\ecg-id-database-1.0.0\Person_32\rec_2,rr_segment,5249,5686,5249,437,True,31,31,31,0.964253306388855,31,0.9313308596611023,1,1,1
31,Person_32,rec_2,31_rec_2,13,C:\Users\User\Downloads\26-1_Capstone-main\26-1_Capstone-main\data\ecg-id-database-1.0.0\Person_32\rec_2,rr_segment,6100,6535,6100,435,True,31,31,31,0.980177104473114,31,0.9730991125106812,1,1,1
31,Person_32,rec_2,31_rec_2,14,C:\Users\User\Downloads\26-1_Capstone-main\26-1_Capstone-main\data\ecg-id-database-1.0.0\Person_32\rec_2,rr_segment,6535,6999,6535,464,True,31,31,31,0.972904622554779,31,0.9102968573570251,1,1,1
31,Person_32,rec_2,31_rec_2,15,C:\Users\User\Downloads\26-1_Capstone-main\26-1_Capstone-main\data\ecg-id-database-1.0.0\Person_32\rec_2,rr_segment,6999,7464,6999,465,True,31,31,31,0.9765514135360718,31,0.9851765036582947,1,1,1
31,Person_32,rec_2,31_rec_2,16,C:\Users\User\Downloads\26-1_Capstone-main\26-1_Capstone-main\data\ecg-id-database-1.0.0\Person_32\rec_2,rr_segment,7464,7908,7464,444,True,31,31,31,0.9791043996810913,31,0.9669199585914612,1,1,1
31,Person_32,rec_2,31_rec_2,17,C:\Users\User\Downloads\26-1_Capstone-main\26-1_Capstone-main\data\ecg-id-database-1.0.0\Person_32\rec_2,rr_segment,7908,8370,7908,462,True,31,31,31,0.9776042699813843,31,0.9541780948638916,1,1,1
31,Person_32,rec_2,31_rec_2,19,C:\Users\User\Downloads\26-1_Capstone-main\26-1_Capstone-main\data\ecg-id-database-1.0.0\Person_32\rec_2,rr_segment,8858,9333,8858,475,True,31,31,31,0.9725821018218994,31,0.9274540543556213,1,1,1
31,Person_32,rec_2,31_rec_2,20,C:\Users\User\Downloads\26-1_Capstone-main\26-1_Capstone-main\data\ecg-id-database-1.0.0\Person_32\rec_2,rr_segment,9333,9778,9333,445,True,31,31,31,0.9381172060966492,31,0.8487937450408936,1,1,1
32,Person_33,rec_2,32_rec_2,0,C:\Users\User\Downloads\26-1_Capstone-main\26-1_Capstone-main\data\ecg-id-database-1.0.0\Person_33\rec_2,rr_segment,233,620,233,387,True,32,32,32,0.9287747144699097,32,0.8699401617050171,1,1,1
32,Person_33,rec_2,32_rec_2,1,C:\Users\User\Downloads\26-1_Capstone-main\26-1_Capstone-main\data\ecg-id-database-1.0.0\Person_33\rec_2,rr_segment,620,1016,620,396,True,32,32,32,0.936255693435669,32,0.8583253622055054,1,1,1
32,Person_33,rec_2,32_rec_2,2,C:\Users\User\Downloads\26-1_Capstone-main\26-1_Capstone-main\data\ecg-id-database-1.0.0\Person_33\rec_2,rr_segment,1016,1430,1016,414,True,32,66,66,0.9470444917678833,66,0.9152897596359253,0,0,0
32,Person_33,rec_2,32_rec_2,3,C:\Users\User\Downloads\26-1_Capstone-main\26-1_Capstone-main\data\ecg-id-database-1.0.0\Person_33\rec_2,rr_segment,1430,1838,1430,408,True,32,43,43,0.949761152267456,43,0.8833143711090088,0,0,0
32,Person_33,rec_2,32_rec_2,4,C:\Users\User\Downloads\26-1_Capstone-main\26-1_Capstone-main\data\ecg-id-database-1.0.0\Person_33\rec_2,rr_segment,1838,2247,1838,409,True,32,32,32,0.964787483215332,32,0.8755622506141663,1,1,1
32,Person_33,rec_2,32_rec_2,5,C:\Users\User\Downloads\26-1_Capstone-main\26-1_Capstone-main\data\ecg-id-database-1.0.0\Person_33\rec_2,rr_segment,2247,2643,2247,396,True,32,32,32,0.8977645635604858,32,0.7974598407745361,1,1,1
32,Person_33,rec_2,32_rec_2,6,C:\Users\User\Downloads\26-1_Capstone-main\26-1_Capstone-main\data\ecg-id-database-1.0.0\Person_33\rec_2,rr_segment,2643,3046,2643,403,True,32,32,32,0.9193292856216431,32,0.9010820984840393,1,1,1
32,Person_33,rec_2,32_rec_2,7,C:\Users\User\Downloads\26-1_Capstone-main\26-1_Capstone-main\data\ecg-id-database-1.0.0\Person_33\rec_2,rr_segment,3046,3432,3046,386,True,32,32,32,0.8935221433639526,32,0.8364914655685425,1,1,1
32,Person_33,rec_2,32_rec_2,8,C:\Users\User\Downloads\26-1_Capstone-main\26-1_Capstone-main\data\ecg-id-database-1.0.0\Person_33\rec_2,rr_segment,3432,3813,3432,381,True,32,32,32,0.9560311436653137,32,0.9333180785179138,1,1,1
32,Person_33,rec_2,32_rec_2,9,C:\Users\User\Downloads\26-1_Capstone-main\26-1_Capstone-main\data\ecg-id-database-1.0.0\Person_33\rec_2,rr_segment,3813,4189,3813,376,True,32,32,32,0.9690244793891907,32,0.970408022403717,1,1,1
32,Person_33,rec_2,32_rec_2,10,C:\Users\User\Downloads\26-1_Capstone-main\26-1_Capstone-main\data\ecg-id-database-1.0.0\Person_33\rec_2,rr_segment,4189,4560,4189,371,True,32,32,32,0.9099941253662109,32,0.8405450582504272,1,1,1
32,Person_33,rec_2,32_rec_2,13,C:\Users\User\Downloads\26-1_Capstone-main\26-1_Capstone-main\data\ecg-id-database-1.0.0\Person_33\rec_2,rr_segment,5282,5648,5282,366,True,32,43,32,0.894043505191803,32,0.8138184547424316,0,1,1
32,Person_33,rec_2,32_rec_2,14,C:\Users\User\Downloads\26-1_Capstone-main\26-1_Capstone-main\data\ecg-id-database-1.0.0\Person_33\rec_2,rr_segment,5648,6015,5648,367,True,32,43,43,0.9394670724868774,43,0.8592938184738159,0,0,0
32,Person_33,rec_2,32_rec_2,15,C:\Users\User\Downloads\26-1_Capstone-main\26-1_Capstone-main\data\ecg-id-database-1.0.0\Person_33\rec_2,rr_segment,6015,6403,6015,388,True,32,32,32,0.970289409160614,32,0.9643269777297974,1,1,1
32,Person_33,rec_2,32_rec_2,16,C:\Users\User\Downloads\26-1_Capstone-main\26-1_Capstone-main\data\ecg-id-database-1.0.0\Person_33\rec_2,rr_segment,6403,6796,6403,393,True,32,43,43,0.9754101037979126,43,0.903457760810852,0,0,0
32,Person_33,rec_2,32_rec_2,17,C:\Users\User\Downloads\26-1_Capstone-main\26-1_Capstone-main\data\ecg-id-database-1.0.0\Person_33\rec_2,rr_segment,6796,7198,6796,402,True,32,32,32,0.9543009400367737,32,0.924829363822937,1,1,1
32,Person_33,rec_2,32_rec_2,18,C:\Users\User\Downloads\26-1_Capstone-main\26-1_Capstone-main\data\ecg-id-database-1.0.0\Person_33\rec_2,rr_segment,7198,7602,7198,404,True,32,32,32,0.9069644212722778,32,0.8422311544418335,1,1,1
32,Person_33,rec_2,32_rec_2,19,C:\Users\User\Downloads\26-1_Capstone-main\26-1_Capstone-main\data\ecg-id-database-1.0.0\Person_33\rec_2,rr_segment,7602,8016,7602,414,True,32,32,32,0.9021134376525879,32,0.8573867082595825,1,1,1
32,Person_33,rec_2,32_rec_2,20,C:\Users\User\Downloads\26-1_Capstone-main\26-1_Capstone-main\data\ecg-id-database-1.0.0\Person_33\rec_2,rr_segment,8016,8430,8016,414,True,32,43,43,0.9327113628387451,43,0.8486828207969666,0,0,0
32,Person_33,rec_2,32_rec_2,21,C:\Users\User\Downloads\26-1_Capstone-main\26-1_Capstone-main\data\ecg-id-database-1.0.0\Person_33\rec_2,rr_segment,8430,8819,8430,389,True,32,32,32,0.933370053768158,32,0.8599361777305603,1,1,1
32,Person_33,rec_2,32_rec_2,22,C:\Users\User\Downloads\26-1_Capstone-main\26-1_Capstone-main\data\ecg-id-database-1.0.0\Person_33\rec_2,rr_segment,8819,9211,8819,392,True,32,32,32,0.9391641616821289,32,0.9216849207878113,1,1,1
32,Person_33,rec_2,32_rec_2,23,C:\Users\User\Downloads\26-1_Capstone-main\26-1_Capstone-main\data\ecg-id-database-1.0.0\Person_33\rec_2,rr_segment,9211,9597,9211,386,True,32,45,45,0.8742353320121765,45,0.8302860260009766,0,0,0
33,Person_34,rec_2,33_rec_2,4,C:\Users\User\Downloads\26-1_Capstone-main\26-1_Capstone-main\data\ecg-id-database-1.0.0\Person_34\rec_2,rr_segment,1612,1961,1612,349,True,33,33,33,0.9683575630187988,33,0.9358214735984802,1,1,1
33,Person_34,rec_2,33_rec_2,5,C:\Users\User\Downloads\26-1_Capstone-main\26-1_Capstone-main\data\ecg-id-database-1.0.0\Person_34\rec_2,rr_segment,1961,2308,1961,347,True,33,33,33,0.9319167137145996,33,0.8086316585540771,1,1,1
33,Person_34,rec_2,33_rec_2,6,C:\Users\User\Downloads\26-1_Capstone-main\26-1_Capstone-main\data\ecg-id-database-1.0.0\Person_34\rec_2,rr_segment,2308,2651,2308,343,True,33,33,33,0.9535925984382629,33,0.9297367334365845,1,1,1
33,Person_34,rec_2,33_rec_2,7,C:\Users\User\Downloads\26-1_Capstone-main\26-1_Capstone-main\data\ecg-id-database-1.0.0\Person_34\rec_2,rr_segment,2651,2992,2651,341,True,33,33,33,0.9878430366516113,33,0.967907190322876,1,1,1
33,Person_34,rec_2,33_rec_2,8,C:\Users\User\Downloads\26-1_Capstone-main\26-1_Capstone-main\data\ecg-id-database-1.0.0\Person_34\rec_2,rr_segment,2992,3326,2992,334,True,33,33,33,0.9767857789993286,33,0.9565342664718628,1,1,1
33,Person_34,rec_2,33_rec_2,9,C:\Users\User\Downloads\26-1_Capstone-main\26-1_Capstone-main\data\ecg-id-database-1.0.0\Person_34\rec_2,rr_segment,3326,3660,3326,334,True,33,33,33,0.9934691190719604,33,0.9768900871276855,1,1,1
33,Person_34,rec_2,33_rec_2,10,C:\Users\User\Downloads\26-1_Capstone-main\26-1_Capstone-main\data\ecg-id-database-1.0.0\Person_34\rec_2,rr_segment,3660,3992,3660,332,True,33,33,33,0.9750641584396362,33,0.9660652279853821,1,1,1
33,Person_34,rec_2,33_rec_2,11,C:\Users\User\Downloads\26-1_Capstone-main\26-1_Capstone-main\data\ecg-id-database-1.0.0\Person_34\rec_2,rr_segment,3992,4326,3992,334,True,33,33,33,0.994739294052124,33,0.9790949821472168,1,1,1
33,Person_34,rec_2,33_rec_2,12,C:\Users\User\Downloads\26-1_Capstone-main\26-1_Capstone-main\data\ecg-id-database-1.0.0\Person_34\rec_2,rr_segment,4326,4661,4326,335,True,33,33,33,0.9009824991226196,33,0.8490507006645203,1,1,1
33,Person_34,rec_2,33_rec_2,13,C:\Users\User\Downloads\26-1_Capstone-main\26-1_Capstone-main\data\ecg-id-database-1.0.0\Person_34\rec_2,rr_segment,4661,4990,4661,329,True,33,33,33,0.8970707654953003,33,0.879193127155304,1,1,1
33,Person_34,rec_2,33_rec_2,14,C:\Users\User\Downloads\26-1_Capstone-main\26-1_Capstone-main\data\ecg-id-database-1.0.0\Person_34\rec_2,rr_segment,4990,5317,4990,327,True,33,33,33,0.9316229820251465,33,0.792019248008728,1,1,1
33,Person_34,rec_2,33_rec_2,15,C:\Users\User\Downloads\26-1_Capstone-main\26-1_Capstone-main\data\ecg-id-database-1.0.0\Person_34\rec_2,rr_segment,5317,5644,5317,327,True,33,33,23,0.8784984946250916,33,0.6940218806266785,1,0,1
33,Person_34,rec_2,33_rec_2,16,C:\Users\User\Downloads\26-1_Capstone-main\26-1_Capstone-main\data\ecg-id-database-1.0.0\Person_34\rec_2,rr_segment,5644,5976,5644,332,True,33,34,33,0.9314537048339844,33,0.8537557721138,0,1,1
33,Person_34,rec_2,33_rec_2,17,C:\Users\User\Downloads\26-1_Capstone-main\26-1_Capstone-main\data\ecg-id-database-1.0.0\Person_34\rec_2,rr_segment,5976,6313,5976,337,True,33,33,33,0.9758960008621216,33,0.9473735690116882,1,1,1
33,Person_34,rec_2,33_rec_2,18,C:\Users\User\Downloads\26-1_Capstone-main\26-1_Capstone-main\data\ecg-id-database-1.0.0\Person_34\rec_2,rr_segment,6313,6652,6313,339,True,33,33,33,0.9896184206008911,33,0.9735803604125977,1,1,1
33,Person_34,rec_2,33_rec_2,19,C:\Users\User\Downloads\26-1_Capstone-main\26-1_Capstone-main\data\ecg-id-database-1.0.0\Person_34\rec_2,rr_segment,6652,6985,6652,333,True,33,33,33,0.990138828754425,33,0.9766478538513184,1,1,1
33,Person_34,rec_2,33_rec_2,20,C:\Users\User\Downloads\26-1_Capstone-main\26-1_Capstone-main\data\ecg-id-database-1.0.0\Person_34\rec_2,rr_segment,6985,7316,6985,331,True,33,33,33,0.9810768365859985,33,0.9695643186569214,1,1,1
33,Person_34,rec_2,33_rec_2,21,C:\Users\User\Downloads\26-1_Capstone-main\26-1_Capstone-main\data\ecg-id-database-1.0.0\Person_34\rec_2,rr_segment,7316,7651,7316,335,True,33,33,33,0.9916186332702637,33,0.985029399394989,1,1,1
33,Person_34,rec_2,33_rec_2,22,C:\Users\User\Downloads\26-1_Capstone-main\26-1_Capstone-main\data\ecg-id-database-1.0.0\Person_34\rec_2,rr_segment,7651,7984,7651,333,True,33,33,33,0.9555894732475281,33,0.9342067241668701,1,1,1
33,Person_34,rec_2,33_rec_2,23,C:\Users\User\Downloads\26-1_Capstone-main\26-1_Capstone-main\data\ecg-id-database-1.0.0\Person_34\rec_2,rr_segment,7984,8315,7984,331,True,33,33,33,0.9938183426856995,33,0.9500784873962402,1,1,1
33,Person_34,rec_2,33_rec_2,24,C:\Users\User\Downloads\26-1_Capstone-main\26-1_Capstone-main\data\ecg-id-database-1.0.0\Person_34\rec_2,rr_segment,8315,8641,8315,326,True,33,33,33,0.9428985714912415,33,0.8681334257125854,1,1,1
33,Person_34,rec_2,33_rec_2,25,C:\Users\User\Downloads\26-1_Capstone-main\26-1_Capstone-main\data\ecg-id-database-1.0.0\Person_34\rec_2,rr_segment,8641,8962,8641,321,True,33,33,33,0.9562497138977051,33,0.9257486462593079,1,1,1
33,Person_34,rec_2,33_rec_2,26,C:\Users\User\Downloads\26-1_Capstone-main\26-1_Capstone-main\data\ecg-id-database-1.0.0\Person_34\rec_2,rr_segment,8962,9286,8962,324,True,33,33,33,0.9867297410964966,33,0.9787922501564026,1,1,1
33,Person_34,rec_2,33_rec_2,27,C:\Users\User\Downloads\26-1_Capstone-main\26-1_Capstone-main\data\ecg-id-database-1.0.0\Person_34\rec_2,rr_segment,9286,9617,9286,331,True,33,33,33,0.9827948808670044,33,0.9633265137672424,1,1,1
33,Person_34,rec_2,33_rec_2,28,C:\Users\User\Downloads\26-1_Capstone-main\26-1_Capstone-main\data\ecg-id-database-1.0.0\Person_34\rec_2,rr_segment,9617,9952,9617,335,True,33,33,33,0.9818148016929626,33,0.966657817363739,1,1,1
34,Person_35,rec_4,34_rec_4,0,C:\Users\User\Downloads\26-1_Capstone-main\26-1_Capstone-main\data\ecg-id-database-1.0.0\Person_35\rec_4,rr_segment,193,555,193,362,True,34,34,34,0.9917590618133545,34,0.9910169839859009,1,1,1
34,Person_35,rec_4,34_rec_4,1,C:\Users\User\Downloads\26-1_Capstone-main\26-1_Capstone-main\data\ecg-id-database-1.0.0\Person_35\rec_4,rr_segment,555,909,555,354,True,34,34,34,0.9751520156860352,34,0.9641350507736206,1,1,1
34,Person_35,rec_4,34_rec_4,2,C:\Users\User\Downloads\26-1_Capstone-main\26-1_Capstone-main\data\ecg-id-database-1.0.0\Person_35\rec_4,rr_segment,909,1255,909,346,True,34,34,34,0.9751991033554077,34,0.9402995109558105,1,1,1
34,Person_35,rec_4,34_rec_4,3,C:\Users\User\Downloads\26-1_Capstone-main\26-1_Capstone-main\data\ecg-id-database-1.0.0\Person_35\rec_4,rr_segment,1255,1589,1255,334,True,34,34,34,0.9700626134872437,34,0.9709185361862183,1,1,1
34,Person_35,rec_4,34_rec_4,4,C:\Users\User\Downloads\26-1_Capstone-main\26-1_Capstone-main\data\ecg-id-database-1.0.0\Person_35\rec_4,rr_segment,1589,1917,1589,328,True,34,34,34,0.991340696811676,34,0.9689540863037109,1,1,1
34,Person_35,rec_4,34_rec_4,5,C:\Users\User\Downloads\26-1_Capstone-main\26-1_Capstone-main\data\ecg-id-database-1.0.0\Person_35\rec_4,rr_segment,1917,2247,1917,330,True,34,34,34,0.9767751693725586,34,0.951332688331604,1,1,1
34,Person_35,rec_4,34_rec_4,6,C:\Users\User\Downloads\26-1_Capstone-main\26-1_Capstone-main\data\ecg-id-database-1.0.0\Person_35\rec_4,rr_segment,2247,2580,2247,333,True,34,34,34,0.9717916250228882,34,0.9553344249725342,1,1,1
34,Person_35,rec_4,34_rec_4,7,C:\Users\User\Downloads\26-1_Capstone-main\26-1_Capstone-main\data\ecg-id-database-1.0.0\Person_35\rec_4,rr_segment,2580,2906,2580,326,True,34,34,34,0.9639027118682861,34,0.948932409286499,1,1,1
34,Person_35,rec_4,34_rec_4,8,C:\Users\User\Downloads\26-1_Capstone-main\26-1_Capstone-main\data\ecg-id-database-1.0.0\Person_35\rec_4,rr_segment,2906,3233,2906,327,True,34,34,34,0.9323620796203613,34,0.8276481032371521,1,1,1
34,Person_35,rec_4,34_rec_4,9,C:\Users\User\Downloads\26-1_Capstone-main\26-1_Capstone-main\data\ecg-id-database-1.0.0\Person_35\rec_4,rr_segment,3233,3573,3233,340,True,34,34,34,0.977794885635376,34,0.9637866020202637,1,1,1
34,Person_35,rec_4,34_rec_4,10,C:\Users\User\Downloads\26-1_Capstone-main\26-1_Capstone-main\data\ecg-id-database-1.0.0\Person_35\rec_4,rr_segment,3573,3953,3573,380,True,34,34,34,0.9885027408599854,34,0.9726383090019226,1,1,1
34,Person_35,rec_4,34_rec_4,14,C:\Users\User\Downloads\26-1_Capstone-main\26-1_Capstone-main\data\ecg-id-database-1.0.0\Person_35\rec_4,rr_segment,5253,5661,5253,408,True,34,34,34,0.9937292337417603,34,0.9835902452468872,1,1,1
34,Person_35,rec_4,34_rec_4,15,C:\Users\User\Downloads\26-1_Capstone-main\26-1_Capstone-main\data\ecg-id-database-1.0.0\Person_35\rec_4,rr_segment,5661,6043,5661,382,True,34,34,34,0.9576915502548218,34,0.8640062808990479,1,1,1
34,Person_35,rec_4,34_rec_4,16,C:\Users\User\Downloads\26-1_Capstone-main\26-1_Capstone-main\data\ecg-id-database-1.0.0\Person_35\rec_4,rr_segment,6043,6407,6043,364,True,34,34,34,0.9916117191314697,34,0.9820724129676819,1,1,1
34,Person_35,rec_4,34_rec_4,17,C:\Users\User\Downloads\26-1_Capstone-main\26-1_Capstone-main\data\ecg-id-database-1.0.0\Person_35\rec_4,rr_segment,6407,6767,6407,360,True,34,34,34,0.9902322292327881,34,0.9858371019363403,1,1,1
34,Person_35,rec_4,34_rec_4,18,C:\Users\User\Downloads\26-1_Capstone-main\26-1_Capstone-main\data\ecg-id-database-1.0.0\Person_35\rec_4,rr_segment,6767,7129,6767,362,True,34,34,34,0.9871578216552734,34,0.9772797226905823,1,1,1
34,Person_35,rec_4,34_rec_4,19,C:\Users\User\Downloads\26-1_Capstone-main\26-1_Capstone-main\data\ecg-id-database-1.0.0\Person_35\rec_4,rr_segment,7129,7490,7129,361,True,34,34,34,0.9951801300048828,34,0.9908556342124939,1,1,1
34,Person_35,rec_4,34_rec_4,20,C:\Users\User\Downloads\26-1_Capstone-main\26-1_Capstone-main\data\ecg-id-database-1.0.0\Person_35\rec_4,rr_segment,7490,7838,7490,348,True,34,34,34,0.9868382215499878,34,0.9910691380500793,1,1,1
34,Person_35,rec_4,34_rec_4,21,C:\Users\User\Downloads\26-1_Capstone-main\26-1_Capstone-main\data\ecg-id-database-1.0.0\Person_35\rec_4,rr_segment,7838,8180,7838,342,True,34,34,34,0.9889211058616638,34,0.9892745614051819,1,1,1
34,Person_35,rec_4,34_rec_4,22,C:\Users\User\Downloads\26-1_Capstone-main\26-1_Capstone-main\data\ecg-id-database-1.0.0\Person_35\rec_4,rr_segment,8180,8531,8180,351,True,34,34,34,0.9892833828926086,34,0.9766977429389954,1,1,1
34,Person_35,rec_4,34_rec_4,23,C:\Users\User\Downloads\26-1_Capstone-main\26-1_Capstone-main\data\ecg-id-database-1.0.0\Person_35\rec_4,rr_segment,8531,8901,8531,370,True,34,34,34,0.9879642724990845,34,0.9750546216964722,1,1,1
34,Person_35,rec_4,34_rec_4,24,C:\Users\User\Downloads\26-1_Capstone-main\26-1_Capstone-main\data\ecg-id-database-1.0.0\Person_35\rec_4,rr_segment,8901,9296,8901,395,True,34,34,34,0.9957249760627747,34,0.9831199645996094,1,1,1
34,Person_35,rec_4,34_rec_4,25,C:\Users\User\Downloads\26-1_Capstone-main\26-1_Capstone-main\data\ecg-id-database-1.0.0\Person_35\rec_4,rr_segment,9296,9701,9296,405,True,34,34,34,0.989088773727417,34,0.9711990356445312,1,1,1
35,Person_36,rec_5,35_rec_5,0,C:\Users\User\Downloads\26-1_Capstone-main\26-1_Capstone-main\data\ecg-id-database-1.0.0\Person_36\rec_5,rr_segment,234,656,234,422,True,35,35,35,0.9335429668426514,48,0.7511436343193054,1,1,0
35,Person_36,rec_5,35_rec_5,1,C:\Users\User\Downloads\26-1_Capstone-main\26-1_Capstone-main\data\ecg-id-database-1.0.0\Person_36\rec_5,rr_segment,656,1095,656,439,True,35,35,35,0.9349161386489868,35,0.8777085542678833,1,1,1
35,Person_36,rec_5,35_rec_5,2,C:\Users\User\Downloads\26-1_Capstone-main\26-1_Capstone-main\data\ecg-id-database-1.0.0\Person_36\rec_5,rr_segment,1095,1531,1095,436,True,35,35,35,0.9247367978096008,35,0.8949934244155884,1,1,1
35,Person_36,rec_5,35_rec_5,3,C:\Users\User\Downloads\26-1_Capstone-main\26-1_Capstone-main\data\ecg-id-database-1.0.0\Person_36\rec_5,rr_segment,1531,1969,1531,438,True,35,35,35,0.9512665271759033,35,0.9104188680648804,1,1,1
35,Person_36,rec_5,35_rec_5,4,C:\Users\User\Downloads\26-1_Capstone-main\26-1_Capstone-main\data\ecg-id-database-1.0.0\Person_36\rec_5,rr_segment,1969,2366,1969,397,True,35,35,35,0.9781972765922546,35,0.7811266183853149,1,1,1
35,Person_36,rec_5,35_rec_5,5,C:\Users\User\Downloads\26-1_Capstone-main\26-1_Capstone-main\data\ecg-id-database-1.0.0\Person_36\rec_5,rr_segment,2366,2760,2366,394,True,35,48,35,0.8823232650756836,48,0.7987198233604431,0,1,0
35,Person_36,rec_5,35_rec_5,7,C:\Users\User\Downloads\26-1_Capstone-main\26-1_Capstone-main\data\ecg-id-database-1.0.0\Person_36\rec_5,rr_segment,3137,3535,3137,398,True,35,48,48,0.8833763599395752,48,0.8151681423187256,0,0,0
35,Person_36,rec_5,35_rec_5,8,C:\Users\User\Downloads\26-1_Capstone-main\26-1_Capstone-main\data\ecg-id-database-1.0.0\Person_36\rec_5,rr_segment,3535,3957,3535,422,True,35,35,35,0.9376431703567505,35,0.8352880477905273,1,1,1
35,Person_36,rec_5,35_rec_5,9,C:\Users\User\Downloads\26-1_Capstone-main\26-1_Capstone-main\data\ecg-id-database-1.0.0\Person_36\rec_5,rr_segment,3957,4417,3957,460,True,35,35,35,0.9482377767562866,35,0.9027990102767944,1,1,1
35,Person_36,rec_5,35_rec_5,12,C:\Users\User\Downloads\26-1_Capstone-main\26-1_Capstone-main\data\ecg-id-database-1.0.0\Person_36\rec_5,rr_segment,5379,5833,5379,454,True,35,35,35,0.9591047763824463,35,0.923599362373352,1,1,1
35,Person_36,rec_5,35_rec_5,13,C:\Users\User\Downloads\26-1_Capstone-main\26-1_Capstone-main\data\ecg-id-database-1.0.0\Person_36\rec_5,rr_segment,5833,6283,5833,450,True,35,35,35,0.9499291777610779,35,0.9024605751037598,1,1,1
35,Person_36,rec_5,35_rec_5,14,C:\Users\User\Downloads\26-1_Capstone-main\26-1_Capstone-main\data\ecg-id-database-1.0.0\Person_36\rec_5,rr_segment,6283,6725,6283,442,True,35,35,35,0.9468625783920288,35,0.9058585166931152,1,1,1
35,Person_36,rec_5,35_rec_5,15,C:\Users\User\Downloads\26-1_Capstone-main\26-1_Capstone-main\data\ecg-id-database-1.0.0\Person_36\rec_5,rr_segment,6725,7160,6725,435,True,35,35,35,0.9576021432876587,35,0.8893515467643738,1,1,1
35,Person_36,rec_5,35_rec_5,16,C:\Users\User\Downloads\26-1_Capstone-main\26-1_Capstone-main\data\ecg-id-database-1.0.0\Person_36\rec_5,rr_segment,7160,7595,7160,435,True,35,35,35,0.9605375528335571,35,0.9211840629577637,1,1,1
35,Person_36,rec_5,35_rec_5,17,C:\Users\User\Downloads\26-1_Capstone-main\26-1_Capstone-main\data\ecg-id-database-1.0.0\Person_36\rec_5,rr_segment,7595,8006,7595,411,True,35,35,35,0.9550265073776245,48,0.7459632754325867,1,1,0
35,Person_36,rec_5,35_rec_5,18,C:\Users\User\Downloads\26-1_Capstone-main\26-1_Capstone-main\data\ecg-id-database-1.0.0\Person_36\rec_5,rr_segment,8006,8428,8006,422,True,35,48,48,0.9377793669700623,48,0.8294105529785156,0,0,0
35,Person_36,rec_5,35_rec_5,19,C:\Users\User\Downloads\26-1_Capstone-main\26-1_Capstone-main\data\ecg-id-database-1.0.0\Person_36\rec_5,rr_segment,8428,8843,8428,415,True,35,48,48,0.8634973764419556,48,0.7356990575790405,0,0,0
35,Person_36,rec_5,35_rec_5,20,C:\Users\User\Downloads\26-1_Capstone-main\26-1_Capstone-main\data\ecg-id-database-1.0.0\Person_36\rec_5,rr_segment,8843,9253,8843,410,True,35,35,35,0.9280455112457275,35,0.7534850835800171,1,1,1
35,Person_36,rec_5,35_rec_5,21,C:\Users\User\Downloads\26-1_Capstone-main\26-1_Capstone-main\data\ecg-id-database-1.0.0\Person_36\rec_5,rr_segment,9253,9654,9253,401,True,35,35,35,0.9295281171798706,35,0.7604843974113464,1,1,1
36,Person_37,rec_1,36_rec_1,0,C:\Users\User\Downloads\26-1_Capstone-main\26-1_Capstone-main\data\ecg-id-database-1.0.0\Person_37\rec_1,rr_segment,236,672,236,436,True,36,36,36,0.9877579212188721,36,0.9726340770721436,1,1,1
36,Person_37,rec_1,36_rec_1,1,C:\Users\User\Downloads\26-1_Capstone-main\26-1_Capstone-main\data\ecg-id-database-1.0.0\Person_37\rec_1,rr_segment,672,1118,672,446,True,36,36,36,0.965040922164917,36,0.948979377746582,1,1,1
36,Person_37,rec_1,36_rec_1,2,C:\Users\User\Downloads\26-1_Capstone-main\26-1_Capstone-main\data\ecg-id-database-1.0.0\Person_37\rec_1,rr_segment,1118,1561,1118,443,True,36,36,36,0.9769601225852966,36,0.9708973169326782,1,1,1
36,Person_37,rec_1,36_rec_1,3,C:\Users\User\Downloads\26-1_Capstone-main\26-1_Capstone-main\data\ecg-id-database-1.0.0\Person_37\rec_1,rr_segment,1561,1979,1561,418,True,36,36,36,0.9680120348930359,36,0.9641607999801636,1,1,1
36,Person_37,rec_1,36_rec_1,4,C:\Users\User\Downloads\26-1_Capstone-main\26-1_Capstone-main\data\ecg-id-database-1.0.0\Person_37\rec_1,rr_segment,1979,2365,1979,386,True,36,36,36,0.9572553634643555,36,0.9345592260360718,1,1,1
36,Person_37,rec_1,36_rec_1,5,C:\Users\User\Downloads\26-1_Capstone-main\26-1_Capstone-main\data\ecg-id-database-1.0.0\Person_37\rec_1,rr_segment,2365,2760,2365,395,True,36,36,36,0.9719799160957336,36,0.9613314270973206,1,1,1
36,Person_37,rec_1,36_rec_1,6,C:\Users\User\Downloads\26-1_Capstone-main\26-1_Capstone-main\data\ecg-id-database-1.0.0\Person_37\rec_1,rr_segment,2760,3139,2760,379,True,36,36,36,0.9375175833702087,36,0.8859490156173706,1,1,1
36,Person_37,rec_1,36_rec_1,8,C:\Users\User\Downloads\26-1_Capstone-main\26-1_Capstone-main\data\ecg-id-database-1.0.0\Person_37\rec_1,rr_segment,3505,3876,3505,371,True,36,33,33,0.8109830021858215,33,0.7343518137931824,0,0,0
36,Person_37,rec_1,36_rec_1,11,C:\Users\User\Downloads\26-1_Capstone-main\26-1_Capstone-main\data\ecg-id-database-1.0.0\Person_37\rec_1,rr_segment,4598,4975,4598,377,True,36,36,36,0.891506552696228,36,0.853405237197876,1,1,1
36,Person_37,rec_1,36_rec_1,12,C:\Users\User\Downloads\26-1_Capstone-main\26-1_Capstone-main\data\ecg-id-database-1.0.0\Person_37\rec_1,rr_segment,4975,5377,4975,402,True,36,36,36,0.9676510095596313,36,0.9511431455612183,1,1,1
36,Person_37,rec_1,36_rec_1,13,C:\Users\User\Downloads\26-1_Capstone-main\26-1_Capstone-main\data\ecg-id-database-1.0.0\Person_37\rec_1,rr_segment,5377,5800,5377,423,True,36,36,36,0.9424850940704346,36,0.9187568426132202,1,1,1
36,Person_37,rec_1,36_rec_1,14,C:\Users\User\Downloads\26-1_Capstone-main\26-1_Capstone-main\data\ecg-id-database-1.0.0\Person_37\rec_1,rr_segment,5800,6205,5800,405,True,36,36,36,0.9481765031814575,36,0.9314671754837036,1,1,1
36,Person_37,rec_1,36_rec_1,15,C:\Users\User\Downloads\26-1_Capstone-main\26-1_Capstone-main\data\ecg-id-database-1.0.0\Person_37\rec_1,rr_segment,6205,6624,6205,419,True,36,36,36,0.9746243953704834,36,0.9611573219299316,1,1,1
36,Person_37,rec_1,36_rec_1,16,C:\Users\User\Downloads\26-1_Capstone-main\26-1_Capstone-main\data\ecg-id-database-1.0.0\Person_37\rec_1,rr_segment,6624,7055,6624,431,True,36,36,36,0.9916991591453552,36,0.9843358993530273,1,1,1
36,Person_37,rec_1,36_rec_1,17,C:\Users\User\Downloads\26-1_Capstone-main\26-1_Capstone-main\data\ecg-id-database-1.0.0\Person_37\rec_1,rr_segment,7055,7488,7055,433,True,36,36,36,0.9914841651916504,36,0.9758031368255615,1,1,1
36,Person_37,rec_1,36_rec_1,18,C:\Users\User\Downloads\26-1_Capstone-main\26-1_Capstone-main\data\ecg-id-database-1.0.0\Person_37\rec_1,rr_segment,7488,7925,7488,437,True,36,36,36,0.9867777228355408,36,0.9721004962921143,1,1,1
36,Person_37,rec_1,36_rec_1,19,C:\Users\User\Downloads\26-1_Capstone-main\26-1_Capstone-main\data\ecg-id-database-1.0.0\Person_37\rec_1,rr_segment,7925,8337,7925,412,True,36,36,36,0.9805204272270203,36,0.9661235213279724,1,1,1
36,Person_37,rec_1,36_rec_1,20,C:\Users\User\Downloads\26-1_Capstone-main\26-1_Capstone-main\data\ecg-id-database-1.0.0\Person_37\rec_1,rr_segment,8337,8761,8337,424,True,36,36,36,0.9274533987045288,36,0.8460949659347534,1,1,1
36,Person_37,rec_1,36_rec_1,21,C:\Users\User\Downloads\26-1_Capstone-main\26-1_Capstone-main\data\ecg-id-database-1.0.0\Person_37\rec_1,rr_segment,8761,9185,8761,424,True,36,36,36,0.9683431386947632,36,0.9316483736038208,1,1,1
36,Person_37,rec_1,36_rec_1,22,C:\Users\User\Downloads\26-1_Capstone-main\26-1_Capstone-main\data\ecg-id-database-1.0.0\Person_37\rec_1,rr_segment,9185,9601,9185,416,True,36,36,36,0.9889498949050903,36,0.9730634689331055,1,1,1
37,Person_38,rec_1,37_rec_1,0,C:\Users\User\Downloads\26-1_Capstone-main\26-1_Capstone-main\data\ecg-id-database-1.0.0\Person_38\rec_1,rr_segment,292,771,292,479,True,37,37,37,0.9864490628242493,37,0.9804103970527649,1,1,1
37,Person_38,rec_1,37_rec_1,1,C:\Users\User\Downloads\26-1_Capstone-main\26-1_Capstone-main\data\ecg-id-database-1.0.0\Person_38\rec_1,rr_segment,771,1235,771,464,True,37,37,37,0.9869723320007324,37,0.9805724024772644,1,1,1
37,Person_38,rec_1,37_rec_1,3,C:\Users\User\Downloads\26-1_Capstone-main\26-1_Capstone-main\data\ecg-id-database-1.0.0\Person_38\rec_1,rr_segment,1748,2250,1748,502,True,37,37,37,0.9149392247200012,37,0.8914517164230347,1,1,1
37,Person_38,rec_1,37_rec_1,4,C:\Users\User\Downloads\26-1_Capstone-main\26-1_Capstone-main\data\ecg-id-database-1.0.0\Person_38\rec_1,rr_segment,2250,2710,2250,460,True,37,72,72,0.8809003829956055,72,0.8485016822814941,0,0,0
37,Person_38,rec_1,37_rec_1,5,C:\Users\User\Downloads\26-1_Capstone-main\26-1_Capstone-main\data\ecg-id-database-1.0.0\Person_38\rec_1,rr_segment,2710,3119,2710,409,True,37,89,89,0.8443143963813782,89,0.7859318256378174,0,0,0
37,Person_38,rec_1,37_rec_1,7,C:\Users\User\Downloads\26-1_Capstone-main\26-1_Capstone-main\data\ecg-id-database-1.0.0\Person_38\rec_1,rr_segment,3518,3919,3518,401,True,37,37,37,0.8102684020996094,37,0.7440354824066162,1,1,1
37,Person_38,rec_1,37_rec_1,8,C:\Users\User\Downloads\26-1_Capstone-main\26-1_Capstone-main\data\ecg-id-database-1.0.0\Person_38\rec_1,rr_segment,3919,4363,3919,444,True,37,37,37,0.9281553626060486,37,0.8997273445129395,1,1,1
37,Person_38,rec_1,37_rec_1,9,C:\Users\User\Downloads\26-1_Capstone-main\26-1_Capstone-main\data\ecg-id-database-1.0.0\Person_38\rec_1,rr_segment,4363,4855,4363,492,True,37,61,37,0.8968607187271118,37,0.8619589805603027,0,1,1
37,Person_38,rec_1,37_rec_1,10,C:\Users\User\Downloads\26-1_Capstone-main\26-1_Capstone-main\data\ecg-id-database-1.0.0\Person_38\rec_1,rr_segment,4855,5343,4855,488,True,37,37,37,0.956748366355896,37,0.9258149266242981,1,1,1
37,Person_38,rec_1,37_rec_1,11,C:\Users\User\Downloads\26-1_Capstone-main\26-1_Capstone-main\data\ecg-id-database-1.0.0\Person_38\rec_1,rr_segment,5343,5824,5343,481,True,37,37,37,0.974791944026947,37,0.9692705273628235,1,1,1
37,Person_38,rec_1,37_rec_1,12,C:\Users\User\Downloads\26-1_Capstone-main\26-1_Capstone-main\data\ecg-id-database-1.0.0\Person_38\rec_1,rr_segment,5824,6304,5824,480,True,37,37,37,0.9256729483604431,37,0.9042861461639404,1,1,1
37,Person_38,rec_1,37_rec_1,13,C:\Users\User\Downloads\26-1_Capstone-main\26-1_Capstone-main\data\ecg-id-database-1.0.0\Person_38\rec_1,rr_segment,6304,6782,6304,478,True,37,37,37,0.9785286784172058,37,0.9565404057502747,1,1,1
37,Person_38,rec_1,37_rec_1,14,C:\Users\User\Downloads\26-1_Capstone-main\26-1_Capstone-main\data\ecg-id-database-1.0.0\Person_38\rec_1,rr_segment,6782,7255,6782,473,True,37,37,37,0.9931931495666504,37,0.9931315779685974,1,1,1
37,Person_38,rec_1,37_rec_1,15,C:\Users\User\Downloads\26-1_Capstone-main\26-1_Capstone-main\data\ecg-id-database-1.0.0\Person_38\rec_1,rr_segment,7255,7674,7255,419,True,37,37,37,0.9036957025527954,37,0.8680633306503296,1,1,1
37,Person_38,rec_1,37_rec_1,16,C:\Users\User\Downloads\26-1_Capstone-main\26-1_Capstone-main\data\ecg-id-database-1.0.0\Person_38\rec_1,rr_segment,7674,8097,7674,423,True,37,37,37,0.9774233102798462,37,0.9635931253433228,1,1,1
37,Person_38,rec_1,37_rec_1,17,C:\Users\User\Downloads\26-1_Capstone-main\26-1_Capstone-main\data\ecg-id-database-1.0.0\Person_38\rec_1,rr_segment,8097,8521,8097,424,True,37,37,37,0.9932469129562378,37,0.9916222095489502,1,1,1
37,Person_38,rec_1,37_rec_1,18,C:\Users\User\Downloads\26-1_Capstone-main\26-1_Capstone-main\data\ecg-id-database-1.0.0\Person_38\rec_1,rr_segment,8521,8956,8521,435,True,37,37,37,0.9658442735671997,37,0.9488931894302368,1,1,1
37,Person_38,rec_1,37_rec_1,19,C:\Users\User\Downloads\26-1_Capstone-main\26-1_Capstone-main\data\ecg-id-database-1.0.0\Person_38\rec_1,rr_segment,8956,9362,8956,406,True,37,10,10,0.9741635918617249,10,0.9454941749572754,0,0,0
37,Person_38,rec_1,37_rec_1,20,C:\Users\User\Downloads\26-1_Capstone-main\26-1_Capstone-main\data\ecg-id-database-1.0.0\Person_38\rec_1,rr_segment,9362,9800,9362,438,True,37,37,37,0.9765594601631165,37,0.9669015407562256,1,1,1
38,Person_39,rec_1,38_rec_1,1,C:\Users\User\Downloads\26-1_Capstone-main\26-1_Capstone-main\data\ecg-id-database-1.0.0\Person_39\rec_1,rr_segment,609,994,609,385,True,38,31,31,0.9053497314453125,31,0.8218158483505249,0,0,0
38,Person_39,rec_1,38_rec_1,2,C:\Users\User\Downloads\26-1_Capstone-main\26-1_Capstone-main\data\ecg-id-database-1.0.0\Person_39\rec_1,rr_segment,994,1453,994,459,True,38,38,38,0.9876437187194824,38,0.939888060092926,1,1,1
38,Person_39,rec_1,38_rec_1,4,C:\Users\User\Downloads\26-1_Capstone-main\26-1_Capstone-main\data\ecg-id-database-1.0.0\Person_39\rec_1,rr_segment,2006,2481,2006,475,True,38,38,38,0.6160709261894226,38,0.5226374268531799,1,1,1
38,Person_39,rec_1,38_rec_1,5,C:\Users\User\Downloads\26-1_Capstone-main\26-1_Capstone-main\data\ecg-id-database-1.0.0\Person_39\rec_1,rr_segment,2481,2988,2481,507,True,38,38,38,0.9837458729743958,38,0.9616649746894836,1,1,1
38,Person_39,rec_1,38_rec_1,6,C:\Users\User\Downloads\26-1_Capstone-main\26-1_Capstone-main\data\ecg-id-database-1.0.0\Person_39\rec_1,rr_segment,2988,3518,2988,530,True,38,38,38,0.9881467223167419,38,0.9730420708656311,1,1,1
38,Person_39,rec_1,38_rec_1,7,C:\Users\User\Downloads\26-1_Capstone-main\26-1_Capstone-main\data\ecg-id-database-1.0.0\Person_39\rec_1,rr_segment,3518,4017,3518,499,True,38,38,38,0.9803067445755005,38,0.9826530814170837,1,1,1
38,Person_39,rec_1,38_rec_1,8,C:\Users\User\Downloads\26-1_Capstone-main\26-1_Capstone-main\data\ecg-id-database-1.0.0\Person_39\rec_1,rr_segment,4017,4435,4017,418,True,38,31,31,0.944679319858551,31,0.8882918357849121,0,0,0
38,Person_39,rec_1,38_rec_1,9,C:\Users\User\Downloads\26-1_Capstone-main\26-1_Capstone-main\data\ecg-id-database-1.0.0\Person_39\rec_1,rr_segment,4435,4861,4435,426,True,38,63,63,0.9145424365997314,63,0.9066434502601624,0,0,0
38,Person_39,rec_1,38_rec_1,10,C:\Users\User\Downloads\26-1_Capstone-main\26-1_Capstone-main\data\ecg-id-database-1.0.0\Person_39\rec_1,rr_segment,4861,5386,4861,525,True,38,38,38,0.9899874925613403,38,0.983128547668457,1,1,1
38,Person_39,rec_1,38_rec_1,11,C:\Users\User\Downloads\26-1_Capstone-main\26-1_Capstone-main\data\ecg-id-database-1.0.0\Person_39\rec_1,rr_segment,5386,5898,5386,512,True,38,38,38,0.9332128167152405,38,0.9203040599822998,1,1,1
38,Person_39,rec_1,38_rec_1,12,C:\Users\User\Downloads\26-1_Capstone-main\26-1_Capstone-main\data\ecg-id-database-1.0.0\Person_39\rec_1,rr_segment,5898,6379,5898,481,True,38,38,38,0.9892623424530029,38,0.971727192401886,1,1,1
38,Person_39,rec_1,38_rec_1,13,C:\Users\User\Downloads\26-1_Capstone-main\26-1_Capstone-main\data\ecg-id-database-1.0.0\Person_39\rec_1,rr_segment,6379,6795,6379,416,True,38,54,54,0.8757057189941406,54,0.8076509833335876,0,0,0
38,Person_39,rec_1,38_rec_1,15,C:\Users\User\Downloads\26-1_Capstone-main\26-1_Capstone-main\data\ecg-id-database-1.0.0\Person_39\rec_1,rr_segment,7169,7579,7169,410,True,38,31,31,0.964716911315918,31,0.911551296710968,0,0,0
38,Person_39,rec_1,38_rec_1,16,C:\Users\User\Downloads\26-1_Capstone-main\26-1_Capstone-main\data\ecg-id-database-1.0.0\Person_39\rec_1,rr_segment,7579,7971,7579,392,True,38,31,31,0.9576744437217712,31,0.9327658414840698,0,0,0
38,Person_39,rec_1,38_rec_1,17,C:\Users\User\Downloads\26-1_Capstone-main\26-1_Capstone-main\data\ecg-id-database-1.0.0\Person_39\rec_1,rr_segment,7971,8432,7971,461,True,38,38,38,0.9587821364402771,38,0.9350638389587402,1,1,1
38,Person_39,rec_1,38_rec_1,18,C:\Users\User\Downloads\26-1_Capstone-main\26-1_Capstone-main\data\ecg-id-database-1.0.0\Person_39\rec_1,rr_segment,8432,8954,8432,522,True,38,38,38,0.9948226809501648,38,0.9900301098823547,1,1,1
38,Person_39,rec_1,38_rec_1,19,C:\Users\User\Downloads\26-1_Capstone-main\26-1_Capstone-main\data\ecg-id-database-1.0.0\Person_39\rec_1,rr_segment,8954,9472,8954,518,True,38,38,38,0.9918649196624756,38,0.9781482219696045,1,1,1
39,Person_40,rec_2,39_rec_2,0,C:\Users\User\Downloads\26-1_Capstone-main\26-1_Capstone-main\data\ecg-id-database-1.0.0\Person_40\rec_2,rr_segment,170,517,170,347,True,39,39,39,0.930955708026886,39,0.9300261735916138,1,1,1
39,Person_40,rec_2,39_rec_2,1,C:\Users\User\Downloads\26-1_Capstone-main\26-1_Capstone-main\data\ecg-id-database-1.0.0\Person_40\rec_2,rr_segment,517,878,517,361,True,39,39,39,0.9624583721160889,39,0.9190397262573242,1,1,1
39,Person_40,rec_2,39_rec_2,3,C:\Users\User\Downloads\26-1_Capstone-main\26-1_Capstone-main\data\ecg-id-database-1.0.0\Person_40\rec_2,rr_segment,1251,1609,1251,358,True,39,39,39,0.9338035583496094,39,0.897826075553894,1,1,1
39,Person_40,rec_2,39_rec_2,4,C:\Users\User\Downloads\26-1_Capstone-main\26-1_Capstone-main\data\ecg-id-database-1.0.0\Person_40\rec_2,rr_segment,1609,1961,1609,352,True,39,39,39,0.9018982648849487,39,0.872642457485199,1,1,1
39,Person_40,rec_2,39_rec_2,5,C:\Users\User\Downloads\26-1_Capstone-main\26-1_Capstone-main\data\ecg-id-database-1.0.0\Person_40\rec_2,rr_segment,1961,2306,1961,345,True,39,39,39,0.9336236119270325,39,0.8594068288803101,1,1,1
39,Person_40,rec_2,39_rec_2,6,C:\Users\User\Downloads\26-1_Capstone-main\26-1_Capstone-main\data\ecg-id-database-1.0.0\Person_40\rec_2,rr_segment,2306,2652,2306,346,True,39,39,39,0.9533112049102783,39,0.9073312282562256,1,1,1
39,Person_40,rec_2,39_rec_2,7,C:\Users\User\Downloads\26-1_Capstone-main\26-1_Capstone-main\data\ecg-id-database-1.0.0\Person_40\rec_2,rr_segment,2652,3003,2652,351,True,39,39,39,0.8949556350708008,39,0.8492761254310608,1,1,1
39,Person_40,rec_2,39_rec_2,8,C:\Users\User\Downloads\26-1_Capstone-main\26-1_Capstone-main\data\ecg-id-database-1.0.0\Person_40\rec_2,rr_segment,3003,3331,3003,328,True,39,39,39,0.9908430576324463,39,0.9436385035514832,1,1,1
39,Person_40,rec_2,39_rec_2,9,C:\Users\User\Downloads\26-1_Capstone-main\26-1_Capstone-main\data\ecg-id-database-1.0.0\Person_40\rec_2,rr_segment,3331,3682,3331,351,True,39,31,31,0.8132929801940918,31,0.7354342937469482,0,0,0
39,Person_40,rec_2,39_rec_2,10,C:\Users\User\Downloads\26-1_Capstone-main\26-1_Capstone-main\data\ecg-id-database-1.0.0\Person_40\rec_2,rr_segment,3682,4049,3682,367,True,39,39,39,0.9088839292526245,39,0.8600435256958008,1,1,1
39,Person_40,rec_2,39_rec_2,11,C:\Users\User\Downloads\26-1_Capstone-main\26-1_Capstone-main\data\ecg-id-database-1.0.0\Person_40\rec_2,rr_segment,4049,4410,4049,361,True,39,39,39,0.8810254335403442,39,0.8324107527732849,1,1,1
39,Person_40,rec_2,39_rec_2,12,C:\Users\User\Downloads\26-1_Capstone-main\26-1_Capstone-main\data\ecg-id-database-1.0.0\Person_40\rec_2,rr_segment,4410,4770,4410,360,True,39,39,39,0.9743709564208984,39,0.9671494364738464,1,1,1
39,Person_40,rec_2,39_rec_2,13,C:\Users\User\Downloads\26-1_Capstone-main\26-1_Capstone-main\data\ecg-id-database-1.0.0\Person_40\rec_2,rr_segment,4770,5129,4770,359,True,39,85,85,0.834685742855072,85,0.7868756055831909,0,0,0
39,Person_40,rec_2,39_rec_2,14,C:\Users\User\Downloads\26-1_Capstone-main\26-1_Capstone-main\data\ecg-id-database-1.0.0\Person_40\rec_2,rr_segment,5129,5472,5129,343,True,39,42,39,0.8743351101875305,42,0.7373160719871521,0,1,0
39,Person_40,rec_2,39_rec_2,15,C:\Users\User\Downloads\26-1_Capstone-main\26-1_Capstone-main\data\ecg-id-database-1.0.0\Person_40\rec_2,rr_segment,5472,5828,5472,356,True,39,49,49,0.8018007278442383,85,0.7227592468261719,0,0,0
39,Person_40,rec_2,39_rec_2,16,C:\Users\User\Downloads\26-1_Capstone-main\26-1_Capstone-main\data\ecg-id-database-1.0.0\Person_40\rec_2,rr_segment,5828,6168,5828,340,True,39,39,39,0.9059677720069885,39,0.8394818305969238,1,1,1
39,Person_40,rec_2,39_rec_2,17,C:\Users\User\Downloads\26-1_Capstone-main\26-1_Capstone-main\data\ecg-id-database-1.0.0\Person_40\rec_2,rr_segment,6168,6491,6168,323,True,39,42,39,0.892352819442749,42,0.7853915691375732,0,1,0
39,Person_40,rec_2,39_rec_2,18,C:\Users\User\Downloads\26-1_Capstone-main\26-1_Capstone-main\data\ecg-id-database-1.0.0\Person_40\rec_2,rr_segment,6491,6812,6491,321,True,39,85,85,0.9588040113449097,85,0.9122117757797241,0,0,0
39,Person_40,rec_2,39_rec_2,19,C:\Users\User\Downloads\26-1_Capstone-main\26-1_Capstone-main\data\ecg-id-database-1.0.0\Person_40\rec_2,rr_segment,6812,7144,6812,332,True,39,39,39,0.8542581796646118,39,0.7118260264396667,1,1,1
39,Person_40,rec_2,39_rec_2,20,C:\Users\User\Downloads\26-1_Capstone-main\26-1_Capstone-main\data\ecg-id-database-1.0.0\Person_40\rec_2,rr_segment,7144,7496,7144,352,True,39,39,39,0.9697631597518921,39,0.9589776992797852,1,1,1
39,Person_40,rec_2,39_rec_2,21,C:\Users\User\Downloads\26-1_Capstone-main\26-1_Capstone-main\data\ecg-id-database-1.0.0\Person_40\rec_2,rr_segment,7496,7827,7496,331,True,39,39,39,0.933906078338623,39,0.8882150053977966,1,1,1
39,Person_40,rec_2,39_rec_2,22,C:\Users\User\Downloads\26-1_Capstone-main\26-1_Capstone-main\data\ecg-id-database-1.0.0\Person_40\rec_2,rr_segment,7827,8160,7827,333,True,39,57,57,0.8160871267318726,57,0.7713914513587952,0,0,0
39,Person_40,rec_2,39_rec_2,23,C:\Users\User\Downloads\26-1_Capstone-main\26-1_Capstone-main\data\ecg-id-database-1.0.0\Person_40\rec_2,rr_segment,8160,8501,8160,341,True,39,39,39,0.9192520380020142,39,0.8543055653572083,1,1,1
39,Person_40,rec_2,39_rec_2,24,C:\Users\User\Downloads\26-1_Capstone-main\26-1_Capstone-main\data\ecg-id-database-1.0.0\Person_40\rec_2,rr_segment,8501,8839,8501,338,True,39,59,59,0.9069039225578308,59,0.8479776978492737,0,0,0
39,Person_40,rec_2,39_rec_2,25,C:\Users\User\Downloads\26-1_Capstone-main\26-1_Capstone-main\data\ecg-id-database-1.0.0\Person_40\rec_2,rr_segment,8839,9163,8839,324,True,39,39,39,0.9537999033927917,39,0.930090069770813,1,1,1
40,Person_41,rec_1,40_rec_1,0,C:\Users\User\Downloads\26-1_Capstone-main\26-1_Capstone-main\data\ecg-id-database-1.0.0\Person_41\rec_1,rr_segment,271,715,271,444,True,40,40,40,0.9334439039230347,40,0.8951022624969482,1,1,1
40,Person_41,rec_1,40_rec_1,1,C:\Users\User\Downloads\26-1_Capstone-main\26-1_Capstone-main\data\ecg-id-database-1.0.0\Person_41\rec_1,rr_segment,715,1164,715,449,True,40,40,40,0.9921127557754517,40,0.9831702709197998,1,1,1
40,Person_41,rec_1,40_rec_1,2,C:\Users\User\Downloads\26-1_Capstone-main\26-1_Capstone-main\data\ecg-id-database-1.0.0\Person_41\rec_1,rr_segment,1164,1614,1164,450,True,40,40,40,0.9931275844573975,40,0.9840534925460815,1,1,1
40,Person_41,rec_1,40_rec_1,3,C:\Users\User\Downloads\26-1_Capstone-main\26-1_Capstone-main\data\ecg-id-database-1.0.0\Person_41\rec_1,rr_segment,1614,2054,1614,440,True,40,40,40,0.991154670715332,40,0.976986289024353,1,1,1
40,Person_41,rec_1,40_rec_1,4,C:\Users\User\Downloads\26-1_Capstone-main\26-1_Capstone-main\data\ecg-id-database-1.0.0\Person_41\rec_1,rr_segment,2054,2498,2054,444,True,40,40,40,0.9959590435028076,40,0.9838283061981201,1,1,1
40,Person_41,rec_1,40_rec_1,5,C:\Users\User\Downloads\26-1_Capstone-main\26-1_Capstone-main\data\ecg-id-database-1.0.0\Person_41\rec_1,rr_segment,2498,2946,2498,448,True,40,40,40,0.9011003375053406,40,0.8522601127624512,1,1,1
40,Person_41,rec_1,40_rec_1,6,C:\Users\User\Downloads\26-1_Capstone-main\26-1_Capstone-main\data\ecg-id-database-1.0.0\Person_41\rec_1,rr_segment,2946,3383,2946,437,True,40,40,40,0.9635491371154785,40,0.9375252723693848,1,1,1
40,Person_41,rec_1,40_rec_1,7,C:\Users\User\Downloads\26-1_Capstone-main\26-1_Capstone-main\data\ecg-id-database-1.0.0\Person_41\rec_1,rr_segment,3383,3829,3383,446,True,40,40,40,0.9883238077163696,40,0.968285858631134,1,1,1
40,Person_41,rec_1,40_rec_1,8,C:\Users\User\Downloads\26-1_Capstone-main\26-1_Capstone-main\data\ecg-id-database-1.0.0\Person_41\rec_1,rr_segment,3829,4268,3829,439,True,40,40,40,0.9801430106163025,40,0.9663417339324951,1,1,1
40,Person_41,rec_1,40_rec_1,9,C:\Users\User\Downloads\26-1_Capstone-main\26-1_Capstone-main\data\ecg-id-database-1.0.0\Person_41\rec_1,rr_segment,4268,4709,4268,441,True,40,40,40,0.9952218532562256,40,0.9846358299255371,1,1,1
40,Person_41,rec_1,40_rec_1,10,C:\Users\User\Downloads\26-1_Capstone-main\26-1_Capstone-main\data\ecg-id-database-1.0.0\Person_41\rec_1,rr_segment,4709,5160,4709,451,True,40,40,40,0.9894335269927979,40,0.9740303754806519,1,1,1
40,Person_41,rec_1,40_rec_1,11,C:\Users\User\Downloads\26-1_Capstone-main\26-1_Capstone-main\data\ecg-id-database-1.0.0\Person_41\rec_1,rr_segment,5160,5600,5160,440,True,40,40,40,0.9882587194442749,40,0.9880471229553223,1,1,1
40,Person_41,rec_1,40_rec_1,12,C:\Users\User\Downloads\26-1_Capstone-main\26-1_Capstone-main\data\ecg-id-database-1.0.0\Person_41\rec_1,rr_segment,5600,6043,5600,443,True,40,40,40,0.9888679385185242,40,0.982954740524292,1,1,1
40,Person_41,rec_1,40_rec_1,13,C:\Users\User\Downloads\26-1_Capstone-main\26-1_Capstone-main\data\ecg-id-database-1.0.0\Person_41\rec_1,rr_segment,6043,6490,6043,447,True,40,40,40,0.9952264428138733,40,0.9948700070381165,1,1,1
40,Person_41,rec_1,40_rec_1,14,C:\Users\User\Downloads\26-1_Capstone-main\26-1_Capstone-main\data\ecg-id-database-1.0.0\Person_41\rec_1,rr_segment,6490,6926,6490,436,True,40,40,40,0.9382201433181763,40,0.9125345945358276,1,1,1
40,Person_41,rec_1,40_rec_1,15,C:\Users\User\Downloads\26-1_Capstone-main\26-1_Capstone-main\data\ecg-id-database-1.0.0\Person_41\rec_1,rr_segment,6926,7362,6926,436,True,40,19,19,0.8332206010818481,19,0.7172844409942627,0,0,0
40,Person_41,rec_1,40_rec_1,16,C:\Users\User\Downloads\26-1_Capstone-main\26-1_Capstone-main\data\ecg-id-database-1.0.0\Person_41\rec_1,rr_segment,7362,7816,7362,454,True,40,40,40,0.9357126951217651,40,0.9177057147026062,1,1,1
40,Person_41,rec_1,40_rec_1,17,C:\Users\User\Downloads\26-1_Capstone-main\26-1_Capstone-main\data\ecg-id-database-1.0.0\Person_41\rec_1,rr_segment,7816,8252,7816,436,True,40,40,40,0.9880733489990234,40,0.9875210523605347,1,1,1
40,Person_41,rec_1,40_rec_1,18,C:\Users\User\Downloads\26-1_Capstone-main\26-1_Capstone-main\data\ecg-id-database-1.0.0\Person_41\rec_1,rr_segment,8252,8696,8252,444,True,40,40,40,0.9584346413612366,40,0.9282201528549194,1,1,1
40,Person_41,rec_1,40_rec_1,19,C:\Users\User\Downloads\26-1_Capstone-main\26-1_Capstone-main\data\ecg-id-database-1.0.0\Person_41\rec_1,rr_segment,8696,9142,8696,446,True,40,40,40,0.9917031526565552,40,0.9772273302078247,1,1,1
40,Person_41,rec_1,40_rec_1,20,C:\Users\User\Downloads\26-1_Capstone-main\26-1_Capstone-main\data\ecg-id-database-1.0.0\Person_41\rec_1,rr_segment,9142,9576,9142,434,True,40,40,40,0.9916530847549438,40,0.9902757406234741,1,1,1
41,Person_42,rec_2,41_rec_2,0,C:\Users\User\Downloads\26-1_Capstone-main\26-1_Capstone-main\data\ecg-id-database-1.0.0\Person_42\rec_2,rr_segment,480,830,480,350,True,41,41,41,0.9921590089797974,41,0.9881266355514526,1,1,1
41,Person_42,rec_2,41_rec_2,1,C:\Users\User\Downloads\26-1_Capstone-main\26-1_Capstone-main\data\ecg-id-database-1.0.0\Person_42\rec_2,rr_segment,830,1168,830,338,True,41,41,41,0.9834427833557129,41,0.975737452507019,1,1,1
41,Person_42,rec_2,41_rec_2,2,C:\Users\User\Downloads\26-1_Capstone-main\26-1_Capstone-main\data\ecg-id-database-1.0.0\Person_42\rec_2,rr_segment,1168,1505,1168,337,True,41,41,41,0.9674472808837891,41,0.9426027536392212,1,1,1
41,Person_42,rec_2,41_rec_2,3,C:\Users\User\Downloads\26-1_Capstone-main\26-1_Capstone-main\data\ecg-id-database-1.0.0\Person_42\rec_2,rr_segment,1505,1843,1505,338,True,41,41,41,0.9430598020553589,41,0.9201442003250122,1,1,1
41,Person_42,rec_2,41_rec_2,4,C:\Users\User\Downloads\26-1_Capstone-main\26-1_Capstone-main\data\ecg-id-database-1.0.0\Person_42\rec_2,rr_segment,1843,2182,1843,339,True,41,41,41,0.9405941963195801,41,0.8951964974403381,1,1,1
41,Person_42,rec_2,41_rec_2,6,C:\Users\User\Downloads\26-1_Capstone-main\26-1_Capstone-main\data\ecg-id-database-1.0.0\Person_42\rec_2,rr_segment,2498,2821,2498,323,True,41,41,41,0.9419281482696533,41,0.9163379669189453,1,1,1
41,Person_42,rec_2,41_rec_2,7,C:\Users\User\Downloads\26-1_Capstone-main\26-1_Capstone-main\data\ecg-id-database-1.0.0\Person_42\rec_2,rr_segment,2821,3148,2821,327,True,41,41,41,0.9591822624206543,41,0.930452823638916,1,1,1
41,Person_42,rec_2,41_rec_2,8,C:\Users\User\Downloads\26-1_Capstone-main\26-1_Capstone-main\data\ecg-id-database-1.0.0\Person_42\rec_2,rr_segment,3148,3488,3148,340,True,41,41,41,0.9873889088630676,41,0.9806166887283325,1,1,1
41,Person_42,rec_2,41_rec_2,9,C:\Users\User\Downloads\26-1_Capstone-main\26-1_Capstone-main\data\ecg-id-database-1.0.0\Person_42\rec_2,rr_segment,3488,3840,3488,352,True,41,41,41,0.992226243019104,41,0.9811661243438721,1,1,1
41,Person_42,rec_2,41_rec_2,10,C:\Users\User\Downloads\26-1_Capstone-main\26-1_Capstone-main\data\ecg-id-database-1.0.0\Person_42\rec_2,rr_segment,3840,4177,3840,337,True,41,64,30,0.6884897947311401,64,0.6397817730903625,0,0,0
41,Person_42,rec_2,41_rec_2,11,C:\Users\User\Downloads\26-1_Capstone-main\26-1_Capstone-main\data\ecg-id-database-1.0.0\Person_42\rec_2,rr_segment,4177,4510,4177,333,True,41,41,41,0.9678972959518433,41,0.9559122920036316,1,1,1
41,Person_42,rec_2,41_rec_2,12,C:\Users\User\Downloads\26-1_Capstone-main\26-1_Capstone-main\data\ecg-id-database-1.0.0\Person_42\rec_2,rr_segment,4510,4853,4510,343,True,41,41,41,0.9796427488327026,41,0.9709775447845459,1,1,1
41,Person_42,rec_2,41_rec_2,13,C:\Users\User\Downloads\26-1_Capstone-main\26-1_Capstone-main\data\ecg-id-database-1.0.0\Person_42\rec_2,rr_segment,4853,5193,4853,340,True,41,41,41,0.962999701499939,41,0.9472020864486694,1,1,1
41,Person_42,rec_2,41_rec_2,14,C:\Users\User\Downloads\26-1_Capstone-main\26-1_Capstone-main\data\ecg-id-database-1.0.0\Person_42\rec_2,rr_segment,5193,5529,5193,336,True,41,41,41,0.9682660102844238,41,0.9513508081436157,1,1,1
41,Person_42,rec_2,41_rec_2,15,C:\Users\User\Downloads\26-1_Capstone-main\26-1_Capstone-main\data\ecg-id-database-1.0.0\Person_42\rec_2,rr_segment,5529,5862,5529,333,True,41,30,45,0.8169931769371033,30,0.664459228515625,0,0,0
41,Person_42,rec_2,41_rec_2,16,C:\Users\User\Downloads\26-1_Capstone-main\26-1_Capstone-main\data\ecg-id-database-1.0.0\Person_42\rec_2,rr_segment,5862,6190,5862,328,True,41,41,41,0.9899847507476807,41,0.9799538850784302,1,1,1
41,Person_42,rec_2,41_rec_2,17,C:\Users\User\Downloads\26-1_Capstone-main\26-1_Capstone-main\data\ecg-id-database-1.0.0\Person_42\rec_2,rr_segment,6190,6519,6190,329,True,41,41,41,0.9931415915489197,41,0.9897392988204956,1,1,1
41,Person_42,rec_2,41_rec_2,18,C:\Users\User\Downloads\26-1_Capstone-main\26-1_Capstone-main\data\ecg-id-database-1.0.0\Person_42\rec_2,rr_segment,6519,6856,6519,337,True,41,41,41,0.9670945405960083,41,0.9612643122673035,1,1,1
41,Person_42,rec_2,41_rec_2,19,C:\Users\User\Downloads\26-1_Capstone-main\26-1_Capstone-main\data\ecg-id-database-1.0.0\Person_42\rec_2,rr_segment,6856,7204,6856,348,True,41,41,41,0.9714958667755127,41,0.952983558177948,1,1,1
41,Person_42,rec_2,41_rec_2,24,C:\Users\User\Downloads\26-1_Capstone-main\26-1_Capstone-main\data\ecg-id-database-1.0.0\Person_42\rec_2,rr_segment,8732,9102,8732,370,True,41,41,41,0.9609172344207764,41,0.9410892724990845,1,1,1
41,Person_42,rec_2,41_rec_2,25,C:\Users\User\Downloads\26-1_Capstone-main\26-1_Capstone-main\data\ecg-id-database-1.0.0\Person_42\rec_2,rr_segment,9102,9452,9102,350,True,41,41,41,0.9616124033927917,41,0.9193525314331055,1,1,1
41,Person_42,rec_2,41_rec_2,26,C:\Users\User\Downloads\26-1_Capstone-main\26-1_Capstone-main\data\ecg-id-database-1.0.0\Person_42\rec_2,rr_segment,9452,9785,9452,333,True,41,41,41,0.7980690002441406,41,0.7492227554321289,1,1,1
42,Person_43,rec_1,42_rec_1,1,C:\Users\User\Downloads\26-1_Capstone-main\26-1_Capstone-main\data\ecg-id-database-1.0.0\Person_43\rec_1,rr_segment,903,1425,903,522,True,42,42,42,0.8829905986785889,42,0.8294191956520081,1,1,1
42,Person_43,rec_1,42_rec_1,2,C:\Users\User\Downloads\26-1_Capstone-main\26-1_Capstone-main\data\ecg-id-database-1.0.0\Person_43\rec_1,rr_segment,1425,1905,1425,480,True,42,42,42,0.9366174936294556,42,0.8556444048881531,1,1,1
42,Person_43,rec_1,42_rec_1,3,C:\Users\User\Downloads\26-1_Capstone-main\26-1_Capstone-main\data\ecg-id-database-1.0.0\Person_43\rec_1,rr_segment,1905,2399,1905,494,True,42,42,42,0.9633510112762451,42,0.9468206763267517,1,1,1
42,Person_43,rec_1,42_rec_1,4,C:\Users\User\Downloads\26-1_Capstone-main\26-1_Capstone-main\data\ecg-id-database-1.0.0\Person_43\rec_1,rr_segment,2399,2896,2399,497,True,42,42,42,0.9267946481704712,42,0.8775635957717896,1,1,1
42,Person_43,rec_1,42_rec_1,5,C:\Users\User\Downloads\26-1_Capstone-main\26-1_Capstone-main\data\ecg-id-database-1.0.0\Person_43\rec_1,rr_segment,2896,3403,2896,507,True,42,42,42,0.9496569037437439,42,0.9123324155807495,1,1,1
42,Person_43,rec_1,42_rec_1,6,C:\Users\User\Downloads\26-1_Capstone-main\26-1_Capstone-main\data\ecg-id-database-1.0.0\Person_43\rec_1,rr_segment,3403,3915,3403,512,True,42,42,42,0.9737072587013245,42,0.9595755338668823,1,1,1
42,Person_43,rec_1,42_rec_1,7,C:\Users\User\Downloads\26-1_Capstone-main\26-1_Capstone-main\data\ecg-id-database-1.0.0\Person_43\rec_1,rr_segment,3915,4445,3915,530,True,42,31,31,0.8828434944152832,31,0.805939793586731,0,0,0
42,Person_43,rec_1,42_rec_1,8,C:\Users\User\Downloads\26-1_Capstone-main\26-1_Capstone-main\data\ecg-id-database-1.0.0\Person_43\rec_1,rr_segment,4445,4969,4445,524,True,42,42,42,0.9467375874519348,42,0.8912127017974854,1,1,1
42,Person_43,rec_1,42_rec_1,9,C:\Users\User\Downloads\26-1_Capstone-main\26-1_Capstone-main\data\ecg-id-database-1.0.0\Person_43\rec_1,rr_segment,4969,5456,4969,487,True,42,42,42,0.9414548873901367,42,0.8863296508789062,1,1,1
42,Person_43,rec_1,42_rec_1,10,C:\Users\User\Downloads\26-1_Capstone-main\26-1_Capstone-main\data\ecg-id-database-1.0.0\Person_43\rec_1,rr_segment,5456,5914,5456,458,True,42,42,42,0.9403114914894104,42,0.8959877490997314,1,1,1
42,Person_43,rec_1,42_rec_1,11,C:\Users\User\Downloads\26-1_Capstone-main\26-1_Capstone-main\data\ecg-id-database-1.0.0\Person_43\rec_1,rr_segment,5914,6389,5914,475,True,42,42,42,0.9641678333282471,42,0.9347354769706726,1,1,1
42,Person_43,rec_1,42_rec_1,12,C:\Users\User\Downloads\26-1_Capstone-main\26-1_Capstone-main\data\ecg-id-database-1.0.0\Person_43\rec_1,rr_segment,6389,6867,6389,478,True,42,42,42,0.9744312763214111,42,0.9371315240859985,1,1,1
42,Person_43,rec_1,42_rec_1,13,C:\Users\User\Downloads\26-1_Capstone-main\26-1_Capstone-main\data\ecg-id-database-1.0.0\Person_43\rec_1,rr_segment,6867,7339,6867,472,True,42,42,42,0.991889238357544,42,0.9810550212860107,1,1,1
42,Person_43,rec_1,42_rec_1,14,C:\Users\User\Downloads\26-1_Capstone-main\26-1_Capstone-main\data\ecg-id-database-1.0.0\Person_43\rec_1,rr_segment,7339,7825,7339,486,True,42,42,42,0.9847990274429321,42,0.9822253584861755,1,1,1
42,Person_43,rec_1,42_rec_1,15,C:\Users\User\Downloads\26-1_Capstone-main\26-1_Capstone-main\data\ecg-id-database-1.0.0\Person_43\rec_1,rr_segment,7825,8309,7825,484,True,42,42,42,0.9500626921653748,42,0.9212220907211304,1,1,1
42,Person_43,rec_1,42_rec_1,16,C:\Users\User\Downloads\26-1_Capstone-main\26-1_Capstone-main\data\ecg-id-database-1.0.0\Person_43\rec_1,rr_segment,8309,8783,8309,474,True,42,42,42,0.9606994390487671,42,0.9407881498336792,1,1,1
43,Person_44,rec_1,43_rec_1,0,C:\Users\User\Downloads\26-1_Capstone-main\26-1_Capstone-main\data\ecg-id-database-1.0.0\Person_44\rec_1,rr_segment,1323,1703,1323,380,True,43,43,43,0.9236364364624023,43,0.9145407676696777,1,1,1
43,Person_44,rec_1,43_rec_1,1,C:\Users\User\Downloads\26-1_Capstone-main\26-1_Capstone-main\data\ecg-id-database-1.0.0\Person_44\rec_1,rr_segment,1703,2072,1703,369,True,43,45,45,0.903533935546875,45,0.8391113877296448,0,0,0
43,Person_44,rec_1,43_rec_1,2,C:\Users\User\Downloads\26-1_Capstone-main\26-1_Capstone-main\data\ecg-id-database-1.0.0\Person_44\rec_1,rr_segment,2072,2433,2072,361,True,43,45,45,0.9077476859092712,45,0.8294461965560913,0,0,0
43,Person_44,rec_1,43_rec_1,3,C:\Users\User\Downloads\26-1_Capstone-main\26-1_Capstone-main\data\ecg-id-database-1.0.0\Person_44\rec_1,rr_segment,2433,2804,2433,371,True,43,43,43,0.9461448192596436,43,0.9039165377616882,1,1,1
43,Person_44,rec_1,43_rec_1,4,C:\Users\User\Downloads\26-1_Capstone-main\26-1_Capstone-main\data\ecg-id-database-1.0.0\Person_44\rec_1,rr_segment,2804,3162,2804,358,True,43,45,45,0.9668362736701965,45,0.9524869322776794,0,0,0
43,Person_44,rec_1,43_rec_1,5,C:\Users\User\Downloads\26-1_Capstone-main\26-1_Capstone-main\data\ecg-id-database-1.0.0\Person_44\rec_1,rr_segment,3162,3525,3162,363,True,43,45,45,0.9562692046165466,45,0.9582210779190063,0,0,0
43,Person_44,rec_1,43_rec_1,7,C:\Users\User\Downloads\26-1_Capstone-main\26-1_Capstone-main\data\ecg-id-database-1.0.0\Person_44\rec_1,rr_segment,3868,4222,3868,354,True,43,43,43,0.9374231696128845,43,0.8522805571556091,1,1,1
43,Person_44,rec_1,43_rec_1,8,C:\Users\User\Downloads\26-1_Capstone-main\26-1_Capstone-main\data\ecg-id-database-1.0.0\Person_44\rec_1,rr_segment,4222,4581,4222,359,True,43,43,43,0.9800460338592529,43,0.9707947969436646,1,1,1
43,Person_44,rec_1,43_rec_1,9,C:\Users\User\Downloads\26-1_Capstone-main\26-1_Capstone-main\data\ecg-id-database-1.0.0\Person_44\rec_1,rr_segment,4581,4953,4581,372,True,43,43,43,0.9697866439819336,43,0.9627565145492554,1,1,1
43,Person_44,rec_1,43_rec_1,10,C:\Users\User\Downloads\26-1_Capstone-main\26-1_Capstone-main\data\ecg-id-database-1.0.0\Person_44\rec_1,rr_segment,4953,5346,4953,393,True,43,43,43,0.9873360991477966,43,0.9897534251213074,1,1,1
43,Person_44,rec_1,43_rec_1,11,C:\Users\User\Downloads\26-1_Capstone-main\26-1_Capstone-main\data\ecg-id-database-1.0.0\Person_44\rec_1,rr_segment,5346,5762,5346,416,True,43,43,43,0.9882779121398926,43,0.9930474758148193,1,1,1
43,Person_44,rec_1,43_rec_1,12,C:\Users\User\Downloads\26-1_Capstone-main\26-1_Capstone-main\data\ecg-id-database-1.0.0\Person_44\rec_1,rr_segment,5762,6178,5762,416,True,43,43,43,0.9921789765357971,43,0.982404351234436,1,1,1
43,Person_44,rec_1,43_rec_1,13,C:\Users\User\Downloads\26-1_Capstone-main\26-1_Capstone-main\data\ecg-id-database-1.0.0\Person_44\rec_1,rr_segment,6178,6588,6178,410,True,43,43,43,0.9840511083602905,43,0.9704810380935669,1,1,1
43,Person_44,rec_1,43_rec_1,14,C:\Users\User\Downloads\26-1_Capstone-main\26-1_Capstone-main\data\ecg-id-database-1.0.0\Person_44\rec_1,rr_segment,6588,6977,6588,389,True,43,45,45,0.8669432997703552,45,0.7533435225486755,0,0,0
43,Person_44,rec_1,43_rec_1,15,C:\Users\User\Downloads\26-1_Capstone-main\26-1_Capstone-main\data\ecg-id-database-1.0.0\Person_44\rec_1,rr_segment,6977,7365,6977,388,True,43,54,54,0.9156243801116943,54,0.8631268739700317,0,0,0
43,Person_44,rec_1,43_rec_1,16,C:\Users\User\Downloads\26-1_Capstone-main\26-1_Capstone-main\data\ecg-id-database-1.0.0\Person_44\rec_1,rr_segment,7365,7752,7365,387,True,43,43,43,0.899137556552887,43,0.8695211410522461,1,1,1
43,Person_44,rec_1,43_rec_1,17,C:\Users\User\Downloads\26-1_Capstone-main\26-1_Capstone-main\data\ecg-id-database-1.0.0\Person_44\rec_1,rr_segment,7752,8148,7752,396,True,43,43,43,0.9896074533462524,43,0.9731305837631226,1,1,1
43,Person_44,rec_1,43_rec_1,18,C:\Users\User\Downloads\26-1_Capstone-main\26-1_Capstone-main\data\ecg-id-database-1.0.0\Person_44\rec_1,rr_segment,8148,8550,8148,402,True,43,43,43,0.9881434440612793,43,0.9652162194252014,1,1,1
43,Person_44,rec_1,43_rec_1,19,C:\Users\User\Downloads\26-1_Capstone-main\26-1_Capstone-main\data\ecg-id-database-1.0.0\Person_44\rec_1,rr_segment,8550,8952,8550,402,True,43,66,66,0.8950693607330322,66,0.8668253421783447,0,0,0
44,Person_45,rec_1,44_rec_1,0,C:\Users\User\Downloads\26-1_Capstone-main\26-1_Capstone-main\data\ecg-id-database-1.0.0\Person_45\rec_1,rr_segment,175,539,175,364,True,44,44,44,0.9842445850372314,44,0.9762687087059021,1,1,1
44,Person_45,rec_1,44_rec_1,1,C:\Users\User\Downloads\26-1_Capstone-main\26-1_Capstone-main\data\ecg-id-database-1.0.0\Person_45\rec_1,rr_segment,539,905,539,366,True,44,44,44,0.9498454332351685,44,0.9199193716049194,1,1,1
44,Person_45,rec_1,44_rec_1,2,C:\Users\User\Downloads\26-1_Capstone-main\26-1_Capstone-main\data\ecg-id-database-1.0.0\Person_45\rec_1,rr_segment,905,1266,905,361,True,44,44,44,0.8962843418121338,44,0.8220897912979126,1,1,1
44,Person_45,rec_1,44_rec_1,3,C:\Users\User\Downloads\26-1_Capstone-main\26-1_Capstone-main\data\ecg-id-database-1.0.0\Person_45\rec_1,rr_segment,1266,1632,1266,366,True,44,44,44,0.9832073450088501,44,0.9739470481872559,1,1,1
44,Person_45,rec_1,44_rec_1,4,C:\Users\User\Downloads\26-1_Capstone-main\26-1_Capstone-main\data\ecg-id-database-1.0.0\Person_45\rec_1,rr_segment,1632,2002,1632,370,True,44,44,44,0.9662649631500244,44,0.9545806646347046,1,1,1
44,Person_45,rec_1,44_rec_1,5,C:\Users\User\Downloads\26-1_Capstone-main\26-1_Capstone-main\data\ecg-id-database-1.0.0\Person_45\rec_1,rr_segment,2002,2365,2002,363,True,44,44,44,0.8908528089523315,44,0.8318584561347961,1,1,1
44,Person_45,rec_1,44_rec_1,6,C:\Users\User\Downloads\26-1_Capstone-main\26-1_Capstone-main\data\ecg-id-database-1.0.0\Person_45\rec_1,rr_segment,2365,2729,2365,364,True,44,44,44,0.9582032561302185,44,0.93494713306427,1,1,1
44,Person_45,rec_1,44_rec_1,9,C:\Users\User\Downloads\26-1_Capstone-main\26-1_Capstone-main\data\ecg-id-database-1.0.0\Person_45\rec_1,rr_segment,3479,3850,3479,371,True,44,44,44,0.9350050687789917,44,0.9097899198532104,1,1,1
44,Person_45,rec_1,44_rec_1,10,C:\Users\User\Downloads\26-1_Capstone-main\26-1_Capstone-main\data\ecg-id-database-1.0.0\Person_45\rec_1,rr_segment,3850,4218,3850,368,True,44,44,44,0.9542986154556274,44,0.9211224317550659,1,1,1
44,Person_45,rec_1,44_rec_1,11,C:\Users\User\Downloads\26-1_Capstone-main\26-1_Capstone-main\data\ecg-id-database-1.0.0\Person_45\rec_1,rr_segment,4218,4585,4218,367,True,44,44,44,0.9448016881942749,44,0.9145945906639099,1,1,1
44,Person_45,rec_1,44_rec_1,12,C:\Users\User\Downloads\26-1_Capstone-main\26-1_Capstone-main\data\ecg-id-database-1.0.0\Person_45\rec_1,rr_segment,4585,4953,4585,368,True,44,44,44,0.9511896371841431,44,0.9196343421936035,1,1,1
44,Person_45,rec_1,44_rec_1,13,C:\Users\User\Downloads\26-1_Capstone-main\26-1_Capstone-main\data\ecg-id-database-1.0.0\Person_45\rec_1,rr_segment,4953,5315,4953,362,True,44,44,44,0.9447476267814636,44,0.8827929496765137,1,1,1
44,Person_45,rec_1,44_rec_1,14,C:\Users\User\Downloads\26-1_Capstone-main\26-1_Capstone-main\data\ecg-id-database-1.0.0\Person_45\rec_1,rr_segment,5315,5679,5315,364,True,44,44,44,0.9817488193511963,44,0.9741809368133545,1,1,1
44,Person_45,rec_1,44_rec_1,15,C:\Users\User\Downloads\26-1_Capstone-main\26-1_Capstone-main\data\ecg-id-database-1.0.0\Person_45\rec_1,rr_segment,5679,6042,5679,363,True,44,44,44,0.9671894311904907,44,0.9585242867469788,1,1,1
44,Person_45,rec_1,44_rec_1,16,C:\Users\User\Downloads\26-1_Capstone-main\26-1_Capstone-main\data\ecg-id-database-1.0.0\Person_45\rec_1,rr_segment,6042,6404,6042,362,True,44,44,44,0.9566541910171509,44,0.93330979347229,1,1,1
44,Person_45,rec_1,44_rec_1,17,C:\Users\User\Downloads\26-1_Capstone-main\26-1_Capstone-main\data\ecg-id-database-1.0.0\Person_45\rec_1,rr_segment,6404,6762,6404,358,True,44,32,32,0.9599123597145081,32,0.9098103642463684,0,0,0
44,Person_45,rec_1,44_rec_1,18,C:\Users\User\Downloads\26-1_Capstone-main\26-1_Capstone-main\data\ecg-id-database-1.0.0\Person_45\rec_1,rr_segment,6762,7119,6762,357,True,44,44,44,0.9244205951690674,44,0.8748847246170044,1,1,1
44,Person_45,rec_1,44_rec_1,19,C:\Users\User\Downloads\26-1_Capstone-main\26-1_Capstone-main\data\ecg-id-database-1.0.0\Person_45\rec_1,rr_segment,7119,7478,7119,359,True,44,44,44,0.9598976373672485,44,0.9190618395805359,1,1,1
44,Person_45,rec_1,44_rec_1,20,C:\Users\User\Downloads\26-1_Capstone-main\26-1_Capstone-main\data\ecg-id-database-1.0.0\Person_45\rec_1,rr_segment,7478,7839,7478,361,True,44,44,44,0.874230146408081,44,0.8394739031791687,1,1,1
44,Person_45,rec_1,44_rec_1,21,C:\Users\User\Downloads\26-1_Capstone-main\26-1_Capstone-main\data\ecg-id-database-1.0.0\Person_45\rec_1,rr_segment,7839,8197,7839,358,True,44,44,44,0.9217789173126221,44,0.8915340900421143,1,1,1
44,Person_45,rec_1,44_rec_1,22,C:\Users\User\Downloads\26-1_Capstone-main\26-1_Capstone-main\data\ecg-id-database-1.0.0\Person_45\rec_1,rr_segment,8197,8555,8197,358,True,44,44,44,0.9490944147109985,44,0.9202414155006409,1,1,1
44,Person_45,rec_1,44_rec_1,23,C:\Users\User\Downloads\26-1_Capstone-main\26-1_Capstone-main\data\ecg-id-database-1.0.0\Person_45\rec_1,rr_segment,8555,8915,8555,360,True,44,44,44,0.9791346192359924,44,0.9602997303009033,1,1,1
44,Person_45,rec_1,44_rec_1,25,C:\Users\User\Downloads\26-1_Capstone-main\26-1_Capstone-main\data\ecg-id-database-1.0.0\Person_45\rec_1,rr_segment,9268,9623,9268,355,True,44,44,44,0.9802818298339844,44,0.9714833498001099,1,1,1
45,Person_46,rec_2,45_rec_2,0,C:\Users\User\Downloads\26-1_Capstone-main\26-1_Capstone-main\data\ecg-id-database-1.0.0\Person_46\rec_2,rr_segment,458,771,458,313,True,45,45,45,0.9691671133041382,45,0.9528821706771851,1,1,1
45,Person_46,rec_2,45_rec_2,4,C:\Users\User\Downloads\26-1_Capstone-main\26-1_Capstone-main\data\ecg-id-database-1.0.0\Person_46\rec_2,rr_segment,1658,2030,1658,372,True,45,45,45,0.9296087622642517,45,0.9132958650588989,1,1,1
45,Person_46,rec_2,45_rec_2,5,C:\Users\User\Downloads\26-1_Capstone-main\26-1_Capstone-main\data\ecg-id-database-1.0.0\Person_46\rec_2,rr_segment,2030,2424,2030,394,True,45,45,45,0.9609752297401428,45,0.9211732149124146,1,1,1
45,Person_46,rec_2,45_rec_2,6,C:\Users\User\Downloads\26-1_Capstone-main\26-1_Capstone-main\data\ecg-id-database-1.0.0\Person_46\rec_2,rr_segment,2424,2784,2424,360,True,45,45,45,0.9913361668586731,45,0.9786663055419922,1,1,1
45,Person_46,rec_2,45_rec_2,7,C:\Users\User\Downloads\26-1_Capstone-main\26-1_Capstone-main\data\ecg-id-database-1.0.0\Person_46\rec_2,rr_segment,2784,3143,2784,359,True,45,45,45,0.9851406812667847,45,0.9776434898376465,1,1,1
45,Person_46,rec_2,45_rec_2,8,C:\Users\User\Downloads\26-1_Capstone-main\26-1_Capstone-main\data\ecg-id-database-1.0.0\Person_46\rec_2,rr_segment,3143,3511,3143,368,True,45,45,45,0.979551374912262,45,0.9033591151237488,1,1,1
45,Person_46,rec_2,45_rec_2,9,C:\Users\User\Downloads\26-1_Capstone-main\26-1_Capstone-main\data\ecg-id-database-1.0.0\Person_46\rec_2,rr_segment,3511,3849,3511,338,True,45,43,45,0.9507584571838379,45,0.8618240356445312,0,1,1
45,Person_46,rec_2,45_rec_2,10,C:\Users\User\Downloads\26-1_Capstone-main\26-1_Capstone-main\data\ecg-id-database-1.0.0\Person_46\rec_2,rr_segment,3849,4199,3849,350,True,45,45,45,0.9766672849655151,45,0.9526671171188354,1,1,1
45,Person_46,rec_2,45_rec_2,11,C:\Users\User\Downloads\26-1_Capstone-main\26-1_Capstone-main\data\ecg-id-database-1.0.0\Person_46\rec_2,rr_segment,4199,4555,4199,356,True,45,45,45,0.9851062893867493,45,0.9779601693153381,1,1,1
45,Person_46,rec_2,45_rec_2,12,C:\Users\User\Downloads\26-1_Capstone-main\26-1_Capstone-main\data\ecg-id-database-1.0.0\Person_46\rec_2,rr_segment,4555,4931,4555,376,True,45,45,45,0.9716792106628418,45,0.9736913442611694,1,1,1
45,Person_46,rec_2,45_rec_2,13,C:\Users\User\Downloads\26-1_Capstone-main\26-1_Capstone-main\data\ecg-id-database-1.0.0\Person_46\rec_2,rr_segment,4931,5304,4931,373,True,45,45,45,0.9826109409332275,45,0.9790977239608765,1,1,1
45,Person_46,rec_2,45_rec_2,14,C:\Users\User\Downloads\26-1_Capstone-main\26-1_Capstone-main\data\ecg-id-database-1.0.0\Person_46\rec_2,rr_segment,5304,5672,5304,368,True,45,45,45,0.9779910445213318,45,0.906121551990509,1,1,1
45,Person_46,rec_2,45_rec_2,15,C:\Users\User\Downloads\26-1_Capstone-main\26-1_Capstone-main\data\ecg-id-database-1.0.0\Person_46\rec_2,rr_segment,5672,6038,5672,366,True,45,45,45,0.9821545481681824,45,0.9451121091842651,1,1,1
45,Person_46,rec_2,45_rec_2,16,C:\Users\User\Downloads\26-1_Capstone-main\26-1_Capstone-main\data\ecg-id-database-1.0.0\Person_46\rec_2,rr_segment,6038,6403,6038,365,True,45,45,45,0.9691375494003296,45,0.9172386527061462,1,1,1
45,Person_46,rec_2,45_rec_2,17,C:\Users\User\Downloads\26-1_Capstone-main\26-1_Capstone-main\data\ecg-id-database-1.0.0\Person_46\rec_2,rr_segment,6403,6735,6403,332,True,45,45,45,0.9752687215805054,45,0.8872607946395874,1,1,1
45,Person_46,rec_2,45_rec_2,18,C:\Users\User\Downloads\26-1_Capstone-main\26-1_Capstone-main\data\ecg-id-database-1.0.0\Person_46\rec_2,rr_segment,6735,7053,6735,318,True,45,45,45,0.9295961856842041,45,0.8988052606582642,1,1,1
45,Person_46,rec_2,45_rec_2,19,C:\Users\User\Downloads\26-1_Capstone-main\26-1_Capstone-main\data\ecg-id-database-1.0.0\Person_46\rec_2,rr_segment,7053,7366,7053,313,True,45,45,45,0.9754602909088135,45,0.9401353597640991,1,1,1
45,Person_46,rec_2,45_rec_2,20,C:\Users\User\Downloads\26-1_Capstone-main\26-1_Capstone-main\data\ecg-id-database-1.0.0\Person_46\rec_2,rr_segment,7366,7696,7366,330,True,45,45,45,0.9755740761756897,45,0.9455248713493347,1,1,1
45,Person_46,rec_2,45_rec_2,21,C:\Users\User\Downloads\26-1_Capstone-main\26-1_Capstone-main\data\ecg-id-database-1.0.0\Person_46\rec_2,rr_segment,7696,8062,7696,366,True,45,45,45,0.991226315498352,45,0.9803831577301025,1,1,1
45,Person_46,rec_2,45_rec_2,23,C:\Users\User\Downloads\26-1_Capstone-main\26-1_Capstone-main\data\ecg-id-database-1.0.0\Person_46\rec_2,rr_segment,8469,8851,8469,382,True,45,45,45,0.967842698097229,45,0.941906213760376,1,1,1
45,Person_46,rec_2,45_rec_2,24,C:\Users\User\Downloads\26-1_Capstone-main\26-1_Capstone-main\data\ecg-id-database-1.0.0\Person_46\rec_2,rr_segment,8851,9204,8851,353,True,45,45,45,0.9794545769691467,45,0.9472059011459351,1,1,1
45,Person_46,rec_2,45_rec_2,25,C:\Users\User\Downloads\26-1_Capstone-main\26-1_Capstone-main\data\ecg-id-database-1.0.0\Person_46\rec_2,rr_segment,9204,9565,9204,361,True,45,45,45,0.9830803871154785,45,0.9364961385726929,1,1,1
45,Person_46,rec_2,45_rec_2,26,C:\Users\User\Downloads\26-1_Capstone-main\26-1_Capstone-main\data\ecg-id-database-1.0.0\Person_46\rec_2,rr_segment,9565,9939,9565,374,True,45,45,45,0.9300386905670166,45,0.8594754934310913,1,1,1
46,Person_47,rec_2,46_rec_2,0,C:\Users\User\Downloads\26-1_Capstone-main\26-1_Capstone-main\data\ecg-id-database-1.0.0\Person_47\rec_2,rr_segment,166,491,166,325,True,46,46,46,0.9645788073539734,46,0.9361778497695923,1,1,1
46,Person_47,rec_2,46_rec_2,1,C:\Users\User\Downloads\26-1_Capstone-main\26-1_Capstone-main\data\ecg-id-database-1.0.0\Person_47\rec_2,rr_segment,491,790,491,299,True,46,46,46,0.8744563460350037,46,0.7067211866378784,1,1,1
46,Person_47,rec_2,46_rec_2,2,C:\Users\User\Downloads\26-1_Capstone-main\26-1_Capstone-main\data\ecg-id-database-1.0.0\Person_47\rec_2,rr_segment,790,1088,790,298,True,46,71,71,0.877262532711029,71,0.7720999121665955,0,0,0
46,Person_47,rec_2,46_rec_2,3,C:\Users\User\Downloads\26-1_Capstone-main\26-1_Capstone-main\data\ecg-id-database-1.0.0\Person_47\rec_2,rr_segment,1088,1385,1088,297,True,46,46,46,0.93073570728302,46,0.8056747317314148,1,1,1
46,Person_47,rec_2,46_rec_2,4,C:\Users\User\Downloads\26-1_Capstone-main\26-1_Capstone-main\data\ecg-id-database-1.0.0\Person_47\rec_2,rr_segment,1385,1699,1385,314,True,46,46,46,0.9721140265464783,46,0.8924006223678589,1,1,1
46,Person_47,rec_2,46_rec_2,5,C:\Users\User\Downloads\26-1_Capstone-main\26-1_Capstone-main\data\ecg-id-database-1.0.0\Person_47\rec_2,rr_segment,1699,2051,1699,352,True,46,46,46,0.994352400302887,46,0.9907839894294739,1,1,1
46,Person_47,rec_2,46_rec_2,6,C:\Users\User\Downloads\26-1_Capstone-main\26-1_Capstone-main\data\ecg-id-database-1.0.0\Person_47\rec_2,rr_segment,2051,2432,2051,381,True,46,46,46,0.987018346786499,46,0.9917044043540955,1,1,1
46,Person_47,rec_2,46_rec_2,7,C:\Users\User\Downloads\26-1_Capstone-main\26-1_Capstone-main\data\ecg-id-database-1.0.0\Person_47\rec_2,rr_segment,2432,2829,2432,397,True,46,46,46,0.9899719953536987,46,0.9907538890838623,1,1,1
46,Person_47,rec_2,46_rec_2,8,C:\Users\User\Downloads\26-1_Capstone-main\26-1_Capstone-main\data\ecg-id-database-1.0.0\Person_47\rec_2,rr_segment,2829,3230,2829,401,True,46,46,46,0.9709011316299438,46,0.9608365297317505,1,1,1
46,Person_47,rec_2,46_rec_2,9,C:\Users\User\Downloads\26-1_Capstone-main\26-1_Capstone-main\data\ecg-id-database-1.0.0\Person_47\rec_2,rr_segment,3230,3615,3230,385,True,46,46,46,0.9175641536712646,46,0.8642174005508423,1,1,1
46,Person_47,rec_2,46_rec_2,10,C:\Users\User\Downloads\26-1_Capstone-main\26-1_Capstone-main\data\ecg-id-database-1.0.0\Person_47\rec_2,rr_segment,3615,3948,3615,333,True,46,45,45,0.8838391900062561,45,0.8090212345123291,0,0,0
46,Person_47,rec_2,46_rec_2,11,C:\Users\User\Downloads\26-1_Capstone-main\26-1_Capstone-main\data\ecg-id-database-1.0.0\Person_47\rec_2,rr_segment,3948,4268,3948,320,True,46,46,46,0.9756408929824829,46,0.8866228461265564,1,1,1
46,Person_47,rec_2,46_rec_2,12,C:\Users\User\Downloads\26-1_Capstone-main\26-1_Capstone-main\data\ecg-id-database-1.0.0\Person_47\rec_2,rr_segment,4268,4578,4268,310,True,46,46,46,0.9715368747711182,46,0.884411096572876,1,1,1
46,Person_47,rec_2,46_rec_2,13,C:\Users\User\Downloads\26-1_Capstone-main\26-1_Capstone-main\data\ecg-id-database-1.0.0\Person_47\rec_2,rr_segment,4578,4887,4578,309,True,46,46,46,0.8999342918395996,46,0.8039578199386597,1,1,1
46,Person_47,rec_2,46_rec_2,14,C:\Users\User\Downloads\26-1_Capstone-main\26-1_Capstone-main\data\ecg-id-database-1.0.0\Person_47\rec_2,rr_segment,4887,5189,4887,302,True,46,45,45,0.8988848924636841,45,0.8518723249435425,0,0,0
46,Person_47,rec_2,46_rec_2,15,C:\Users\User\Downloads\26-1_Capstone-main\26-1_Capstone-main\data\ecg-id-database-1.0.0\Person_47\rec_2,rr_segment,5189,5489,5189,300,True,46,46,46,0.8819763660430908,46,0.779687762260437,1,1,1
46,Person_47,rec_2,46_rec_2,16,C:\Users\User\Downloads\26-1_Capstone-main\26-1_Capstone-main\data\ecg-id-database-1.0.0\Person_47\rec_2,rr_segment,5489,5775,5489,286,True,46,30,45,0.8420361876487732,45,0.7089782953262329,0,0,0
46,Person_47,rec_2,46_rec_2,17,C:\Users\User\Downloads\26-1_Capstone-main\26-1_Capstone-main\data\ecg-id-database-1.0.0\Person_47\rec_2,rr_segment,5775,6068,5775,293,True,46,45,45,0.7352263927459717,45,0.6088740825653076,0,0,0
46,Person_47,rec_2,46_rec_2,20,C:\Users\User\Downloads\26-1_Capstone-main\26-1_Capstone-main\data\ecg-id-database-1.0.0\Person_47\rec_2,rr_segment,7432,7785,7432,353,True,46,75,76,0.8682324886322021,75,0.5466465950012207,0,0,0
46,Person_47,rec_2,46_rec_2,21,C:\Users\User\Downloads\26-1_Capstone-main\26-1_Capstone-main\data\ecg-id-database-1.0.0\Person_47\rec_2,rr_segment,7785,8120,7785,335,True,46,45,45,0.9191315770149231,45,0.8705805540084839,0,0,0
46,Person_47,rec_2,46_rec_2,22,C:\Users\User\Downloads\26-1_Capstone-main\26-1_Capstone-main\data\ecg-id-database-1.0.0\Person_47\rec_2,rr_segment,8120,8450,8120,330,True,46,45,45,0.9206246137619019,45,0.850951075553894,0,0,0
46,Person_47,rec_2,46_rec_2,23,C:\Users\User\Downloads\26-1_Capstone-main\26-1_Capstone-main\data\ecg-id-database-1.0.0\Person_47\rec_2,rr_segment,8450,8789,8450,339,True,46,46,46,0.9317445755004883,46,0.8997788429260254,1,1,1
46,Person_47,rec_2,46_rec_2,24,C:\Users\User\Downloads\26-1_Capstone-main\26-1_Capstone-main\data\ecg-id-database-1.0.0\Person_47\rec_2,rr_segment,8789,9142,8789,353,True,46,46,46,0.987498939037323,46,0.9742730259895325,1,1,1
46,Person_47,rec_2,46_rec_2,25,C:\Users\User\Downloads\26-1_Capstone-main\26-1_Capstone-main\data\ecg-id-database-1.0.0\Person_47\rec_2,rr_segment,9142,9494,9142,352,True,46,46,46,0.9389540553092957,46,0.8606534600257874,1,1,1
46,Person_47,rec_2,46_rec_2,26,C:\Users\User\Downloads\26-1_Capstone-main\26-1_Capstone-main\data\ecg-id-database-1.0.0\Person_47\rec_2,rr_segment,9494,9832,9494,338,True,46,46,46,0.8957149386405945,71,0.7777233123779297,1,1,0
47,Person_48,rec_2,47_rec_2,0,C:\Users\User\Downloads\26-1_Capstone-main\26-1_Capstone-main\data\ecg-id-database-1.0.0\Person_48\rec_2,rr_segment,167,530,167,363,True,47,47,47,0.9966615438461304,47,0.996751606464386,1,1,1
47,Person_48,rec_2,47_rec_2,1,C:\Users\User\Downloads\26-1_Capstone-main\26-1_Capstone-main\data\ecg-id-database-1.0.0\Person_48\rec_2,rr_segment,530,896,530,366,True,47,47,47,0.9966949224472046,47,0.9947972893714905,1,1,1
47,Person_48,rec_2,47_rec_2,2,C:\Users\User\Downloads\26-1_Capstone-main\26-1_Capstone-main\data\ecg-id-database-1.0.0\Person_48\rec_2,rr_segment,896,1247,896,351,True,47,47,47,0.9965443015098572,47,0.9946379661560059,1,1,1
47,Person_48,rec_2,47_rec_2,3,C:\Users\User\Downloads\26-1_Capstone-main\26-1_Capstone-main\data\ecg-id-database-1.0.0\Person_48\rec_2,rr_segment,1247,1614,1247,367,True,47,47,47,0.995611310005188,47,0.9852936267852783,1,1,1
47,Person_48,rec_2,47_rec_2,4,C:\Users\User\Downloads\26-1_Capstone-main\26-1_Capstone-main\data\ecg-id-database-1.0.0\Person_48\rec_2,rr_segment,1614,1982,1614,368,True,47,47,47,0.9959580898284912,47,0.9972257018089294,1,1,1
47,Person_48,rec_2,47_rec_2,5,C:\Users\User\Downloads\26-1_Capstone-main\26-1_Capstone-main\data\ecg-id-database-1.0.0\Person_48\rec_2,rr_segment,1982,2337,1982,355,True,47,47,47,0.9958789348602295,47,0.9874274134635925,1,1,1
47,Person_48,rec_2,47_rec_2,6,C:\Users\User\Downloads\26-1_Capstone-main\26-1_Capstone-main\data\ecg-id-database-1.0.0\Person_48\rec_2,rr_segment,2337,2694,2337,357,True,47,47,47,0.9940018057823181,47,0.9917654395103455,1,1,1
47,Person_48,rec_2,47_rec_2,7,C:\Users\User\Downloads\26-1_Capstone-main\26-1_Capstone-main\data\ecg-id-database-1.0.0\Person_48\rec_2,rr_segment,2694,3075,2694,381,True,47,47,47,0.9966609477996826,47,0.9925025701522827,1,1,1
47,Person_48,rec_2,47_rec_2,8,C:\Users\User\Downloads\26-1_Capstone-main\26-1_Capstone-main\data\ecg-id-database-1.0.0\Person_48\rec_2,rr_segment,3075,3446,3075,371,True,47,47,47,0.9953376054763794,47,0.9872103929519653,1,1,1
47,Person_48,rec_2,47_rec_2,9,C:\Users\User\Downloads\26-1_Capstone-main\26-1_Capstone-main\data\ecg-id-database-1.0.0\Person_48\rec_2,rr_segment,3446,3803,3446,357,True,47,47,47,0.9965084791183472,47,0.9968312382698059,1,1,1
47,Person_48,rec_2,47_rec_2,10,C:\Users\User\Downloads\26-1_Capstone-main\26-1_Capstone-main\data\ecg-id-database-1.0.0\Person_48\rec_2,rr_segment,3803,4158,3803,355,True,47,47,47,0.996381402015686,47,0.9931704998016357,1,1,1
47,Person_48,rec_2,47_rec_2,11,C:\Users\User\Downloads\26-1_Capstone-main\26-1_Capstone-main\data\ecg-id-database-1.0.0\Person_48\rec_2,rr_segment,4158,4522,4158,364,True,47,47,47,0.9939274787902832,47,0.9944437742233276,1,1,1
47,Person_48,rec_2,47_rec_2,12,C:\Users\User\Downloads\26-1_Capstone-main\26-1_Capstone-main\data\ecg-id-database-1.0.0\Person_48\rec_2,rr_segment,4522,4901,4522,379,True,47,47,47,0.9966443777084351,47,0.9922254085540771,1,1,1
47,Person_48,rec_2,47_rec_2,13,C:\Users\User\Downloads\26-1_Capstone-main\26-1_Capstone-main\data\ecg-id-database-1.0.0\Person_48\rec_2,rr_segment,4901,5258,4901,357,True,47,47,47,0.9967843294143677,47,0.9951109886169434,1,1,1
47,Person_48,rec_2,47_rec_2,14,C:\Users\User\Downloads\26-1_Capstone-main\26-1_Capstone-main\data\ecg-id-database-1.0.0\Person_48\rec_2,rr_segment,5258,5633,5258,375,True,47,47,47,0.9961331486701965,47,0.9971534013748169,1,1,1
47,Person_48,rec_2,47_rec_2,16,C:\Users\User\Downloads\26-1_Capstone-main\26-1_Capstone-main\data\ecg-id-database-1.0.0\Person_48\rec_2,rr_segment,6019,6403,6019,384,True,47,47,47,0.9978914856910706,47,0.9877614974975586,1,1,1
47,Person_48,rec_2,47_rec_2,17,C:\Users\User\Downloads\26-1_Capstone-main\26-1_Capstone-main\data\ecg-id-database-1.0.0\Person_48\rec_2,rr_segment,6403,6764,6403,361,True,47,47,47,0.9985431432723999,47,0.9942585229873657,1,1,1
47,Person_48,rec_2,47_rec_2,18,C:\Users\User\Downloads\26-1_Capstone-main\26-1_Capstone-main\data\ecg-id-database-1.0.0\Person_48\rec_2,rr_segment,6764,7131,6764,367,True,47,47,47,0.9947641491889954,47,0.9960085153579712,1,1,1
47,Person_48,rec_2,47_rec_2,19,C:\Users\User\Downloads\26-1_Capstone-main\26-1_Capstone-main\data\ecg-id-database-1.0.0\Person_48\rec_2,rr_segment,7131,7512,7131,381,True,47,47,47,0.9989394545555115,47,0.9846358299255371,1,1,1
47,Person_48,rec_2,47_rec_2,20,C:\Users\User\Downloads\26-1_Capstone-main\26-1_Capstone-main\data\ecg-id-database-1.0.0\Person_48\rec_2,rr_segment,7512,7867,7512,355,True,47,47,47,0.9957046508789062,47,0.9954271912574768,1,1,1
47,Person_48,rec_2,47_rec_2,21,C:\Users\User\Downloads\26-1_Capstone-main\26-1_Capstone-main\data\ecg-id-database-1.0.0\Person_48\rec_2,rr_segment,7867,8221,7867,354,True,47,47,47,0.9979575872421265,47,0.9960224628448486,1,1,1
47,Person_48,rec_2,47_rec_2,22,C:\Users\User\Downloads\26-1_Capstone-main\26-1_Capstone-main\data\ecg-id-database-1.0.0\Person_48\rec_2,rr_segment,8221,8577,8221,356,True,47,47,47,0.9971117973327637,47,0.9906187653541565,1,1,1
48,Person_49,rec_1,48_rec_1,1,C:\Users\User\Downloads\26-1_Capstone-main\26-1_Capstone-main\data\ecg-id-database-1.0.0\Person_49\rec_1,rr_segment,443,772,443,329,True,48,48,48,0.995137095451355,48,0.9804384112358093,1,1,1
48,Person_49,rec_1,48_rec_1,2,C:\Users\User\Downloads\26-1_Capstone-main\26-1_Capstone-main\data\ecg-id-database-1.0.0\Person_49\rec_1,rr_segment,772,1087,772,315,True,48,48,48,0.8675765991210938,89,0.7550958395004272,1,1,0
48,Person_49,rec_1,48_rec_1,3,C:\Users\User\Downloads\26-1_Capstone-main\26-1_Capstone-main\data\ecg-id-database-1.0.0\Person_49\rec_1,rr_segment,1087,1405,1087,318,True,48,48,48,0.9804288148880005,48,0.9318446516990662,1,1,1
48,Person_49,rec_1,48_rec_1,4,C:\Users\User\Downloads\26-1_Capstone-main\26-1_Capstone-main\data\ecg-id-database-1.0.0\Person_49\rec_1,rr_segment,1405,1719,1405,314,True,48,48,48,0.9865202307701111,48,0.9634610414505005,1,1,1
48,Person_49,rec_1,48_rec_1,5,C:\Users\User\Downloads\26-1_Capstone-main\26-1_Capstone-main\data\ecg-id-database-1.0.0\Person_49\rec_1,rr_segment,1719,2024,1719,305,True,48,48,48,0.8977442979812622,48,0.8030341863632202,1,1,1
48,Person_49,rec_1,48_rec_1,6,C:\Users\User\Downloads\26-1_Capstone-main\26-1_Capstone-main\data\ecg-id-database-1.0.0\Person_49\rec_1,rr_segment,2024,2319,2024,295,True,48,48,48,0.967950701713562,48,0.9094423055648804,1,1,1
48,Person_49,rec_1,48_rec_1,7,C:\Users\User\Downloads\26-1_Capstone-main\26-1_Capstone-main\data\ecg-id-database-1.0.0\Person_49\rec_1,rr_segment,2319,2617,2319,298,True,48,48,48,0.9818518757820129,48,0.9644092321395874,1,1,1
48,Person_49,rec_1,48_rec_1,8,C:\Users\User\Downloads\26-1_Capstone-main\26-1_Capstone-main\data\ecg-id-database-1.0.0\Person_49\rec_1,rr_segment,2617,2912,2617,295,True,48,48,48,0.9699509143829346,48,0.9454822540283203,1,1,1
48,Person_49,rec_1,48_rec_1,9,C:\Users\User\Downloads\26-1_Capstone-main\26-1_Capstone-main\data\ecg-id-database-1.0.0\Person_49\rec_1,rr_segment,2912,3208,2912,296,True,48,48,48,0.9876775145530701,48,0.9696602821350098,1,1,1
48,Person_49,rec_1,48_rec_1,10,C:\Users\User\Downloads\26-1_Capstone-main\26-1_Capstone-main\data\ecg-id-database-1.0.0\Person_49\rec_1,rr_segment,3208,3503,3208,295,True,48,48,48,0.9816209673881531,48,0.9418877363204956,1,1,1
48,Person_49,rec_1,48_rec_1,11,C:\Users\User\Downloads\26-1_Capstone-main\26-1_Capstone-main\data\ecg-id-database-1.0.0\Person_49\rec_1,rr_segment,3503,3785,3503,282,True,48,48,48,0.9909387230873108,48,0.983197033405304,1,1,1
48,Person_49,rec_1,48_rec_1,12,C:\Users\User\Downloads\26-1_Capstone-main\26-1_Capstone-main\data\ecg-id-database-1.0.0\Person_49\rec_1,rr_segment,3785,4074,3785,289,True,48,48,48,0.9718812704086304,48,0.9593071937561035,1,1,1
48,Person_49,rec_1,48_rec_1,13,C:\Users\User\Downloads\26-1_Capstone-main\26-1_Capstone-main\data\ecg-id-database-1.0.0\Person_49\rec_1,rr_segment,4074,4370,4074,296,True,48,48,48,0.9904425144195557,48,0.9500726461410522,1,1,1
48,Person_49,rec_1,48_rec_1,14,C:\Users\User\Downloads\26-1_Capstone-main\26-1_Capstone-main\data\ecg-id-database-1.0.0\Person_49\rec_1,rr_segment,4370,4676,4370,306,True,48,48,48,0.9927222728729248,48,0.987989068031311,1,1,1
48,Person_49,rec_1,48_rec_1,15,C:\Users\User\Downloads\26-1_Capstone-main\26-1_Capstone-main\data\ecg-id-database-1.0.0\Person_49\rec_1,rr_segment,4676,4981,4676,305,True,48,48,48,0.9926146864891052,48,0.990070104598999,1,1,1
48,Person_49,rec_1,48_rec_1,16,C:\Users\User\Downloads\26-1_Capstone-main\26-1_Capstone-main\data\ecg-id-database-1.0.0\Person_49\rec_1,rr_segment,4981,5287,4981,306,True,48,48,48,0.984961748123169,48,0.9809193015098572,1,1,1
48,Person_49,rec_1,48_rec_1,17,C:\Users\User\Downloads\26-1_Capstone-main\26-1_Capstone-main\data\ecg-id-database-1.0.0\Person_49\rec_1,rr_segment,5287,5597,5287,310,True,48,48,48,0.9949469566345215,48,0.9966151714324951,1,1,1
48,Person_49,rec_1,48_rec_1,18,C:\Users\User\Downloads\26-1_Capstone-main\26-1_Capstone-main\data\ecg-id-database-1.0.0\Person_49\rec_1,rr_segment,5597,5911,5597,314,True,48,48,48,0.9852420687675476,48,0.9499598145484924,1,1,1
48,Person_49,rec_1,48_rec_1,19,C:\Users\User\Downloads\26-1_Capstone-main\26-1_Capstone-main\data\ecg-id-database-1.0.0\Person_49\rec_1,rr_segment,5911,6227,5911,316,True,48,48,48,0.9713202714920044,48,0.9704294800758362,1,1,1
48,Person_49,rec_1,48_rec_1,20,C:\Users\User\Downloads\26-1_Capstone-main\26-1_Capstone-main\data\ecg-id-database-1.0.0\Person_49\rec_1,rr_segment,6227,6541,6227,314,True,48,48,48,0.9905046820640564,48,0.9897048473358154,1,1,1
48,Person_49,rec_1,48_rec_1,21,C:\Users\User\Downloads\26-1_Capstone-main\26-1_Capstone-main\data\ecg-id-database-1.0.0\Person_49\rec_1,rr_segment,6541,6840,6541,299,True,48,48,48,0.968002438545227,48,0.9517192840576172,1,1,1
48,Person_49,rec_1,48_rec_1,22,C:\Users\User\Downloads\26-1_Capstone-main\26-1_Capstone-main\data\ecg-id-database-1.0.0\Person_49\rec_1,rr_segment,6840,7143,6840,303,True,48,48,48,0.9947493076324463,48,0.990467369556427,1,1,1
48,Person_49,rec_1,48_rec_1,23,C:\Users\User\Downloads\26-1_Capstone-main\26-1_Capstone-main\data\ecg-id-database-1.0.0\Person_49\rec_1,rr_segment,7143,7453,7143,310,True,48,48,48,0.9627829790115356,48,0.892683207988739,1,1,1
48,Person_49,rec_1,48_rec_1,24,C:\Users\User\Downloads\26-1_Capstone-main\26-1_Capstone-main\data\ecg-id-database-1.0.0\Person_49\rec_1,rr_segment,7453,7774,7453,321,True,48,48,48,0.9402235746383667,48,0.8669583201408386,1,1,1
48,Person_49,rec_1,48_rec_1,25,C:\Users\User\Downloads\26-1_Capstone-main\26-1_Capstone-main\data\ecg-id-database-1.0.0\Person_49\rec_1,rr_segment,7774,8100,7774,326,True,48,48,48,0.9758279323577881,48,0.9399925470352173,1,1,1
48,Person_49,rec_1,48_rec_1,26,C:\Users\User\Downloads\26-1_Capstone-main\26-1_Capstone-main\data\ecg-id-database-1.0.0\Person_49\rec_1,rr_segment,8100,8405,8100,305,True,48,48,48,0.9937416911125183,48,0.9893553256988525,1,1,1
48,Person_49,rec_1,48_rec_1,27,C:\Users\User\Downloads\26-1_Capstone-main\26-1_Capstone-main\data\ecg-id-database-1.0.0\Person_49\rec_1,rr_segment,8405,8717,8405,312,True,48,48,48,0.9496630430221558,48,0.8295019268989563,1,1,1
48,Person_49,rec_1,48_rec_1,28,C:\Users\User\Downloads\26-1_Capstone-main\26-1_Capstone-main\data\ecg-id-database-1.0.0\Person_49\rec_1,rr_segment,8717,9026,8717,309,True,48,48,48,0.986222505569458,48,0.9275445938110352,1,1,1
48,Person_49,rec_1,48_rec_1,29,C:\Users\User\Downloads\26-1_Capstone-main\26-1_Capstone-main\data\ecg-id-database-1.0.0\Person_49\rec_1,rr_segment,9026,9334,9026,308,True,48,48,48,0.9885979294776917,48,0.9766326546669006,1,1,1
48,Person_49,rec_1,48_rec_1,30,C:\Users\User\Downloads\26-1_Capstone-main\26-1_Capstone-main\data\ecg-id-database-1.0.0\Person_49\rec_1,rr_segment,9334,9633,9334,299,True,48,48,48,0.992696225643158,48,0.9854754209518433,1,1,1
48,Person_49,rec_1,48_rec_1,31,C:\Users\User\Downloads\26-1_Capstone-main\26-1_Capstone-main\data\ecg-id-database-1.0.0\Person_49\rec_1,rr_segment,9633,9929,9633,296,True,48,48,48,0.8779593706130981,48,0.8097941875457764,1,1,1
49,Person_50,rec_2,49_rec_2,0,C:\Users\User\Downloads\26-1_Capstone-main\26-1_Capstone-main\data\ecg-id-database-1.0.0\Person_50\rec_2,rr_segment,449,752,449,303,True,49,49,49,0.9840765595436096,49,0.9553221464157104,1,1,1
49,Person_50,rec_2,49_rec_2,1,C:\Users\User\Downloads\26-1_Capstone-main\26-1_Capstone-main\data\ecg-id-database-1.0.0\Person_50\rec_2,rr_segment,752,1054,752,302,True,49,49,49,0.9367376565933228,49,0.8679198026657104,1,1,1
49,Person_50,rec_2,49_rec_2,2,C:\Users\User\Downloads\26-1_Capstone-main\26-1_Capstone-main\data\ecg-id-database-1.0.0\Person_50\rec_2,rr_segment,1054,1377,1054,323,True,49,49,49,0.9629498720169067,49,0.9280123710632324,1,1,1
49,Person_50,rec_2,49_rec_2,4,C:\Users\User\Downloads\26-1_Capstone-main\26-1_Capstone-main\data\ecg-id-database-1.0.0\Person_50\rec_2,rr_segment,1738,2077,1738,339,True,49,49,49,0.9666658639907837,49,0.9605903029441833,1,1,1
49,Person_50,rec_2,49_rec_2,5,C:\Users\User\Downloads\26-1_Capstone-main\26-1_Capstone-main\data\ecg-id-database-1.0.0\Person_50\rec_2,rr_segment,2077,2374,2077,297,True,49,49,49,0.9295957088470459,49,0.8846492767333984,1,1,1
49,Person_50,rec_2,49_rec_2,6,C:\Users\User\Downloads\26-1_Capstone-main\26-1_Capstone-main\data\ecg-id-database-1.0.0\Person_50\rec_2,rr_segment,2374,2704,2374,330,True,49,57,57,0.7352234125137329,57,0.6690367460250854,0,0,0
49,Person_50,rec_2,49_rec_2,7,C:\Users\User\Downloads\26-1_Capstone-main\26-1_Capstone-main\data\ecg-id-database-1.0.0\Person_50\rec_2,rr_segment,2704,3006,2704,302,True,49,49,49,0.9641742706298828,49,0.9598484039306641,1,1,1
49,Person_50,rec_2,49_rec_2,8,C:\Users\User\Downloads\26-1_Capstone-main\26-1_Capstone-main\data\ecg-id-database-1.0.0\Person_50\rec_2,rr_segment,3006,3305,3006,299,True,49,49,49,0.9383115768432617,49,0.879418134689331,1,1,1
49,Person_50,rec_2,49_rec_2,9,C:\Users\User\Downloads\26-1_Capstone-main\26-1_Capstone-main\data\ecg-id-database-1.0.0\Person_50\rec_2,rr_segment,3305,3595,3305,290,True,49,49,49,0.9664564728736877,49,0.9418271780014038,1,1,1
49,Person_50,rec_2,49_rec_2,10,C:\Users\User\Downloads\26-1_Capstone-main\26-1_Capstone-main\data\ecg-id-database-1.0.0\Person_50\rec_2,rr_segment,3595,3890,3595,295,True,49,85,85,0.8085517287254333,85,0.7572529315948486,0,0,0
49,Person_50,rec_2,49_rec_2,11,C:\Users\User\Downloads\26-1_Capstone-main\26-1_Capstone-main\data\ecg-id-database-1.0.0\Person_50\rec_2,rr_segment,3890,4187,3890,297,True,49,68,68,0.8522056341171265,68,0.7657138109207153,0,0,0
49,Person_50,rec_2,49_rec_2,12,C:\Users\User\Downloads\26-1_Capstone-main\26-1_Capstone-main\data\ecg-id-database-1.0.0\Person_50\rec_2,rr_segment,4187,4492,4187,305,True,49,49,49,0.8501042723655701,49,0.7427470684051514,1,1,1
49,Person_50,rec_2,49_rec_2,13,C:\Users\User\Downloads\26-1_Capstone-main\26-1_Capstone-main\data\ecg-id-database-1.0.0\Person_50\rec_2,rr_segment,4492,4797,4492,305,True,49,49,49,0.9263774156570435,49,0.8618800640106201,1,1,1
49,Person_50,rec_2,49_rec_2,14,C:\Users\User\Downloads\26-1_Capstone-main\26-1_Capstone-main\data\ecg-id-database-1.0.0\Person_50\rec_2,rr_segment,4797,5103,4797,306,True,49,49,49,0.9326056838035583,49,0.895888090133667,1,1,1
49,Person_50,rec_2,49_rec_2,15,C:\Users\User\Downloads\26-1_Capstone-main\26-1_Capstone-main\data\ecg-id-database-1.0.0\Person_50\rec_2,rr_segment,5103,5399,5103,296,True,49,49,49,0.8765051960945129,49,0.7974529266357422,1,1,1
49,Person_50,rec_2,49_rec_2,16,C:\Users\User\Downloads\26-1_Capstone-main\26-1_Capstone-main\data\ecg-id-database-1.0.0\Person_50\rec_2,rr_segment,5399,5696,5399,297,True,49,85,85,0.8148952722549438,85,0.7932212352752686,0,0,0
49,Person_50,rec_2,49_rec_2,21,C:\Users\User\Downloads\26-1_Capstone-main\26-1_Capstone-main\data\ecg-id-database-1.0.0\Person_50\rec_2,rr_segment,7150,7491,7150,341,True,49,49,49,0.9693942070007324,49,0.9401257038116455,1,1,1
49,Person_50,rec_2,49_rec_2,22,C:\Users\User\Downloads\26-1_Capstone-main\26-1_Capstone-main\data\ecg-id-database-1.0.0\Person_50\rec_2,rr_segment,7491,7810,7491,319,True,49,49,49,0.9535496234893799,49,0.9324861764907837,1,1,1
49,Person_50,rec_2,49_rec_2,23,C:\Users\User\Downloads\26-1_Capstone-main\26-1_Capstone-main\data\ecg-id-database-1.0.0\Person_50\rec_2,rr_segment,7810,8105,7810,295,True,49,49,49,0.9593276977539062,49,0.8759427666664124,1,1,1
49,Person_50,rec_2,49_rec_2,24,C:\Users\User\Downloads\26-1_Capstone-main\26-1_Capstone-main\data\ecg-id-database-1.0.0\Person_50\rec_2,rr_segment,8105,8385,8105,280,True,49,49,49,0.8577148914337158,49,0.7773932814598083,1,1,1
49,Person_50,rec_2,49_rec_2,25,C:\Users\User\Downloads\26-1_Capstone-main\26-1_Capstone-main\data\ecg-id-database-1.0.0\Person_50\rec_2,rr_segment,8385,8661,8385,276,True,49,55,76,0.8444045782089233,55,0.7717519998550415,0,0,0
49,Person_50,rec_2,49_rec_2,26,C:\Users\User\Downloads\26-1_Capstone-main\26-1_Capstone-main\data\ecg-id-database-1.0.0\Person_50\rec_2,rr_segment,8661,8938,8661,277,True,49,49,49,0.9503198862075806,49,0.9369032382965088,1,1,1
49,Person_50,rec_2,49_rec_2,27,C:\Users\User\Downloads\26-1_Capstone-main\26-1_Capstone-main\data\ecg-id-database-1.0.0\Person_50\rec_2,rr_segment,8938,9224,8938,286,True,49,68,68,0.8563065528869629,68,0.7251487374305725,0,0,0
49,Person_50,rec_2,49_rec_2,28,C:\Users\User\Downloads\26-1_Capstone-main\26-1_Capstone-main\data\ecg-id-database-1.0.0\Person_50\rec_2,rr_segment,9224,9544,9224,320,True,49,49,49,0.9255510568618774,49,0.9112315773963928,1,1,1
49,Person_50,rec_2,49_rec_2,29,C:\Users\User\Downloads\26-1_Capstone-main\26-1_Capstone-main\data\ecg-id-database-1.0.0\Person_50\rec_2,rr_segment,9544,9859,9544,315,True,49,49,49,0.8442681431770325,49,0.740892767906189,1,1,1
50,Person_51,rec_3,50_rec_3,2,C:\Users\User\Downloads\26-1_Capstone-main\26-1_Capstone-main\data\ecg-id-database-1.0.0\Person_51\rec_3,rr_segment,1242,1669,1242,427,True,50,50,50,0.9884771108627319,50,0.9806596040725708,1,1,1
50,Person_51,rec_3,50_rec_3,3,C:\Users\User\Downloads\26-1_Capstone-main\26-1_Capstone-main\data\ecg-id-database-1.0.0\Person_51\rec_3,rr_segment,1669,2063,1669,394,True,50,50,50,0.9775595664978027,50,0.9326021075248718,1,1,1
50,Person_51,rec_3,50_rec_3,4,C:\Users\User\Downloads\26-1_Capstone-main\26-1_Capstone-main\data\ecg-id-database-1.0.0\Person_51\rec_3,rr_segment,2063,2457,2063,394,True,50,50,50,0.9815657734870911,50,0.9513956308364868,1,1,1
50,Person_51,rec_3,50_rec_3,5,C:\Users\User\Downloads\26-1_Capstone-main\26-1_Capstone-main\data\ecg-id-database-1.0.0\Person_51\rec_3,rr_segment,2457,2835,2457,378,True,50,50,50,0.9624933004379272,50,0.9208567142486572,1,1,1
50,Person_51,rec_3,50_rec_3,6,C:\Users\User\Downloads\26-1_Capstone-main\26-1_Capstone-main\data\ecg-id-database-1.0.0\Person_51\rec_3,rr_segment,2835,3234,2835,399,True,50,50,50,0.9825183749198914,50,0.9383821487426758,1,1,1
50,Person_51,rec_3,50_rec_3,7,C:\Users\User\Downloads\26-1_Capstone-main\26-1_Capstone-main\data\ecg-id-database-1.0.0\Person_51\rec_3,rr_segment,3234,3634,3234,400,True,50,50,50,0.98670893907547,50,0.9552414417266846,1,1,1
50,Person_51,rec_3,50_rec_3,8,C:\Users\User\Downloads\26-1_Capstone-main\26-1_Capstone-main\data\ecg-id-database-1.0.0\Person_51\rec_3,rr_segment,3634,4043,3634,409,True,50,50,50,0.9883747696876526,50,0.9633910655975342,1,1,1
50,Person_51,rec_3,50_rec_3,9,C:\Users\User\Downloads\26-1_Capstone-main\26-1_Capstone-main\data\ecg-id-database-1.0.0\Person_51\rec_3,rr_segment,4043,4487,4043,444,True,50,50,50,0.9968519806861877,50,0.9890586137771606,1,1,1
50,Person_51,rec_3,50_rec_3,10,C:\Users\User\Downloads\26-1_Capstone-main\26-1_Capstone-main\data\ecg-id-database-1.0.0\Person_51\rec_3,rr_segment,4487,4903,4487,416,True,50,50,50,0.9940464496612549,50,0.9870188236236572,1,1,1
50,Person_51,rec_3,50_rec_3,11,C:\Users\User\Downloads\26-1_Capstone-main\26-1_Capstone-main\data\ecg-id-database-1.0.0\Person_51\rec_3,rr_segment,4903,5346,4903,443,True,50,50,50,0.9944023489952087,50,0.9935356974601746,1,1,1
50,Person_51,rec_3,50_rec_3,12,C:\Users\User\Downloads\26-1_Capstone-main\26-1_Capstone-main\data\ecg-id-database-1.0.0\Person_51\rec_3,rr_segment,5346,5751,5346,405,True,50,50,50,0.9961189031600952,50,0.9860605597496033,1,1,1
50,Person_51,rec_3,50_rec_3,13,C:\Users\User\Downloads\26-1_Capstone-main\26-1_Capstone-main\data\ecg-id-database-1.0.0\Person_51\rec_3,rr_segment,5751,6181,5751,430,True,50,50,50,0.9931213855743408,50,0.9893370866775513,1,1,1
50,Person_51,rec_3,50_rec_3,14,C:\Users\User\Downloads\26-1_Capstone-main\26-1_Capstone-main\data\ecg-id-database-1.0.0\Person_51\rec_3,rr_segment,6181,6595,6181,414,True,50,50,50,0.9946684837341309,50,0.9915773868560791,1,1,1
50,Person_51,rec_3,50_rec_3,15,C:\Users\User\Downloads\26-1_Capstone-main\26-1_Capstone-main\data\ecg-id-database-1.0.0\Person_51\rec_3,rr_segment,6595,6996,6595,401,True,50,50,50,0.9913318157196045,50,0.9779370427131653,1,1,1
50,Person_51,rec_3,50_rec_3,16,C:\Users\User\Downloads\26-1_Capstone-main\26-1_Capstone-main\data\ecg-id-database-1.0.0\Person_51\rec_3,rr_segment,6996,7393,6996,397,True,50,50,50,0.9976009726524353,50,0.9939031600952148,1,1,1
50,Person_51,rec_3,50_rec_3,17,C:\Users\User\Downloads\26-1_Capstone-main\26-1_Capstone-main\data\ecg-id-database-1.0.0\Person_51\rec_3,rr_segment,7393,7794,7393,401,True,50,50,50,0.9924768209457397,50,0.9634266495704651,1,1,1
50,Person_51,rec_3,50_rec_3,18,C:\Users\User\Downloads\26-1_Capstone-main\26-1_Capstone-main\data\ecg-id-database-1.0.0\Person_51\rec_3,rr_segment,7794,8187,7794,393,True,50,50,50,0.9917367696762085,50,0.9732152819633484,1,1,1
50,Person_51,rec_3,50_rec_3,19,C:\Users\User\Downloads\26-1_Capstone-main\26-1_Capstone-main\data\ecg-id-database-1.0.0\Person_51\rec_3,rr_segment,8187,8596,8187,409,True,50,50,50,0.9867472648620605,50,0.9783501625061035,1,1,1
50,Person_51,rec_3,50_rec_3,20,C:\Users\User\Downloads\26-1_Capstone-main\26-1_Capstone-main\data\ecg-id-database-1.0.0\Person_51\rec_3,rr_segment,8596,9018,8596,422,True,50,50,50,0.9942837953567505,50,0.9933467507362366,1,1,1
50,Person_51,rec_3,50_rec_3,21,C:\Users\User\Downloads\26-1_Capstone-main\26-1_Capstone-main\data\ecg-id-database-1.0.0\Person_51\rec_3,rr_segment,9018,9404,9018,386,True,50,50,50,0.9826878905296326,50,0.9570202827453613,1,1,1
50,Person_51,rec_3,50_rec_3,22,C:\Users\User\Downloads\26-1_Capstone-main\26-1_Capstone-main\data\ecg-id-database-1.0.0\Person_51\rec_3,rr_segment,9404,9801,9404,397,True,50,50,50,0.9877309799194336,50,0.9653908610343933,1,1,1
51,Person_52,rec_11,51_rec_11,1,C:\Users\User\Downloads\26-1_Capstone-main\26-1_Capstone-main\data\ecg-id-database-1.0.0\Person_52\rec_11,rr_segment,605,882,605,277,True,51,51,51,0.9691048860549927,51,0.9376970529556274,1,1,1
51,Person_52,rec_11,51_rec_11,2,C:\Users\User\Downloads\26-1_Capstone-main\26-1_Capstone-main\data\ecg-id-database-1.0.0\Person_52\rec_11,rr_segment,882,1161,882,279,True,51,51,51,0.985741376876831,51,0.9711698293685913,1,1,1
51,Person_52,rec_11,51_rec_11,3,C:\Users\User\Downloads\26-1_Capstone-main\26-1_Capstone-main\data\ecg-id-database-1.0.0\Person_52\rec_11,rr_segment,1161,1450,1161,289,True,51,51,51,0.9809660315513611,51,0.9731268882751465,1,1,1
51,Person_52,rec_11,51_rec_11,4,C:\Users\User\Downloads\26-1_Capstone-main\26-1_Capstone-main\data\ecg-id-database-1.0.0\Person_52\rec_11,rr_segment,1450,1746,1450,296,True,51,51,51,0.9817698001861572,51,0.9813864231109619,1,1,1
51,Person_52,rec_11,51_rec_11,5,C:\Users\User\Downloads\26-1_Capstone-main\26-1_Capstone-main\data\ecg-id-database-1.0.0\Person_52\rec_11,rr_segment,1746,2045,1746,299,True,51,51,51,0.9713467359542847,51,0.9495711326599121,1,1,1
51,Person_52,rec_11,51_rec_11,6,C:\Users\User\Downloads\26-1_Capstone-main\26-1_Capstone-main\data\ecg-id-database-1.0.0\Person_52\rec_11,rr_segment,2045,2328,2045,283,True,51,51,51,0.9792560338973999,51,0.9220083355903625,1,1,1
51,Person_52,rec_11,51_rec_11,7,C:\Users\User\Downloads\26-1_Capstone-main\26-1_Capstone-main\data\ecg-id-database-1.0.0\Person_52\rec_11,rr_segment,2328,2621,2328,293,True,51,51,51,0.9890938401222229,51,0.9077162742614746,1,1,1
51,Person_52,rec_11,51_rec_11,8,C:\Users\User\Downloads\26-1_Capstone-main\26-1_Capstone-main\data\ecg-id-database-1.0.0\Person_52\rec_11,rr_segment,2621,2916,2621,295,True,51,51,51,0.8301576375961304,51,0.7462314367294312,1,1,1
51,Person_52,rec_11,51_rec_11,9,C:\Users\User\Downloads\26-1_Capstone-main\26-1_Capstone-main\data\ecg-id-database-1.0.0\Person_52\rec_11,rr_segment,2916,3215,2916,299,True,51,51,51,0.9781485795974731,51,0.9469130039215088,1,1,1
51,Person_52,rec_11,51_rec_11,10,C:\Users\User\Downloads\26-1_Capstone-main\26-1_Capstone-main\data\ecg-id-database-1.0.0\Person_52\rec_11,rr_segment,3215,3512,3215,297,True,51,51,51,0.9747331142425537,51,0.9384711980819702,1,1,1
51,Person_52,rec_11,51_rec_11,11,C:\Users\User\Downloads\26-1_Capstone-main\26-1_Capstone-main\data\ecg-id-database-1.0.0\Person_52\rec_11,rr_segment,3512,3807,3512,295,True,51,51,51,0.9829394221305847,51,0.947596549987793,1,1,1
51,Person_52,rec_11,51_rec_11,12,C:\Users\User\Downloads\26-1_Capstone-main\26-1_Capstone-main\data\ecg-id-database-1.0.0\Person_52\rec_11,rr_segment,3807,4104,3807,297,True,51,51,51,0.9619128704071045,51,0.939652144908905,1,1,1
51,Person_52,rec_11,51_rec_11,13,C:\Users\User\Downloads\26-1_Capstone-main\26-1_Capstone-main\data\ecg-id-database-1.0.0\Person_52\rec_11,rr_segment,4104,4399,4104,295,True,51,51,51,0.9805039167404175,51,0.9579710960388184,1,1,1
51,Person_52,rec_11,51_rec_11,14,C:\Users\User\Downloads\26-1_Capstone-main\26-1_Capstone-main\data\ecg-id-database-1.0.0\Person_52\rec_11,rr_segment,4399,4691,4399,292,True,51,51,51,0.9680891036987305,51,0.9463560581207275,1,1,1
51,Person_52,rec_11,51_rec_11,15,C:\Users\User\Downloads\26-1_Capstone-main\26-1_Capstone-main\data\ecg-id-database-1.0.0\Person_52\rec_11,rr_segment,4691,4978,4691,287,True,51,51,51,0.9854326844215393,51,0.9739137887954712,1,1,1
51,Person_52,rec_11,51_rec_11,16,C:\Users\User\Downloads\26-1_Capstone-main\26-1_Capstone-main\data\ecg-id-database-1.0.0\Person_52\rec_11,rr_segment,4978,5265,4978,287,True,51,51,51,0.9858008623123169,51,0.9620926380157471,1,1,1
51,Person_52,rec_11,51_rec_11,17,C:\Users\User\Downloads\26-1_Capstone-main\26-1_Capstone-main\data\ecg-id-database-1.0.0\Person_52\rec_11,rr_segment,5265,5550,5265,285,True,51,51,51,0.9842221736907959,51,0.9692121148109436,1,1,1
51,Person_52,rec_11,51_rec_11,18,C:\Users\User\Downloads\26-1_Capstone-main\26-1_Capstone-main\data\ecg-id-database-1.0.0\Person_52\rec_11,rr_segment,5550,5834,5550,284,True,51,51,51,0.9876536130905151,51,0.9666677713394165,1,1,1
51,Person_52,rec_11,51_rec_11,19,C:\Users\User\Downloads\26-1_Capstone-main\26-1_Capstone-main\data\ecg-id-database-1.0.0\Person_52\rec_11,rr_segment,5834,6115,5834,281,True,51,51,51,0.9678940773010254,51,0.8808110952377319,1,1,1
51,Person_52,rec_11,51_rec_11,20,C:\Users\User\Downloads\26-1_Capstone-main\26-1_Capstone-main\data\ecg-id-database-1.0.0\Person_52\rec_11,rr_segment,6115,6387,6115,272,True,51,51,51,0.9713460803031921,51,0.9404434561729431,1,1,1
51,Person_52,rec_11,51_rec_11,21,C:\Users\User\Downloads\26-1_Capstone-main\26-1_Capstone-main\data\ecg-id-database-1.0.0\Person_52\rec_11,rr_segment,6387,6658,6387,271,True,51,51,51,0.9629253149032593,51,0.9327225685119629,1,1,1
51,Person_52,rec_11,51_rec_11,22,C:\Users\User\Downloads\26-1_Capstone-main\26-1_Capstone-main\data\ecg-id-database-1.0.0\Person_52\rec_11,rr_segment,6658,6929,6658,271,True,51,51,51,0.9702675938606262,51,0.9508039951324463,1,1,1
51,Person_52,rec_11,51_rec_11,23,C:\Users\User\Downloads\26-1_Capstone-main\26-1_Capstone-main\data\ecg-id-database-1.0.0\Person_52\rec_11,rr_segment,6929,7208,6929,279,True,51,51,51,0.9767047166824341,51,0.9250117540359497,1,1,1
51,Person_52,rec_11,51_rec_11,24,C:\Users\User\Downloads\26-1_Capstone-main\26-1_Capstone-main\data\ecg-id-database-1.0.0\Person_52\rec_11,rr_segment,7208,7507,7208,299,True,51,51,51,0.9861542582511902,51,0.9689854383468628,1,1,1
51,Person_52,rec_11,51_rec_11,29,C:\Users\User\Downloads\26-1_Capstone-main\26-1_Capstone-main\data\ecg-id-database-1.0.0\Person_52\rec_11,rr_segment,8808,9125,8808,317,True,51,51,51,0.9811356067657471,51,0.9363881349563599,1,1,1
51,Person_52,rec_11,51_rec_11,30,C:\Users\User\Downloads\26-1_Capstone-main\26-1_Capstone-main\data\ecg-id-database-1.0.0\Person_52\rec_11,rr_segment,9125,9430,9125,305,True,51,51,51,0.9950658082962036,51,0.9657877683639526,1,1,1
51,Person_52,rec_11,51_rec_11,31,C:\Users\User\Downloads\26-1_Capstone-main\26-1_Capstone-main\data\ecg-id-database-1.0.0\Person_52\rec_11,rr_segment,9430,9722,9430,292,True,51,51,51,0.9559659957885742,51,0.8661967515945435,1,1,1
51,Person_52,rec_3,51_rec_3,3,C:\Users\User\Downloads\26-1_Capstone-main\26-1_Capstone-main\data\ecg-id-database-1.0.0\Person_52\rec_3,rr_segment,1110,1446,1110,336,True,51,51,51,0.9503337144851685,51,0.8874629735946655,1,1,1
51,Person_52,rec_3,51_rec_3,4,C:\Users\User\Downloads\26-1_Capstone-main\26-1_Capstone-main\data\ecg-id-database-1.0.0\Person_52\rec_3,rr_segment,1446,1816,1446,370,True,51,51,51,0.9210297465324402,51,0.8073506951332092,1,1,1
51,Person_52,rec_3,51_rec_3,5,C:\Users\User\Downloads\26-1_Capstone-main\26-1_Capstone-main\data\ecg-id-database-1.0.0\Person_52\rec_3,rr_segment,1816,2177,1816,361,True,51,51,51,0.9213590621948242,51,0.8249244689941406,1,1,1
51,Person_52,rec_3,51_rec_3,6,C:\Users\User\Downloads\26-1_Capstone-main\26-1_Capstone-main\data\ecg-id-database-1.0.0\Person_52\rec_3,rr_segment,2177,2516,2177,339,True,51,51,51,0.9586193561553955,51,0.919610857963562,1,1,1
51,Person_52,rec_3,51_rec_3,7,C:\Users\User\Downloads\26-1_Capstone-main\26-1_Capstone-main\data\ecg-id-database-1.0.0\Person_52\rec_3,rr_segment,2516,2892,2516,376,True,51,51,51,0.9200476408004761,51,0.8791165351867676,1,1,1
51,Person_52,rec_3,51_rec_3,8,C:\Users\User\Downloads\26-1_Capstone-main\26-1_Capstone-main\data\ecg-id-database-1.0.0\Person_52\rec_3,rr_segment,2892,3283,2892,391,True,51,51,51,0.867988646030426,51,0.8463609218597412,1,1,1
51,Person_52,rec_3,51_rec_3,10,C:\Users\User\Downloads\26-1_Capstone-main\26-1_Capstone-main\data\ecg-id-database-1.0.0\Person_52\rec_3,rr_segment,3690,4067,3690,377,True,51,51,51,0.9375214576721191,51,0.918715238571167,1,1,1
51,Person_52,rec_3,51_rec_3,11,C:\Users\User\Downloads\26-1_Capstone-main\26-1_Capstone-main\data\ecg-id-database-1.0.0\Person_52\rec_3,rr_segment,4067,4423,4067,356,True,51,51,51,0.8557045459747314,51,0.8288755416870117,1,1,1
51,Person_52,rec_3,51_rec_3,12,C:\Users\User\Downloads\26-1_Capstone-main\26-1_Capstone-main\data\ecg-id-database-1.0.0\Person_52\rec_3,rr_segment,4423,4798,4423,375,True,51,51,51,0.9090907573699951,51,0.8607292175292969,1,1,1
51,Person_52,rec_3,51_rec_3,13,C:\Users\User\Downloads\26-1_Capstone-main\26-1_Capstone-main\data\ecg-id-database-1.0.0\Person_52\rec_3,rr_segment,4798,5167,4798,369,True,51,51,51,0.911227822303772,51,0.8397362232208252,1,1,1
51,Person_52,rec_3,51_rec_3,14,C:\Users\User\Downloads\26-1_Capstone-main\26-1_Capstone-main\data\ecg-id-database-1.0.0\Person_52\rec_3,rr_segment,5167,5531,5167,364,True,51,51,51,0.9547075629234314,51,0.8684819340705872,1,1,1
51,Person_52,rec_3,51_rec_3,15,C:\Users\User\Downloads\26-1_Capstone-main\26-1_Capstone-main\data\ecg-id-database-1.0.0\Person_52\rec_3,rr_segment,5531,5895,5531,364,True,51,51,51,0.9629800319671631,51,0.9156213998794556,1,1,1
51,Person_52,rec_3,51_rec_3,16,C:\Users\User\Downloads\26-1_Capstone-main\26-1_Capstone-main\data\ecg-id-database-1.0.0\Person_52\rec_3,rr_segment,5895,6241,5895,346,True,51,51,51,0.9089963436126709,51,0.8540948033332825,1,1,1
51,Person_52,rec_3,51_rec_3,17,C:\Users\User\Downloads\26-1_Capstone-main\26-1_Capstone-main\data\ecg-id-database-1.0.0\Person_52\rec_3,rr_segment,6241,6567,6241,326,True,51,51,51,0.8791266679763794,51,0.8073050379753113,1,1,1
51,Person_52,rec_3,51_rec_3,18,C:\Users\User\Downloads\26-1_Capstone-main\26-1_Capstone-main\data\ecg-id-database-1.0.0\Person_52\rec_3,rr_segment,6567,6895,6567,328,True,51,51,51,0.9293407201766968,51,0.8965318202972412,1,1,1
51,Person_52,rec_3,51_rec_3,19,C:\Users\User\Downloads\26-1_Capstone-main\26-1_Capstone-main\data\ecg-id-database-1.0.0\Person_52\rec_3,rr_segment,6895,7236,6895,341,True,51,51,51,0.9446592330932617,51,0.9014053344726562,1,1,1
51,Person_52,rec_3,51_rec_3,20,C:\Users\User\Downloads\26-1_Capstone-main\26-1_Capstone-main\data\ecg-id-database-1.0.0\Person_52\rec_3,rr_segment,7236,7604,7236,368,True,51,51,51,0.9507852792739868,51,0.9021686315536499,1,1,1
51,Person_52,rec_3,51_rec_3,21,C:\Users\User\Downloads\26-1_Capstone-main\26-1_Capstone-main\data\ecg-id-database-1.0.0\Person_52\rec_3,rr_segment,7604,7998,7604,394,True,51,51,51,0.8802052140235901,51,0.8668867349624634,1,1,1
51,Person_52,rec_3,51_rec_3,22,C:\Users\User\Downloads\26-1_Capstone-main\26-1_Capstone-main\data\ecg-id-database-1.0.0\Person_52\rec_3,rr_segment,7998,8369,7998,371,True,51,51,51,0.9734105467796326,51,0.943256139755249,1,1,1
51,Person_52,rec_3,51_rec_3,23,C:\Users\User\Downloads\26-1_Capstone-main\26-1_Capstone-main\data\ecg-id-database-1.0.0\Person_52\rec_3,rr_segment,8369,8750,8369,381,True,51,51,51,0.9687144160270691,51,0.9145148396492004,1,1,1
51,Person_52,rec_3,51_rec_3,24,C:\Users\User\Downloads\26-1_Capstone-main\26-1_Capstone-main\data\ecg-id-database-1.0.0\Person_52\rec_3,rr_segment,8750,9145,8750,395,True,51,51,51,0.9917415380477905,51,0.9600759148597717,1,1,1
51,Person_52,rec_3,51_rec_3,26,C:\Users\User\Downloads\26-1_Capstone-main\26-1_Capstone-main\data\ecg-id-database-1.0.0\Person_52\rec_3,rr_segment,9547,9924,9547,377,True,51,51,23,0.7020199298858643,23,0.6061875820159912,1,0,0
52,Person_53,rec_3,52_rec_3,0,C:\Users\User\Downloads\26-1_Capstone-main\26-1_Capstone-main\data\ecg-id-database-1.0.0\Person_53\rec_3,rr_segment,188,568,188,380,True,52,52,52,0.9870678186416626,52,0.9756931066513062,1,1,1
52,Person_53,rec_3,52_rec_3,1,C:\Users\User\Downloads\26-1_Capstone-main\26-1_Capstone-main\data\ecg-id-database-1.0.0\Person_53\rec_3,rr_segment,568,924,568,356,True,52,52,52,0.9861469864845276,52,0.9810097217559814,1,1,1
52,Person_53,rec_3,52_rec_3,2,C:\Users\User\Downloads\26-1_Capstone-main\26-1_Capstone-main\data\ecg-id-database-1.0.0\Person_53\rec_3,rr_segment,924,1274,924,350,True,52,52,52,0.9784265160560608,52,0.9646316766738892,1,1,1
52,Person_53,rec_3,52_rec_3,4,C:\Users\User\Downloads\26-1_Capstone-main\26-1_Capstone-main\data\ecg-id-database-1.0.0\Person_53\rec_3,rr_segment,1618,1996,1618,378,True,52,52,52,0.9588524103164673,52,0.798089325428009,1,1,1
52,Person_53,rec_3,52_rec_3,5,C:\Users\User\Downloads\26-1_Capstone-main\26-1_Capstone-main\data\ecg-id-database-1.0.0\Person_53\rec_3,rr_segment,1996,2374,1996,378,True,52,52,52,0.9023088812828064,52,0.8175875544548035,1,1,1
52,Person_53,rec_3,52_rec_3,6,C:\Users\User\Downloads\26-1_Capstone-main\26-1_Capstone-main\data\ecg-id-database-1.0.0\Person_53\rec_3,rr_segment,2374,2734,2374,360,True,52,52,52,0.9198642373085022,52,0.8490432500839233,1,1,1
52,Person_53,rec_3,52_rec_3,7,C:\Users\User\Downloads\26-1_Capstone-main\26-1_Capstone-main\data\ecg-id-database-1.0.0\Person_53\rec_3,rr_segment,2734,3116,2734,382,True,52,52,52,0.9866634607315063,52,0.9821046590805054,1,1,1
52,Person_53,rec_3,52_rec_3,8,C:\Users\User\Downloads\26-1_Capstone-main\26-1_Capstone-main\data\ecg-id-database-1.0.0\Person_53\rec_3,rr_segment,3116,3479,3116,363,True,52,52,52,0.9776504039764404,52,0.9682093858718872,1,1,1
52,Person_53,rec_3,52_rec_3,9,C:\Users\User\Downloads\26-1_Capstone-main\26-1_Capstone-main\data\ecg-id-database-1.0.0\Person_53\rec_3,rr_segment,3479,3852,3479,373,True,52,52,52,0.990609884262085,52,0.9720487594604492,1,1,1
52,Person_53,rec_3,52_rec_3,10,C:\Users\User\Downloads\26-1_Capstone-main\26-1_Capstone-main\data\ecg-id-database-1.0.0\Person_53\rec_3,rr_segment,3852,4215,3852,363,True,52,52,52,0.993427574634552,52,0.9691887497901917,1,1,1
52,Person_53,rec_3,52_rec_3,11,C:\Users\User\Downloads\26-1_Capstone-main\26-1_Capstone-main\data\ecg-id-database-1.0.0\Person_53\rec_3,rr_segment,4215,4581,4215,366,True,52,52,52,0.9939109086990356,52,0.9891427159309387,1,1,1
52,Person_53,rec_3,52_rec_3,12,C:\Users\User\Downloads\26-1_Capstone-main\26-1_Capstone-main\data\ecg-id-database-1.0.0\Person_53\rec_3,rr_segment,4581,4938,4581,357,True,52,52,52,0.9782613515853882,52,0.9668571949005127,1,1,1
52,Person_53,rec_3,52_rec_3,13,C:\Users\User\Downloads\26-1_Capstone-main\26-1_Capstone-main\data\ecg-id-database-1.0.0\Person_53\rec_3,rr_segment,4938,5292,4938,354,True,52,52,52,0.9872255325317383,52,0.9780651330947876,1,1,1
52,Person_53,rec_3,52_rec_3,14,C:\Users\User\Downloads\26-1_Capstone-main\26-1_Capstone-main\data\ecg-id-database-1.0.0\Person_53\rec_3,rr_segment,5292,5659,5292,367,True,52,52,52,0.9817041754722595,52,0.975736141204834,1,1,1
52,Person_53,rec_3,52_rec_3,15,C:\Users\User\Downloads\26-1_Capstone-main\26-1_Capstone-main\data\ecg-id-database-1.0.0\Person_53\rec_3,rr_segment,5659,6011,5659,352,True,52,52,52,0.9833227396011353,52,0.9844491481781006,1,1,1
52,Person_53,rec_3,52_rec_3,17,C:\Users\User\Downloads\26-1_Capstone-main\26-1_Capstone-main\data\ecg-id-database-1.0.0\Person_53\rec_3,rr_segment,6357,6718,6357,361,True,52,52,52,0.9856411814689636,52,0.9701337218284607,1,1,1
52,Person_53,rec_3,52_rec_3,20,C:\Users\User\Downloads\26-1_Capstone-main\26-1_Capstone-main\data\ecg-id-database-1.0.0\Person_53\rec_3,rr_segment,7490,7855,7490,365,True,52,52,52,0.9901379346847534,52,0.984959602355957,1,1,1
52,Person_53,rec_3,52_rec_3,21,C:\Users\User\Downloads\26-1_Capstone-main\26-1_Capstone-main\data\ecg-id-database-1.0.0\Person_53\rec_3,rr_segment,7855,8230,7855,375,True,52,52,52,0.9821016192436218,52,0.9765716195106506,1,1,1
52,Person_53,rec_3,52_rec_3,22,C:\Users\User\Downloads\26-1_Capstone-main\26-1_Capstone-main\data\ecg-id-database-1.0.0\Person_53\rec_3,rr_segment,8230,8593,8230,363,True,52,52,52,0.9935371279716492,52,0.9906563758850098,1,1,1
52,Person_53,rec_3,52_rec_3,23,C:\Users\User\Downloads\26-1_Capstone-main\26-1_Capstone-main\data\ecg-id-database-1.0.0\Person_53\rec_3,rr_segment,8593,8953,8593,360,True,52,52,52,0.9848724007606506,52,0.9824047684669495,1,1,1
52,Person_53,rec_3,52_rec_3,24,C:\Users\User\Downloads\26-1_Capstone-main\26-1_Capstone-main\data\ecg-id-database-1.0.0\Person_53\rec_3,rr_segment,8953,9319,8953,366,True,52,52,52,0.9679348468780518,52,0.955417275428772,1,1,1
53,Person_54,rec_1,53_rec_1,0,C:\Users\User\Downloads\26-1_Capstone-main\26-1_Capstone-main\data\ecg-id-database-1.0.0\Person_54\rec_1,rr_segment,184,577,184,393,True,53,53,53,0.9773972034454346,53,0.9764033555984497,1,1,1
53,Person_54,rec_1,53_rec_1,1,C:\Users\User\Downloads\26-1_Capstone-main\26-1_Capstone-main\data\ecg-id-database-1.0.0\Person_54\rec_1,rr_segment,577,1008,577,431,True,53,53,53,0.9802101850509644,53,0.9512940049171448,1,1,1
53,Person_54,rec_1,53_rec_1,2,C:\Users\User\Downloads\26-1_Capstone-main\26-1_Capstone-main\data\ecg-id-database-1.0.0\Person_54\rec_1,rr_segment,1008,1460,1008,452,True,53,53,53,0.9703959226608276,53,0.9504092931747437,1,1,1
53,Person_54,rec_1,53_rec_1,3,C:\Users\User\Downloads\26-1_Capstone-main\26-1_Capstone-main\data\ecg-id-database-1.0.0\Person_54\rec_1,rr_segment,1460,1895,1460,435,True,53,53,53,0.8600812554359436,53,0.8312540054321289,1,1,1
53,Person_54,rec_1,53_rec_1,4,C:\Users\User\Downloads\26-1_Capstone-main\26-1_Capstone-main\data\ecg-id-database-1.0.0\Person_54\rec_1,rr_segment,1895,2291,1895,396,True,53,54,54,0.8249695301055908,54,0.7246068120002747,0,0,0
53,Person_54,rec_1,53_rec_1,5,C:\Users\User\Downloads\26-1_Capstone-main\26-1_Capstone-main\data\ecg-id-database-1.0.0\Person_54\rec_1,rr_segment,2291,2702,2291,411,True,53,56,56,0.8819317817687988,56,0.8328704237937927,0,0,0
53,Person_54,rec_1,53_rec_1,6,C:\Users\User\Downloads\26-1_Capstone-main\26-1_Capstone-main\data\ecg-id-database-1.0.0\Person_54\rec_1,rr_segment,2702,3101,2702,399,True,53,53,53,0.847774863243103,53,0.7893037796020508,1,1,1
53,Person_54,rec_1,53_rec_1,7,C:\Users\User\Downloads\26-1_Capstone-main\26-1_Capstone-main\data\ecg-id-database-1.0.0\Person_54\rec_1,rr_segment,3101,3506,3101,405,True,53,53,53,0.8173158168792725,53,0.7519176006317139,1,1,1
53,Person_54,rec_1,53_rec_1,8,C:\Users\User\Downloads\26-1_Capstone-main\26-1_Capstone-main\data\ecg-id-database-1.0.0\Person_54\rec_1,rr_segment,3506,3913,3506,407,True,53,53,53,0.9510929584503174,53,0.9116801023483276,1,1,1
53,Person_54,rec_1,53_rec_1,9,C:\Users\User\Downloads\26-1_Capstone-main\26-1_Capstone-main\data\ecg-id-database-1.0.0\Person_54\rec_1,rr_segment,3913,4270,3913,357,True,53,53,53,0.9647127389907837,53,0.9304790496826172,1,1,1
53,Person_54,rec_1,53_rec_1,10,C:\Users\User\Downloads\26-1_Capstone-main\26-1_Capstone-main\data\ecg-id-database-1.0.0\Person_54\rec_1,rr_segment,4270,4611,4270,341,True,53,53,53,0.9935269355773926,53,0.9934914112091064,1,1,1
53,Person_54,rec_1,53_rec_1,12,C:\Users\User\Downloads\26-1_Capstone-main\26-1_Capstone-main\data\ecg-id-database-1.0.0\Person_54\rec_1,rr_segment,4938,5294,4938,356,True,53,53,53,0.9945611953735352,53,0.9887492060661316,1,1,1
53,Person_54,rec_1,53_rec_1,13,C:\Users\User\Downloads\26-1_Capstone-main\26-1_Capstone-main\data\ecg-id-database-1.0.0\Person_54\rec_1,rr_segment,5294,5737,5294,443,True,53,53,53,0.9847976565361023,53,0.9589705467224121,1,1,1
53,Person_54,rec_1,53_rec_1,14,C:\Users\User\Downloads\26-1_Capstone-main\26-1_Capstone-main\data\ecg-id-database-1.0.0\Person_54\rec_1,rr_segment,5737,6197,5737,460,True,53,53,53,0.9436561465263367,53,0.912968635559082,1,1,1
53,Person_54,rec_1,53_rec_1,15,C:\Users\User\Downloads\26-1_Capstone-main\26-1_Capstone-main\data\ecg-id-database-1.0.0\Person_54\rec_1,rr_segment,6197,6624,6197,427,True,53,53,53,0.9129893779754639,53,0.8657649755477905,1,1,1
53,Person_54,rec_1,53_rec_1,16,C:\Users\User\Downloads\26-1_Capstone-main\26-1_Capstone-main\data\ecg-id-database-1.0.0\Person_54\rec_1,rr_segment,6624,7003,6624,379,True,53,53,53,0.9779381155967712,53,0.9668292999267578,1,1,1
53,Person_54,rec_1,53_rec_1,17,C:\Users\User\Downloads\26-1_Capstone-main\26-1_Capstone-main\data\ecg-id-database-1.0.0\Person_54\rec_1,rr_segment,7003,7356,7003,353,True,53,53,53,0.9939134120941162,53,0.9912852048873901,1,1,1
53,Person_54,rec_1,53_rec_1,18,C:\Users\User\Downloads\26-1_Capstone-main\26-1_Capstone-main\data\ecg-id-database-1.0.0\Person_54\rec_1,rr_segment,7356,7695,7356,339,True,53,53,53,0.993617057800293,53,0.9760042428970337,1,1,1
53,Person_54,rec_1,53_rec_1,20,C:\Users\User\Downloads\26-1_Capstone-main\26-1_Capstone-main\data\ecg-id-database-1.0.0\Person_54\rec_1,rr_segment,8028,8386,8028,358,True,53,53,53,0.9861257076263428,53,0.9816925525665283,1,1,1
53,Person_54,rec_1,53_rec_1,21,C:\Users\User\Downloads\26-1_Capstone-main\26-1_Capstone-main\data\ecg-id-database-1.0.0\Person_54\rec_1,rr_segment,8386,8818,8386,432,True,53,53,53,0.9910424947738647,53,0.9821745753288269,1,1,1
53,Person_54,rec_1,53_rec_1,22,C:\Users\User\Downloads\26-1_Capstone-main\26-1_Capstone-main\data\ecg-id-database-1.0.0\Person_54\rec_1,rr_segment,8818,9264,8818,446,True,53,53,53,0.9652957916259766,53,0.9116281270980835,1,1,1
53,Person_54,rec_1,53_rec_1,23,C:\Users\User\Downloads\26-1_Capstone-main\26-1_Capstone-main\data\ecg-id-database-1.0.0\Person_54\rec_1,rr_segment,9264,9721,9264,457,True,53,53,53,0.9890457987785339,53,0.966707706451416,1,1,1
54,Person_55,rec_1,54_rec_1,0,C:\Users\User\Downloads\26-1_Capstone-main\26-1_Capstone-main\data\ecg-id-database-1.0.0\Person_55\rec_1,rr_segment,241,656,241,415,True,54,54,54,0.966600775718689,54,0.8812280297279358,1,1,1
54,Person_55,rec_1,54_rec_1,3,C:\Users\User\Downloads\26-1_Capstone-main\26-1_Capstone-main\data\ecg-id-database-1.0.0\Person_55\rec_1,rr_segment,1449,1869,1449,420,True,54,54,54,0.9878132343292236,54,0.9569879770278931,1,1,1
54,Person_55,rec_1,54_rec_1,4,C:\Users\User\Downloads\26-1_Capstone-main\26-1_Capstone-main\data\ecg-id-database-1.0.0\Person_55\rec_1,rr_segment,1869,2297,1869,428,True,54,54,54,0.7903094291687012,54,0.7211035490036011,1,1,1
54,Person_55,rec_1,54_rec_1,6,C:\Users\User\Downloads\26-1_Capstone-main\26-1_Capstone-main\data\ecg-id-database-1.0.0\Person_55\rec_1,rr_segment,2696,3137,2696,441,True,54,63,54,0.9558734893798828,54,0.8296201229095459,0,1,1
54,Person_55,rec_1,54_rec_1,7,C:\Users\User\Downloads\26-1_Capstone-main\26-1_Capstone-main\data\ecg-id-database-1.0.0\Person_55\rec_1,rr_segment,3137,3602,3137,465,True,54,63,54,0.9064760804176331,63,0.8372731804847717,0,1,0
54,Person_55,rec_1,54_rec_1,8,C:\Users\User\Downloads\26-1_Capstone-main\26-1_Capstone-main\data\ecg-id-database-1.0.0\Person_55\rec_1,rr_segment,3602,4070,3602,468,True,54,63,54,0.8715876340866089,63,0.7787812948226929,0,1,0
54,Person_55,rec_1,54_rec_1,9,C:\Users\User\Downloads\26-1_Capstone-main\26-1_Capstone-main\data\ecg-id-database-1.0.0\Person_55\rec_1,rr_segment,4070,4521,4070,451,True,54,63,54,0.9117662310600281,63,0.8395067453384399,0,1,0
54,Person_55,rec_1,54_rec_1,10,C:\Users\User\Downloads\26-1_Capstone-main\26-1_Capstone-main\data\ecg-id-database-1.0.0\Person_55\rec_1,rr_segment,4521,4968,4521,447,True,54,54,54,0.9454804062843323,54,0.8588281869888306,1,1,1
54,Person_55,rec_1,54_rec_1,11,C:\Users\User\Downloads\26-1_Capstone-main\26-1_Capstone-main\data\ecg-id-database-1.0.0\Person_55\rec_1,rr_segment,4968,5429,4968,461,True,54,63,54,0.9294284582138062,54,0.812795877456665,0,1,1
54,Person_55,rec_1,54_rec_1,12,C:\Users\User\Downloads\26-1_Capstone-main\26-1_Capstone-main\data\ecg-id-database-1.0.0\Person_55\rec_1,rr_segment,5429,5897,5429,468,True,54,63,63,0.9613895416259766,63,0.9445227384567261,0,0,0
54,Person_55,rec_1,54_rec_1,13,C:\Users\User\Downloads\26-1_Capstone-main\26-1_Capstone-main\data\ecg-id-database-1.0.0\Person_55\rec_1,rr_segment,5897,6344,5897,447,True,54,63,63,0.9202816486358643,63,0.8601985573768616,0,0,0
54,Person_55,rec_1,54_rec_1,14,C:\Users\User\Downloads\26-1_Capstone-main\26-1_Capstone-main\data\ecg-id-database-1.0.0\Person_55\rec_1,rr_segment,6344,6798,6344,454,True,54,63,63,0.9550539255142212,63,0.9030963778495789,0,0,0
54,Person_55,rec_1,54_rec_1,15,C:\Users\User\Downloads\26-1_Capstone-main\26-1_Capstone-main\data\ecg-id-database-1.0.0\Person_55\rec_1,rr_segment,6798,7270,6798,472,True,54,63,63,0.958328902721405,63,0.9459296464920044,0,0,0
54,Person_55,rec_1,54_rec_1,16,C:\Users\User\Downloads\26-1_Capstone-main\26-1_Capstone-main\data\ecg-id-database-1.0.0\Person_55\rec_1,rr_segment,7270,7740,7270,470,True,54,63,63,0.9412100911140442,63,0.9291189908981323,0,0,0
54,Person_55,rec_1,54_rec_1,17,C:\Users\User\Downloads\26-1_Capstone-main\26-1_Capstone-main\data\ecg-id-database-1.0.0\Person_55\rec_1,rr_segment,7740,8192,7740,452,True,54,63,63,0.9218332767486572,63,0.8816992044448853,0,0,0
54,Person_55,rec_1,54_rec_1,18,C:\Users\User\Downloads\26-1_Capstone-main\26-1_Capstone-main\data\ecg-id-database-1.0.0\Person_55\rec_1,rr_segment,8192,8639,8192,447,True,54,54,54,0.9519573450088501,54,0.8508745431900024,1,1,1
54,Person_55,rec_1,54_rec_1,19,C:\Users\User\Downloads\26-1_Capstone-main\26-1_Capstone-main\data\ecg-id-database-1.0.0\Person_55\rec_1,rr_segment,8639,9095,8639,456,True,54,63,63,0.9594054818153381,63,0.9466934204101562,0,0,0
54,Person_55,rec_1,54_rec_1,20,C:\Users\User\Downloads\26-1_Capstone-main\26-1_Capstone-main\data\ecg-id-database-1.0.0\Person_55\rec_1,rr_segment,9095,9554,9095,459,True,54,54,54,0.9696950316429138,54,0.9110056757926941,1,1,1
55,Person_56,rec_2,55_rec_2,0,C:\Users\User\Downloads\26-1_Capstone-main\26-1_Capstone-main\data\ecg-id-database-1.0.0\Person_56\rec_2,rr_segment,249,718,249,469,True,55,68,68,0.8366371989250183,68,0.7419800162315369,0,0,0
55,Person_56,rec_2,55_rec_2,1,C:\Users\User\Downloads\26-1_Capstone-main\26-1_Capstone-main\data\ecg-id-database-1.0.0\Person_56\rec_2,rr_segment,718,1178,718,460,True,55,55,55,0.9531539678573608,55,0.8644194602966309,1,1,1
55,Person_56,rec_2,55_rec_2,3,C:\Users\User\Downloads\26-1_Capstone-main\26-1_Capstone-main\data\ecg-id-database-1.0.0\Person_56\rec_2,rr_segment,1582,1996,1582,414,True,55,55,55,0.986194372177124,55,0.9808964133262634,1,1,1
55,Person_56,rec_2,55_rec_2,4,C:\Users\User\Downloads\26-1_Capstone-main\26-1_Capstone-main\data\ecg-id-database-1.0.0\Person_56\rec_2,rr_segment,1996,2414,1996,418,True,55,55,55,0.9950115084648132,55,0.9886007308959961,1,1,1
55,Person_56,rec_2,55_rec_2,5,C:\Users\User\Downloads\26-1_Capstone-main\26-1_Capstone-main\data\ecg-id-database-1.0.0\Person_56\rec_2,rr_segment,2414,2874,2414,460,True,55,55,55,0.8197036385536194,55,0.7383756637573242,1,1,1
55,Person_56,rec_2,55_rec_2,6,C:\Users\User\Downloads\26-1_Capstone-main\26-1_Capstone-main\data\ecg-id-database-1.0.0\Person_56\rec_2,rr_segment,2874,3328,2874,454,True,55,55,55,0.7657980918884277,55,0.6878612041473389,1,1,1
55,Person_56,rec_2,55_rec_2,7,C:\Users\User\Downloads\26-1_Capstone-main\26-1_Capstone-main\data\ecg-id-database-1.0.0\Person_56\rec_2,rr_segment,3328,3816,3328,488,True,55,33,55,0.8354892134666443,33,0.7169225215911865,0,1,0
55,Person_56,rec_2,55_rec_2,8,C:\Users\User\Downloads\26-1_Capstone-main\26-1_Capstone-main\data\ecg-id-database-1.0.0\Person_56\rec_2,rr_segment,3816,4323,3816,507,True,55,33,33,0.7925576567649841,42,0.6535555124282837,0,0,0
55,Person_56,rec_2,55_rec_2,9,C:\Users\User\Downloads\26-1_Capstone-main\26-1_Capstone-main\data\ecg-id-database-1.0.0\Person_56\rec_2,rr_segment,4323,4765,4323,442,True,55,34,34,0.8918280601501465,34,0.7677346467971802,0,0,0
55,Person_56,rec_2,55_rec_2,10,C:\Users\User\Downloads\26-1_Capstone-main\26-1_Capstone-main\data\ecg-id-database-1.0.0\Person_56\rec_2,rr_segment,4765,5215,4765,450,True,55,84,84,0.9095120429992676,84,0.8708351850509644,0,0,0
55,Person_56,rec_2,55_rec_2,11,C:\Users\User\Downloads\26-1_Capstone-main\26-1_Capstone-main\data\ecg-id-database-1.0.0\Person_56\rec_2,rr_segment,5215,5664,5215,449,True,55,84,84,0.9066342115402222,84,0.8656997680664062,0,0,0
55,Person_56,rec_2,55_rec_2,12,C:\Users\User\Downloads\26-1_Capstone-main\26-1_Capstone-main\data\ecg-id-database-1.0.0\Person_56\rec_2,rr_segment,5664,6168,5664,504,True,55,84,84,0.9079655408859253,84,0.8310123682022095,0,0,0
55,Person_56,rec_2,55_rec_2,13,C:\Users\User\Downloads\26-1_Capstone-main\26-1_Capstone-main\data\ecg-id-database-1.0.0\Person_56\rec_2,rr_segment,6168,6594,6168,426,True,55,55,55,0.9404976963996887,55,0.8751940727233887,1,1,1
55,Person_56,rec_2,55_rec_2,14,C:\Users\User\Downloads\26-1_Capstone-main\26-1_Capstone-main\data\ecg-id-database-1.0.0\Person_56\rec_2,rr_segment,6594,7031,6594,437,True,55,42,42,0.9109765291213989,42,0.8749736547470093,0,0,0
55,Person_56,rec_2,55_rec_2,16,C:\Users\User\Downloads\26-1_Capstone-main\26-1_Capstone-main\data\ecg-id-database-1.0.0\Person_56\rec_2,rr_segment,7542,7982,7542,440,True,55,55,55,0.9581663012504578,55,0.9098609089851379,1,1,1
55,Person_56,rec_2,55_rec_2,17,C:\Users\User\Downloads\26-1_Capstone-main\26-1_Capstone-main\data\ecg-id-database-1.0.0\Person_56\rec_2,rr_segment,7982,8397,7982,415,True,55,55,55,0.9296491146087646,55,0.9204989671707153,1,1,1
55,Person_56,rec_2,55_rec_2,19,C:\Users\User\Downloads\26-1_Capstone-main\26-1_Capstone-main\data\ecg-id-database-1.0.0\Person_56\rec_2,rr_segment,8911,9416,8911,505,True,55,33,33,0.8616501092910767,33,0.767338216304779,0,0,0
55,Person_56,rec_2,55_rec_2,20,C:\Users\User\Downloads\26-1_Capstone-main\26-1_Capstone-main\data\ecg-id-database-1.0.0\Person_56\rec_2,rr_segment,9416,9885,9416,469,True,55,33,33,0.862258791923523,33,0.7204780578613281,0,0,0
56,Person_57,rec_2,56_rec_2,2,C:\Users\User\Downloads\26-1_Capstone-main\26-1_Capstone-main\data\ecg-id-database-1.0.0\Person_57\rec_2,rr_segment,1189,1524,1189,335,True,56,56,56,0.9768767356872559,56,0.9492967128753662,1,1,1
56,Person_57,rec_2,56_rec_2,3,C:\Users\User\Downloads\26-1_Capstone-main\26-1_Capstone-main\data\ecg-id-database-1.0.0\Person_57\rec_2,rr_segment,1524,1844,1524,320,True,56,56,56,0.950776219367981,56,0.8989419937133789,1,1,1
56,Person_57,rec_2,56_rec_2,4,C:\Users\User\Downloads\26-1_Capstone-main\26-1_Capstone-main\data\ecg-id-database-1.0.0\Person_57\rec_2,rr_segment,1844,2151,1844,307,True,56,56,56,0.8006579875946045,56,0.7150779962539673,1,1,1
56,Person_57,rec_2,56_rec_2,6,C:\Users\User\Downloads\26-1_Capstone-main\26-1_Capstone-main\data\ecg-id-database-1.0.0\Person_57\rec_2,rr_segment,2438,2737,2438,299,True,56,56,56,0.9679559469223022,56,0.9362139105796814,1,1,1
56,Person_57,rec_2,56_rec_2,7,C:\Users\User\Downloads\26-1_Capstone-main\26-1_Capstone-main\data\ecg-id-database-1.0.0\Person_57\rec_2,rr_segment,2737,3041,2737,304,True,56,56,56,0.9834443926811218,56,0.9737643599510193,1,1,1
56,Person_57,rec_2,56_rec_2,8,C:\Users\User\Downloads\26-1_Capstone-main\26-1_Capstone-main\data\ecg-id-database-1.0.0\Person_57\rec_2,rr_segment,3041,3356,3041,315,True,56,56,56,0.9831573963165283,56,0.9482759237289429,1,1,1
56,Person_57,rec_2,56_rec_2,9,C:\Users\User\Downloads\26-1_Capstone-main\26-1_Capstone-main\data\ecg-id-database-1.0.0\Person_57\rec_2,rr_segment,3356,3670,3356,314,True,56,56,56,0.9820866584777832,56,0.9615350365638733,1,1,1
56,Person_57,rec_2,56_rec_2,10,C:\Users\User\Downloads\26-1_Capstone-main\26-1_Capstone-main\data\ecg-id-database-1.0.0\Person_57\rec_2,rr_segment,3670,3983,3670,313,True,56,56,56,0.948096752166748,56,0.8873275518417358,1,1,1
56,Person_57,rec_2,56_rec_2,11,C:\Users\User\Downloads\26-1_Capstone-main\26-1_Capstone-main\data\ecg-id-database-1.0.0\Person_57\rec_2,rr_segment,3983,4284,3983,301,True,56,30,56,0.8661745190620422,56,0.7980226278305054,0,1,1
56,Person_57,rec_2,56_rec_2,12,C:\Users\User\Downloads\26-1_Capstone-main\26-1_Capstone-main\data\ecg-id-database-1.0.0\Person_57\rec_2,rr_segment,4284,4583,4284,299,True,56,84,84,0.8123889565467834,84,0.77647465467453,0,0,0
56,Person_57,rec_2,56_rec_2,13,C:\Users\User\Downloads\26-1_Capstone-main\26-1_Capstone-main\data\ecg-id-database-1.0.0\Person_57\rec_2,rr_segment,4583,4889,4583,306,True,56,56,56,0.9067763090133667,56,0.8488670587539673,1,1,1
56,Person_57,rec_2,56_rec_2,14,C:\Users\User\Downloads\26-1_Capstone-main\26-1_Capstone-main\data\ecg-id-database-1.0.0\Person_57\rec_2,rr_segment,4889,5223,4889,334,True,56,56,56,0.9831925630569458,56,0.9578390121459961,1,1,1
56,Person_57,rec_2,56_rec_2,17,C:\Users\User\Downloads\26-1_Capstone-main\26-1_Capstone-main\data\ecg-id-database-1.0.0\Person_57\rec_2,rr_segment,5939,6281,5939,342,True,56,56,56,0.9045491218566895,56,0.8011213541030884,1,1,1
56,Person_57,rec_2,56_rec_2,18,C:\Users\User\Downloads\26-1_Capstone-main\26-1_Capstone-main\data\ecg-id-database-1.0.0\Person_57\rec_2,rr_segment,6281,6613,6281,332,True,56,56,56,0.9658569693565369,56,0.9325171709060669,1,1,1
56,Person_57,rec_2,56_rec_2,19,C:\Users\User\Downloads\26-1_Capstone-main\26-1_Capstone-main\data\ecg-id-database-1.0.0\Person_57\rec_2,rr_segment,6613,6922,6613,309,True,56,84,56,0.7245055437088013,84,0.6389657258987427,0,1,0
56,Person_57,rec_2,56_rec_2,20,C:\Users\User\Downloads\26-1_Capstone-main\26-1_Capstone-main\data\ecg-id-database-1.0.0\Person_57\rec_2,rr_segment,6922,7234,6922,312,True,56,46,45,0.7199759483337402,84,0.6540660262107849,0,0,0
56,Person_57,rec_2,56_rec_2,21,C:\Users\User\Downloads\26-1_Capstone-main\26-1_Capstone-main\data\ecg-id-database-1.0.0\Person_57\rec_2,rr_segment,7234,7543,7234,309,True,56,56,56,0.9868378043174744,56,0.9795323610305786,1,1,1
56,Person_57,rec_2,56_rec_2,22,C:\Users\User\Downloads\26-1_Capstone-main\26-1_Capstone-main\data\ecg-id-database-1.0.0\Person_57\rec_2,rr_segment,7543,7860,7543,317,True,56,56,56,0.9799757599830627,56,0.9549745321273804,1,1,1
56,Person_57,rec_2,56_rec_2,23,C:\Users\User\Downloads\26-1_Capstone-main\26-1_Capstone-main\data\ecg-id-database-1.0.0\Person_57\rec_2,rr_segment,7860,8185,7860,325,True,56,56,56,0.9841806888580322,56,0.9592196345329285,1,1,1
56,Person_57,rec_2,56_rec_2,24,C:\Users\User\Downloads\26-1_Capstone-main\26-1_Capstone-main\data\ecg-id-database-1.0.0\Person_57\rec_2,rr_segment,8185,8514,8185,329,True,56,56,56,0.985784649848938,56,0.9661600589752197,1,1,1
56,Person_57,rec_2,56_rec_2,25,C:\Users\User\Downloads\26-1_Capstone-main\26-1_Capstone-main\data\ecg-id-database-1.0.0\Person_57\rec_2,rr_segment,8514,8845,8514,331,True,56,56,56,0.9608850479125977,56,0.9207427501678467,1,1,1
56,Person_57,rec_2,56_rec_2,26,C:\Users\User\Downloads\26-1_Capstone-main\26-1_Capstone-main\data\ecg-id-database-1.0.0\Person_57\rec_2,rr_segment,8845,9158,8845,313,True,56,56,56,0.9572776556015015,56,0.9462645053863525,1,1,1
56,Person_57,rec_2,56_rec_2,27,C:\Users\User\Downloads\26-1_Capstone-main\26-1_Capstone-main\data\ecg-id-database-1.0.0\Person_57\rec_2,rr_segment,9158,9456,9158,298,True,56,56,56,0.889542818069458,56,0.8346925973892212,1,1,1
56,Person_57,rec_2,56_rec_2,28,C:\Users\User\Downloads\26-1_Capstone-main\26-1_Capstone-main\data\ecg-id-database-1.0.0\Person_57\rec_2,rr_segment,9456,9746,9456,290,True,56,56,56,0.941578209400177,56,0.8261642456054688,1,1,1
57,Person_58,rec_2,57_rec_2,0,C:\Users\User\Downloads\26-1_Capstone-main\26-1_Capstone-main\data\ecg-id-database-1.0.0\Person_58\rec_2,rr_segment,399,903,399,504,True,57,57,57,0.9708261489868164,57,0.9497395753860474,1,1,1
57,Person_58,rec_2,57_rec_2,1,C:\Users\User\Downloads\26-1_Capstone-main\26-1_Capstone-main\data\ecg-id-database-1.0.0\Person_58\rec_2,rr_segment,903,1408,903,505,True,57,57,57,0.9866172075271606,57,0.966549277305603,1,1,1
57,Person_58,rec_2,57_rec_2,2,C:\Users\User\Downloads\26-1_Capstone-main\26-1_Capstone-main\data\ecg-id-database-1.0.0\Person_58\rec_2,rr_segment,1408,1877,1408,469,True,57,57,57,0.969718337059021,57,0.9325529932975769,1,1,1
57,Person_58,rec_2,57_rec_2,3,C:\Users\User\Downloads\26-1_Capstone-main\26-1_Capstone-main\data\ecg-id-database-1.0.0\Person_58\rec_2,rr_segment,1877,2377,1877,500,True,57,57,57,0.8525297045707703,57,0.7761556506156921,1,1,1
57,Person_58,rec_2,57_rec_2,4,C:\Users\User\Downloads\26-1_Capstone-main\26-1_Capstone-main\data\ecg-id-database-1.0.0\Person_58\rec_2,rr_segment,2377,2907,2377,530,True,57,31,0,0.8535836935043335,0,0.7635557055473328,0,0,0
57,Person_58,rec_2,57_rec_2,5,C:\Users\User\Downloads\26-1_Capstone-main\26-1_Capstone-main\data\ecg-id-database-1.0.0\Person_58\rec_2,rr_segment,2907,3414,2907,507,True,57,57,57,0.9523614645004272,57,0.9249159097671509,1,1,1
57,Person_58,rec_2,57_rec_2,7,C:\Users\User\Downloads\26-1_Capstone-main\26-1_Capstone-main\data\ecg-id-database-1.0.0\Person_58\rec_2,rr_segment,3996,4508,3996,512,True,57,0,0,0.897095799446106,0,0.8158235549926758,0,0,0
57,Person_58,rec_2,57_rec_2,8,C:\Users\User\Downloads\26-1_Capstone-main\26-1_Capstone-main\data\ecg-id-database-1.0.0\Person_58\rec_2,rr_segment,4508,4978,4508,470,True,57,57,57,0.9660826921463013,57,0.94529128074646,1,1,1
57,Person_58,rec_2,57_rec_2,9,C:\Users\User\Downloads\26-1_Capstone-main\26-1_Capstone-main\data\ecg-id-database-1.0.0\Person_58\rec_2,rr_segment,4978,5468,4978,490,True,57,57,57,0.9481450915336609,57,0.9097126126289368,1,1,1
57,Person_58,rec_2,57_rec_2,10,C:\Users\User\Downloads\26-1_Capstone-main\26-1_Capstone-main\data\ecg-id-database-1.0.0\Person_58\rec_2,rr_segment,5468,5952,5468,484,True,57,57,57,0.9149438142776489,57,0.865475058555603,1,1,1
57,Person_58,rec_2,57_rec_2,14,C:\Users\User\Downloads\26-1_Capstone-main\26-1_Capstone-main\data\ecg-id-database-1.0.0\Person_58\rec_2,rr_segment,7139,7666,7139,527,True,57,81,81,0.831822395324707,81,0.7663800716400146,0,0,0
57,Person_58,rec_2,57_rec_2,15,C:\Users\User\Downloads\26-1_Capstone-main\26-1_Capstone-main\data\ecg-id-database-1.0.0\Person_58\rec_2,rr_segment,7666,8191,7666,525,True,57,57,57,0.9256088733673096,57,0.8558162450790405,1,1,1
57,Person_58,rec_2,57_rec_2,16,C:\Users\User\Downloads\26-1_Capstone-main\26-1_Capstone-main\data\ecg-id-database-1.0.0\Person_58\rec_2,rr_segment,8191,8667,8191,476,True,57,57,57,0.9808114171028137,57,0.9609280824661255,1,1,1
57,Person_58,rec_2,57_rec_2,17,C:\Users\User\Downloads\26-1_Capstone-main\26-1_Capstone-main\data\ecg-id-database-1.0.0\Person_58\rec_2,rr_segment,8667,9095,8667,428,True,57,57,57,0.9754881262779236,57,0.9711881875991821,1,1,1
57,Person_58,rec_2,57_rec_2,18,C:\Users\User\Downloads\26-1_Capstone-main\26-1_Capstone-main\data\ecg-id-database-1.0.0\Person_58\rec_2,rr_segment,9095,9605,9095,510,True,57,57,57,0.9674092531204224,57,0.9511109590530396,1,1,1
58,Person_59,rec_5,58_rec_5,1,C:\Users\User\Downloads\26-1_Capstone-main\26-1_Capstone-main\data\ecg-id-database-1.0.0\Person_59\rec_5,rr_segment,729,1213,729,484,True,58,58,58,0.982363224029541,58,0.9817806482315063,1,1,1
58,Person_59,rec_5,58_rec_5,2,C:\Users\User\Downloads\26-1_Capstone-main\26-1_Capstone-main\data\ecg-id-database-1.0.0\Person_59\rec_5,rr_segment,1213,1703,1213,490,True,58,58,58,0.9925341606140137,58,0.9685819745063782,1,1,1
58,Person_59,rec_5,58_rec_5,3,C:\Users\User\Downloads\26-1_Capstone-main\26-1_Capstone-main\data\ecg-id-database-1.0.0\Person_59\rec_5,rr_segment,1703,2200,1703,497,True,58,58,58,0.9933338165283203,58,0.9825054407119751,1,1,1
58,Person_59,rec_5,58_rec_5,4,C:\Users\User\Downloads\26-1_Capstone-main\26-1_Capstone-main\data\ecg-id-database-1.0.0\Person_59\rec_5,rr_segment,2200,2695,2200,495,True,58,58,58,0.989600419998169,58,0.9869450330734253,1,1,1
58,Person_59,rec_5,58_rec_5,5,C:\Users\User\Downloads\26-1_Capstone-main\26-1_Capstone-main\data\ecg-id-database-1.0.0\Person_59\rec_5,rr_segment,2695,3192,2695,497,True,58,58,58,0.9823105335235596,58,0.9677903652191162,1,1,1
58,Person_59,rec_5,58_rec_5,6,C:\Users\User\Downloads\26-1_Capstone-main\26-1_Capstone-main\data\ecg-id-database-1.0.0\Person_59\rec_5,rr_segment,3192,3669,3192,477,True,58,58,58,0.995918869972229,58,0.9767094850540161,1,1,1
58,Person_59,rec_5,58_rec_5,7,C:\Users\User\Downloads\26-1_Capstone-main\26-1_Capstone-main\data\ecg-id-database-1.0.0\Person_59\rec_5,rr_segment,3669,4169,3669,500,True,58,58,58,0.9918869137763977,58,0.985141396522522,1,1,1
58,Person_59,rec_5,58_rec_5,8,C:\Users\User\Downloads\26-1_Capstone-main\26-1_Capstone-main\data\ecg-id-database-1.0.0\Person_59\rec_5,rr_segment,4169,4658,4169,489,True,58,58,58,0.9904366731643677,58,0.9878208637237549,1,1,1
58,Person_59,rec_5,58_rec_5,9,C:\Users\User\Downloads\26-1_Capstone-main\26-1_Capstone-main\data\ecg-id-database-1.0.0\Person_59\rec_5,rr_segment,4658,5168,4658,510,True,58,58,58,0.9918625950813293,58,0.9779455065727234,1,1,1
58,Person_59,rec_5,58_rec_5,10,C:\Users\User\Downloads\26-1_Capstone-main\26-1_Capstone-main\data\ecg-id-database-1.0.0\Person_59\rec_5,rr_segment,5168,5658,5168,490,True,58,58,58,0.9885207414627075,58,0.9957997798919678,1,1,1
58,Person_59,rec_5,58_rec_5,12,C:\Users\User\Downloads\26-1_Capstone-main\26-1_Capstone-main\data\ecg-id-database-1.0.0\Person_59\rec_5,rr_segment,6181,6680,6181,499,True,58,58,58,0.9684425592422485,58,0.9747447371482849,1,1,1
58,Person_59,rec_5,58_rec_5,13,C:\Users\User\Downloads\26-1_Capstone-main\26-1_Capstone-main\data\ecg-id-database-1.0.0\Person_59\rec_5,rr_segment,6680,7180,6680,500,True,58,58,58,0.9903862476348877,58,0.9846592545509338,1,1,1
58,Person_59,rec_5,58_rec_5,14,C:\Users\User\Downloads\26-1_Capstone-main\26-1_Capstone-main\data\ecg-id-database-1.0.0\Person_59\rec_5,rr_segment,7180,7685,7180,505,True,58,58,58,0.9877004027366638,58,0.9855725765228271,1,1,1
58,Person_59,rec_5,58_rec_5,15,C:\Users\User\Downloads\26-1_Capstone-main\26-1_Capstone-main\data\ecg-id-database-1.0.0\Person_59\rec_5,rr_segment,7685,8186,7685,501,True,58,58,58,0.9815807938575745,58,0.9638293981552124,1,1,1
58,Person_59,rec_5,58_rec_5,16,C:\Users\User\Downloads\26-1_Capstone-main\26-1_Capstone-main\data\ecg-id-database-1.0.0\Person_59\rec_5,rr_segment,8186,8681,8186,495,True,58,58,58,0.9701300263404846,58,0.9782509803771973,1,1,1
58,Person_59,rec_5,58_rec_5,17,C:\Users\User\Downloads\26-1_Capstone-main\26-1_Capstone-main\data\ecg-id-database-1.0.0\Person_59\rec_5,rr_segment,8681,9157,8681,476,True,58,58,58,0.9835984706878662,58,0.9807292222976685,1,1,1
58,Person_59,rec_5,58_rec_5,18,C:\Users\User\Downloads\26-1_Capstone-main\26-1_Capstone-main\data\ecg-id-database-1.0.0\Person_59\rec_5,rr_segment,9157,9643,9157,486,True,58,58,58,0.9850696921348572,58,0.9884915351867676,1,1,1
59,Person_60,rec_2,59_rec_2,1,C:\Users\User\Downloads\26-1_Capstone-main\26-1_Capstone-main\data\ecg-id-database-1.0.0\Person_60\rec_2,rr_segment,491,838,491,347,True,59,85,85,0.9649753570556641,85,0.9585081338882446,0,0,0
59,Person_60,rec_2,59_rec_2,2,C:\Users\User\Downloads\26-1_Capstone-main\26-1_Capstone-main\data\ecg-id-database-1.0.0\Person_60\rec_2,rr_segment,838,1192,838,354,True,59,85,85,0.8431265354156494,85,0.7608096599578857,0,0,0
59,Person_60,rec_2,59_rec_2,3,C:\Users\User\Downloads\26-1_Capstone-main\26-1_Capstone-main\data\ecg-id-database-1.0.0\Person_60\rec_2,rr_segment,1192,1536,1192,344,True,59,85,85,0.9732742309570312,85,0.9507357478141785,0,0,0
59,Person_60,rec_2,59_rec_2,4,C:\Users\User\Downloads\26-1_Capstone-main\26-1_Capstone-main\data\ecg-id-database-1.0.0\Person_60\rec_2,rr_segment,1536,1881,1536,345,True,59,85,85,0.9568920135498047,85,0.9389396905899048,0,0,0
59,Person_60,rec_2,59_rec_2,6,C:\Users\User\Downloads\26-1_Capstone-main\26-1_Capstone-main\data\ecg-id-database-1.0.0\Person_60\rec_2,rr_segment,2244,2600,2244,356,True,59,85,85,0.9387487173080444,85,0.8939507007598877,0,0,0
59,Person_60,rec_2,59_rec_2,7,C:\Users\User\Downloads\26-1_Capstone-main\26-1_Capstone-main\data\ecg-id-database-1.0.0\Person_60\rec_2,rr_segment,2600,2924,2600,324,True,59,85,85,0.9675099849700928,85,0.9668428897857666,0,0,0
59,Person_60,rec_2,59_rec_2,8,C:\Users\User\Downloads\26-1_Capstone-main\26-1_Capstone-main\data\ecg-id-database-1.0.0\Person_60\rec_2,rr_segment,2924,3253,2924,329,True,59,85,85,0.9496785998344421,85,0.9404498338699341,0,0,0
59,Person_60,rec_2,59_rec_2,9,C:\Users\User\Downloads\26-1_Capstone-main\26-1_Capstone-main\data\ecg-id-database-1.0.0\Person_60\rec_2,rr_segment,3253,3587,3253,334,True,59,85,85,0.9551723003387451,85,0.9354411363601685,0,0,0
59,Person_60,rec_2,59_rec_2,10,C:\Users\User\Downloads\26-1_Capstone-main\26-1_Capstone-main\data\ecg-id-database-1.0.0\Person_60\rec_2,rr_segment,3587,3887,3587,300,True,59,85,85,0.9488005638122559,85,0.9262834787368774,0,0,0
59,Person_60,rec_2,59_rec_2,11,C:\Users\User\Downloads\26-1_Capstone-main\26-1_Capstone-main\data\ecg-id-database-1.0.0\Person_60\rec_2,rr_segment,3887,4209,3887,322,True,59,85,85,0.9386879205703735,85,0.9037989377975464,0,0,0
59,Person_60,rec_2,59_rec_2,12,C:\Users\User\Downloads\26-1_Capstone-main\26-1_Capstone-main\data\ecg-id-database-1.0.0\Person_60\rec_2,rr_segment,4209,4528,4209,319,True,59,85,85,0.9399447441101074,85,0.8881570100784302,0,0,0
59,Person_60,rec_2,59_rec_2,13,C:\Users\User\Downloads\26-1_Capstone-main\26-1_Capstone-main\data\ecg-id-database-1.0.0\Person_60\rec_2,rr_segment,4528,4839,4528,311,True,59,85,85,0.8972947597503662,85,0.8575761318206787,0,0,0
59,Person_60,rec_2,59_rec_2,14,C:\Users\User\Downloads\26-1_Capstone-main\26-1_Capstone-main\data\ecg-id-database-1.0.0\Person_60\rec_2,rr_segment,4839,5153,4839,314,True,59,85,85,0.9789901375770569,85,0.9620260000228882,0,0,0
59,Person_60,rec_2,59_rec_2,16,C:\Users\User\Downloads\26-1_Capstone-main\26-1_Capstone-main\data\ecg-id-database-1.0.0\Person_60\rec_2,rr_segment,5440,5752,5440,312,True,59,85,85,0.9577764272689819,85,0.937340259552002,0,0,0
59,Person_60,rec_2,59_rec_2,17,C:\Users\User\Downloads\26-1_Capstone-main\26-1_Capstone-main\data\ecg-id-database-1.0.0\Person_60\rec_2,rr_segment,5752,6058,5752,306,True,59,85,85,0.9463112354278564,85,0.9277293682098389,0,0,0
59,Person_60,rec_2,59_rec_2,18,C:\Users\User\Downloads\26-1_Capstone-main\26-1_Capstone-main\data\ecg-id-database-1.0.0\Person_60\rec_2,rr_segment,6058,6357,6058,299,True,59,85,85,0.9805872440338135,85,0.9640270471572876,0,0,0
59,Person_60,rec_2,59_rec_2,19,C:\Users\User\Downloads\26-1_Capstone-main\26-1_Capstone-main\data\ecg-id-database-1.0.0\Person_60\rec_2,rr_segment,6357,6674,6357,317,True,59,85,85,0.9308056831359863,85,0.9135292172431946,0,0,0
59,Person_60,rec_2,59_rec_2,20,C:\Users\User\Downloads\26-1_Capstone-main\26-1_Capstone-main\data\ecg-id-database-1.0.0\Person_60\rec_2,rr_segment,6674,6993,6674,319,True,59,85,85,0.9828331470489502,85,0.9816319942474365,0,0,0
59,Person_60,rec_2,59_rec_2,21,C:\Users\User\Downloads\26-1_Capstone-main\26-1_Capstone-main\data\ecg-id-database-1.0.0\Person_60\rec_2,rr_segment,6993,7326,6993,333,True,59,85,85,0.9775689244270325,85,0.9690166711807251,0,0,0
59,Person_60,rec_2,59_rec_2,22,C:\Users\User\Downloads\26-1_Capstone-main\26-1_Capstone-main\data\ecg-id-database-1.0.0\Person_60\rec_2,rr_segment,7326,7647,7326,321,True,59,85,85,0.9921550750732422,85,0.989095151424408,0,0,0
59,Person_60,rec_2,59_rec_2,23,C:\Users\User\Downloads\26-1_Capstone-main\26-1_Capstone-main\data\ecg-id-database-1.0.0\Person_60\rec_2,rr_segment,7647,7979,7647,332,True,59,85,85,0.9247657060623169,85,0.897618293762207,0,0,0
59,Person_60,rec_2,59_rec_2,24,C:\Users\User\Downloads\26-1_Capstone-main\26-1_Capstone-main\data\ecg-id-database-1.0.0\Person_60\rec_2,rr_segment,7979,8313,7979,334,True,59,85,85,0.974550724029541,85,0.9744099378585815,0,0,0
59,Person_60,rec_2,59_rec_2,25,C:\Users\User\Downloads\26-1_Capstone-main\26-1_Capstone-main\data\ecg-id-database-1.0.0\Person_60\rec_2,rr_segment,8313,8628,8313,315,True,59,85,85,0.9558273553848267,85,0.9413681030273438,0,0,0
59,Person_60,rec_2,59_rec_2,26,C:\Users\User\Downloads\26-1_Capstone-main\26-1_Capstone-main\data\ecg-id-database-1.0.0\Person_60\rec_2,rr_segment,8628,8937,8628,309,True,59,85,85,0.9696711897850037,85,0.9676861763000488,0,0,0
59,Person_60,rec_2,59_rec_2,27,C:\Users\User\Downloads\26-1_Capstone-main\26-1_Capstone-main\data\ecg-id-database-1.0.0\Person_60\rec_2,rr_segment,8937,9272,8937,335,True,59,85,85,0.9746516942977905,85,0.9614007472991943,0,0,0
59,Person_60,rec_2,59_rec_2,28,C:\Users\User\Downloads\26-1_Capstone-main\26-1_Capstone-main\data\ecg-id-database-1.0.0\Person_60\rec_2,rr_segment,9272,9606,9272,334,True,59,85,85,0.9673612713813782,85,0.9530268311500549,0,0,0
59,Person_60,rec_2,59_rec_2,29,C:\Users\User\Downloads\26-1_Capstone-main\26-1_Capstone-main\data\ecg-id-database-1.0.0\Person_60\rec_2,rr_segment,9606,9950,9606,344,True,59,85,85,0.9804108142852783,85,0.9600295424461365,0,0,0
60,Person_61,rec_1,60_rec_1,0,C:\Users\User\Downloads\26-1_Capstone-main\26-1_Capstone-main\data\ecg-id-database-1.0.0\Person_61\rec_1,rr_segment,174,510,174,336,True,60,60,60,0.9844266176223755,60,0.9832943081855774,1,1,1
60,Person_61,rec_1,60_rec_1,1,C:\Users\User\Downloads\26-1_Capstone-main\26-1_Capstone-main\data\ecg-id-database-1.0.0\Person_61\rec_1,rr_segment,510,864,510,354,True,60,64,64,0.9580357074737549,64,0.9287946820259094,0,0,0
60,Person_61,rec_1,60_rec_1,2,C:\Users\User\Downloads\26-1_Capstone-main\26-1_Capstone-main\data\ecg-id-database-1.0.0\Person_61\rec_1,rr_segment,864,1218,864,354,True,60,60,60,0.9698310494422913,60,0.932955265045166,1,1,1
60,Person_61,rec_1,60_rec_1,3,C:\Users\User\Downloads\26-1_Capstone-main\26-1_Capstone-main\data\ecg-id-database-1.0.0\Person_61\rec_1,rr_segment,1218,1566,1218,348,True,60,60,60,0.9863340854644775,60,0.9628022909164429,1,1,1
60,Person_61,rec_1,60_rec_1,4,C:\Users\User\Downloads\26-1_Capstone-main\26-1_Capstone-main\data\ecg-id-database-1.0.0\Person_61\rec_1,rr_segment,1566,1892,1566,326,True,60,60,60,0.9854205250740051,60,0.9848413467407227,1,1,1
60,Person_61,rec_1,60_rec_1,5,C:\Users\User\Downloads\26-1_Capstone-main\26-1_Capstone-main\data\ecg-id-database-1.0.0\Person_61\rec_1,rr_segment,1892,2213,1892,321,True,60,60,60,0.9494819045066833,60,0.8949987888336182,1,1,1
60,Person_61,rec_1,60_rec_1,7,C:\Users\User\Downloads\26-1_Capstone-main\26-1_Capstone-main\data\ecg-id-database-1.0.0\Person_61\rec_1,rr_segment,2517,2837,2517,320,True,60,60,60,0.9826465845108032,60,0.9794508814811707,1,1,1
60,Person_61,rec_1,60_rec_1,8,C:\Users\User\Downloads\26-1_Capstone-main\26-1_Capstone-main\data\ecg-id-database-1.0.0\Person_61\rec_1,rr_segment,2837,3162,2837,325,True,60,60,60,0.9607993364334106,60,0.9571270942687988,1,1,1
60,Person_61,rec_1,60_rec_1,9,C:\Users\User\Downloads\26-1_Capstone-main\26-1_Capstone-main\data\ecg-id-database-1.0.0\Person_61\rec_1,rr_segment,3162,3487,3162,325,True,60,60,60,0.9738961458206177,60,0.9575844407081604,1,1,1
60,Person_61,rec_1,60_rec_1,10,C:\Users\User\Downloads\26-1_Capstone-main\26-1_Capstone-main\data\ecg-id-database-1.0.0\Person_61\rec_1,rr_segment,3487,3817,3487,330,True,60,60,60,0.9642707109451294,60,0.9530499577522278,1,1,1
60,Person_61,rec_1,60_rec_1,11,C:\Users\User\Downloads\26-1_Capstone-main\26-1_Capstone-main\data\ecg-id-database-1.0.0\Person_61\rec_1,rr_segment,3817,4137,3817,320,True,60,60,60,0.9870784878730774,60,0.9813920855522156,1,1,1
60,Person_61,rec_1,60_rec_1,12,C:\Users\User\Downloads\26-1_Capstone-main\26-1_Capstone-main\data\ecg-id-database-1.0.0\Person_61\rec_1,rr_segment,4137,4455,4137,318,True,60,60,60,0.9861407279968262,60,0.977757453918457,1,1,1
60,Person_61,rec_1,60_rec_1,13,C:\Users\User\Downloads\26-1_Capstone-main\26-1_Capstone-main\data\ecg-id-database-1.0.0\Person_61\rec_1,rr_segment,4455,4785,4455,330,True,60,60,60,0.9698479175567627,60,0.9439107775688171,1,1,1
60,Person_61,rec_1,60_rec_1,14,C:\Users\User\Downloads\26-1_Capstone-main\26-1_Capstone-main\data\ecg-id-database-1.0.0\Person_61\rec_1,rr_segment,4785,5147,4785,362,True,60,60,60,0.8952332735061646,60,0.7837542295455933,1,1,1
60,Person_61,rec_1,60_rec_1,16,C:\Users\User\Downloads\26-1_Capstone-main\26-1_Capstone-main\data\ecg-id-database-1.0.0\Person_61\rec_1,rr_segment,5527,5893,5527,366,True,60,60,60,0.9577950239181519,60,0.9319679737091064,1,1,1
60,Person_61,rec_1,60_rec_1,17,C:\Users\User\Downloads\26-1_Capstone-main\26-1_Capstone-main\data\ecg-id-database-1.0.0\Person_61\rec_1,rr_segment,5893,6249,5893,356,True,60,60,60,0.9614565372467041,60,0.8910766839981079,1,1,1
60,Person_61,rec_1,60_rec_1,18,C:\Users\User\Downloads\26-1_Capstone-main\26-1_Capstone-main\data\ecg-id-database-1.0.0\Person_61\rec_1,rr_segment,6249,6582,6249,333,True,60,60,60,0.9231287240982056,60,0.836180567741394,1,1,1
60,Person_61,rec_1,60_rec_1,19,C:\Users\User\Downloads\26-1_Capstone-main\26-1_Capstone-main\data\ecg-id-database-1.0.0\Person_61\rec_1,rr_segment,6582,6920,6582,338,True,60,60,60,0.9659820795059204,60,0.9080066680908203,1,1,1
60,Person_61,rec_1,60_rec_1,20,C:\Users\User\Downloads\26-1_Capstone-main\26-1_Capstone-main\data\ecg-id-database-1.0.0\Person_61\rec_1,rr_segment,6920,7268,6920,348,True,60,60,60,0.9845913648605347,60,0.9478440284729004,1,1,1
60,Person_61,rec_1,60_rec_1,21,C:\Users\User\Downloads\26-1_Capstone-main\26-1_Capstone-main\data\ecg-id-database-1.0.0\Person_61\rec_1,rr_segment,7268,7604,7268,336,True,60,60,60,0.9938573837280273,60,0.9695852994918823,1,1,1
60,Person_61,rec_1,60_rec_1,22,C:\Users\User\Downloads\26-1_Capstone-main\26-1_Capstone-main\data\ecg-id-database-1.0.0\Person_61\rec_1,rr_segment,7604,7957,7604,353,True,60,64,60,0.9429447650909424,64,0.8948284387588501,0,1,0
60,Person_61,rec_1,60_rec_1,23,C:\Users\User\Downloads\26-1_Capstone-main\26-1_Capstone-main\data\ecg-id-database-1.0.0\Person_61\rec_1,rr_segment,7957,8328,7957,371,True,60,60,60,0.9584901928901672,60,0.9061686992645264,1,1,1
60,Person_61,rec_1,60_rec_1,25,C:\Users\User\Downloads\26-1_Capstone-main\26-1_Capstone-main\data\ecg-id-database-1.0.0\Person_61\rec_1,rr_segment,8703,9057,8703,354,True,60,60,60,0.9855974912643433,60,0.9822895526885986,1,1,1
60,Person_61,rec_1,60_rec_1,26,C:\Users\User\Downloads\26-1_Capstone-main\26-1_Capstone-main\data\ecg-id-database-1.0.0\Person_61\rec_1,rr_segment,9057,9415,9057,358,True,60,60,60,0.9860618114471436,60,0.9300470948219299,1,1,1
60,Person_61,rec_1,60_rec_1,27,C:\Users\User\Downloads\26-1_Capstone-main\26-1_Capstone-main\data\ecg-id-database-1.0.0\Person_61\rec_1,rr_segment,9415,9775,9415,360,True,60,60,60,0.9845316410064697,60,0.9821943044662476,1,1,1
61,Person_62,rec_1,61_rec_1,0,C:\Users\User\Downloads\26-1_Capstone-main\26-1_Capstone-main\data\ecg-id-database-1.0.0\Person_62\rec_1,rr_segment,210,646,210,436,True,61,61,61,0.9944023489952087,61,0.9963512420654297,1,1,1
61,Person_62,rec_1,61_rec_1,2,C:\Users\User\Downloads\26-1_Capstone-main\26-1_Capstone-main\data\ecg-id-database-1.0.0\Person_62\rec_1,rr_segment,1021,1523,1021,502,True,61,61,61,0.9932723045349121,61,0.990083634853363,1,1,1
61,Person_62,rec_1,61_rec_1,3,C:\Users\User\Downloads\26-1_Capstone-main\26-1_Capstone-main\data\ecg-id-database-1.0.0\Person_62\rec_1,rr_segment,1523,2002,1523,479,True,61,61,37,0.8620117902755737,61,0.7495988607406616,1,0,1
61,Person_62,rec_1,61_rec_1,4,C:\Users\User\Downloads\26-1_Capstone-main\26-1_Capstone-main\data\ecg-id-database-1.0.0\Person_62\rec_1,rr_segment,2002,2511,2002,509,True,61,61,61,0.9212574362754822,61,0.8807653188705444,1,1,1
61,Person_62,rec_1,61_rec_1,5,C:\Users\User\Downloads\26-1_Capstone-main\26-1_Capstone-main\data\ecg-id-database-1.0.0\Person_62\rec_1,rr_segment,2511,2973,2511,462,True,61,61,61,0.9826977849006653,61,0.9722399115562439,1,1,1
61,Person_62,rec_1,61_rec_1,6,C:\Users\User\Downloads\26-1_Capstone-main\26-1_Capstone-main\data\ecg-id-database-1.0.0\Person_62\rec_1,rr_segment,2973,3464,2973,491,True,61,61,61,0.9876288175582886,61,0.9851874113082886,1,1,1
61,Person_62,rec_1,61_rec_1,7,C:\Users\User\Downloads\26-1_Capstone-main\26-1_Capstone-main\data\ecg-id-database-1.0.0\Person_62\rec_1,rr_segment,3464,3962,3464,498,True,61,61,61,0.9870122075080872,61,0.9784820079803467,1,1,1
61,Person_62,rec_1,61_rec_1,8,C:\Users\User\Downloads\26-1_Capstone-main\26-1_Capstone-main\data\ecg-id-database-1.0.0\Person_62\rec_1,rr_segment,3962,4427,3962,465,True,61,61,61,0.9868450164794922,61,0.9668452739715576,1,1,1
61,Person_62,rec_1,61_rec_1,9,C:\Users\User\Downloads\26-1_Capstone-main\26-1_Capstone-main\data\ecg-id-database-1.0.0\Person_62\rec_1,rr_segment,4427,4953,4427,526,True,61,61,61,0.9862698316574097,61,0.9621685147285461,1,1,1
61,Person_62,rec_1,61_rec_1,10,C:\Users\User\Downloads\26-1_Capstone-main\26-1_Capstone-main\data\ecg-id-database-1.0.0\Person_62\rec_1,rr_segment,4953,5465,4953,512,True,61,61,37,0.8071656227111816,37,0.7564060688018799,1,0,0
61,Person_62,rec_1,61_rec_1,11,C:\Users\User\Downloads\26-1_Capstone-main\26-1_Capstone-main\data\ecg-id-database-1.0.0\Person_62\rec_1,rr_segment,5465,5944,5465,479,True,61,61,61,0.9844025373458862,61,0.9744946956634521,1,1,1
61,Person_62,rec_1,61_rec_1,12,C:\Users\User\Downloads\26-1_Capstone-main\26-1_Capstone-main\data\ecg-id-database-1.0.0\Person_62\rec_1,rr_segment,5944,6439,5944,495,True,61,61,61,0.9771896004676819,61,0.9335484504699707,1,1,1
61,Person_62,rec_1,61_rec_1,13,C:\Users\User\Downloads\26-1_Capstone-main\26-1_Capstone-main\data\ecg-id-database-1.0.0\Person_62\rec_1,rr_segment,6439,6945,6439,506,True,61,78,78,0.8236586451530457,78,0.7121965289115906,0,0,0
61,Person_62,rec_1,61_rec_1,14,C:\Users\User\Downloads\26-1_Capstone-main\26-1_Capstone-main\data\ecg-id-database-1.0.0\Person_62\rec_1,rr_segment,6945,7426,6945,481,True,61,61,61,0.9635494947433472,61,0.9222667217254639,1,1,1
61,Person_62,rec_1,61_rec_1,16,C:\Users\User\Downloads\26-1_Capstone-main\26-1_Capstone-main\data\ecg-id-database-1.0.0\Person_62\rec_1,rr_segment,7842,8345,7842,503,True,61,61,61,0.9538415670394897,61,0.8894122838973999,1,1,1
61,Person_62,rec_1,61_rec_1,17,C:\Users\User\Downloads\26-1_Capstone-main\26-1_Capstone-main\data\ecg-id-database-1.0.0\Person_62\rec_1,rr_segment,8345,8859,8345,514,True,61,61,61,0.983670711517334,61,0.9579833745956421,1,1,1
61,Person_62,rec_1,61_rec_1,18,C:\Users\User\Downloads\26-1_Capstone-main\26-1_Capstone-main\data\ecg-id-database-1.0.0\Person_62\rec_1,rr_segment,8859,9342,8859,483,True,61,61,61,0.981704592704773,61,0.9654942154884338,1,1,1
61,Person_62,rec_1,61_rec_1,19,C:\Users\User\Downloads\26-1_Capstone-main\26-1_Capstone-main\data\ecg-id-database-1.0.0\Person_62\rec_1,rr_segment,9342,9828,9342,486,True,61,37,37,0.9678259491920471,37,0.9590476155281067,0,0,0
62,Person_63,rec_4,62_rec_4,1,C:\Users\User\Downloads\26-1_Capstone-main\26-1_Capstone-main\data\ecg-id-database-1.0.0\Person_63\rec_4,rr_segment,906,1390,906,484,True,62,62,62,0.9927945733070374,62,0.9800304770469666,1,1,1
62,Person_63,rec_4,62_rec_4,2,C:\Users\User\Downloads\26-1_Capstone-main\26-1_Capstone-main\data\ecg-id-database-1.0.0\Person_63\rec_4,rr_segment,1390,1873,1390,483,True,62,62,62,0.9735015630722046,62,0.936063826084137,1,1,1
62,Person_63,rec_4,62_rec_4,3,C:\Users\User\Downloads\26-1_Capstone-main\26-1_Capstone-main\data\ecg-id-database-1.0.0\Person_63\rec_4,rr_segment,1873,2371,1873,498,True,62,62,62,0.9833000898361206,62,0.9872424602508545,1,1,1
62,Person_63,rec_4,62_rec_4,4,C:\Users\User\Downloads\26-1_Capstone-main\26-1_Capstone-main\data\ecg-id-database-1.0.0\Person_63\rec_4,rr_segment,2371,2868,2371,497,True,62,62,62,0.9650000929832458,62,0.9529047012329102,1,1,1
62,Person_63,rec_4,62_rec_4,5,C:\Users\User\Downloads\26-1_Capstone-main\26-1_Capstone-main\data\ecg-id-database-1.0.0\Person_63\rec_4,rr_segment,2868,3368,2868,500,True,62,59,59,0.8281689882278442,59,0.7912373542785645,0,0,0
62,Person_63,rec_4,62_rec_4,6,C:\Users\User\Downloads\26-1_Capstone-main\26-1_Capstone-main\data\ecg-id-database-1.0.0\Person_63\rec_4,rr_segment,3368,3839,3368,471,True,62,62,62,0.9910205602645874,62,0.987856388092041,1,1,1
62,Person_63,rec_4,62_rec_4,9,C:\Users\User\Downloads\26-1_Capstone-main\26-1_Capstone-main\data\ecg-id-database-1.0.0\Person_63\rec_4,rr_segment,4660,5179,4660,519,True,62,62,62,0.9676939845085144,62,0.9586917757987976,1,1,1
62,Person_63,rec_4,62_rec_4,10,C:\Users\User\Downloads\26-1_Capstone-main\26-1_Capstone-main\data\ecg-id-database-1.0.0\Person_63\rec_4,rr_segment,5179,5685,5179,506,True,62,62,62,0.9645600318908691,69,0.7625421285629272,1,1,0
62,Person_63,rec_4,62_rec_4,11,C:\Users\User\Downloads\26-1_Capstone-main\26-1_Capstone-main\data\ecg-id-database-1.0.0\Person_63\rec_4,rr_segment,5685,6138,5685,453,True,62,62,62,0.9302855730056763,62,0.9069620370864868,1,1,1
62,Person_63,rec_4,62_rec_4,12,C:\Users\User\Downloads\26-1_Capstone-main\26-1_Capstone-main\data\ecg-id-database-1.0.0\Person_63\rec_4,rr_segment,6138,6638,6138,500,True,62,62,62,0.9495916366577148,62,0.920322060585022,1,1,1
62,Person_63,rec_4,62_rec_4,13,C:\Users\User\Downloads\26-1_Capstone-main\26-1_Capstone-main\data\ecg-id-database-1.0.0\Person_63\rec_4,rr_segment,6638,7143,6638,505,True,62,62,62,0.9252931475639343,62,0.8524977564811707,1,1,1
62,Person_63,rec_4,62_rec_4,14,C:\Users\User\Downloads\26-1_Capstone-main\26-1_Capstone-main\data\ecg-id-database-1.0.0\Person_63\rec_4,rr_segment,7143,7641,7143,498,True,62,62,62,0.9588303565979004,62,0.9173012375831604,1,1,1
62,Person_63,rec_4,62_rec_4,16,C:\Users\User\Downloads\26-1_Capstone-main\26-1_Capstone-main\data\ecg-id-database-1.0.0\Person_63\rec_4,rr_segment,8066,8514,8066,448,True,62,62,62,0.9926078915596008,62,0.980944037437439,1,1,1
62,Person_63,rec_4,62_rec_4,17,C:\Users\User\Downloads\26-1_Capstone-main\26-1_Capstone-main\data\ecg-id-database-1.0.0\Person_63\rec_4,rr_segment,8514,9003,8514,489,True,62,59,59,0.8642367720603943,59,0.8047176599502563,0,0,0
62,Person_63,rec_4,62_rec_4,18,C:\Users\User\Downloads\26-1_Capstone-main\26-1_Capstone-main\data\ecg-id-database-1.0.0\Person_63\rec_4,rr_segment,9003,9543,9003,540,True,62,36,62,0.6529765725135803,59,0.5612387657165527,0,1,0
63,Person_64,rec_1,63_rec_1,0,C:\Users\User\Downloads\26-1_Capstone-main\26-1_Capstone-main\data\ecg-id-database-1.0.0\Person_64\rec_1,rr_segment,277,751,277,474,True,63,63,63,0.9973294138908386,63,0.9865291118621826,1,1,1
63,Person_64,rec_1,63_rec_1,1,C:\Users\User\Downloads\26-1_Capstone-main\26-1_Capstone-main\data\ecg-id-database-1.0.0\Person_64\rec_1,rr_segment,751,1228,751,477,True,63,63,63,0.9768946170806885,63,0.9556893110275269,1,1,1
63,Person_64,rec_1,63_rec_1,2,C:\Users\User\Downloads\26-1_Capstone-main\26-1_Capstone-main\data\ecg-id-database-1.0.0\Person_64\rec_1,rr_segment,1228,1700,1228,472,True,63,63,63,0.9937404990196228,63,0.9913259744644165,1,1,1
63,Person_64,rec_1,63_rec_1,3,C:\Users\User\Downloads\26-1_Capstone-main\26-1_Capstone-main\data\ecg-id-database-1.0.0\Person_64\rec_1,rr_segment,1700,2169,1700,469,True,63,63,63,0.9940474033355713,63,0.9926013946533203,1,1,1
63,Person_64,rec_1,63_rec_1,4,C:\Users\User\Downloads\26-1_Capstone-main\26-1_Capstone-main\data\ecg-id-database-1.0.0\Person_64\rec_1,rr_segment,2169,2633,2169,464,True,63,63,63,0.9847297668457031,63,0.9441590309143066,1,1,1
63,Person_64,rec_1,63_rec_1,5,C:\Users\User\Downloads\26-1_Capstone-main\26-1_Capstone-main\data\ecg-id-database-1.0.0\Person_64\rec_1,rr_segment,2633,3114,2633,481,True,63,63,63,0.95733642578125,63,0.9285193085670471,1,1,1
63,Person_64,rec_1,63_rec_1,6,C:\Users\User\Downloads\26-1_Capstone-main\26-1_Capstone-main\data\ecg-id-database-1.0.0\Person_64\rec_1,rr_segment,3114,3583,3114,469,True,63,63,63,0.986730694770813,63,0.9797236919403076,1,1,1
63,Person_64,rec_1,63_rec_1,7,C:\Users\User\Downloads\26-1_Capstone-main\26-1_Capstone-main\data\ecg-id-database-1.0.0\Person_64\rec_1,rr_segment,3583,4046,3583,463,True,63,63,63,0.9860047101974487,63,0.9904539585113525,1,1,1
63,Person_64,rec_1,63_rec_1,8,C:\Users\User\Downloads\26-1_Capstone-main\26-1_Capstone-main\data\ecg-id-database-1.0.0\Person_64\rec_1,rr_segment,4046,4523,4046,477,True,63,63,63,0.9921829700469971,63,0.9857664108276367,1,1,1
63,Person_64,rec_1,63_rec_1,9,C:\Users\User\Downloads\26-1_Capstone-main\26-1_Capstone-main\data\ecg-id-database-1.0.0\Person_64\rec_1,rr_segment,4523,4988,4523,465,True,63,63,63,0.9942145347595215,63,0.9777901768684387,1,1,1
63,Person_64,rec_1,63_rec_1,10,C:\Users\User\Downloads\26-1_Capstone-main\26-1_Capstone-main\data\ecg-id-database-1.0.0\Person_64\rec_1,rr_segment,4988,5441,4988,453,True,63,63,63,0.9934591054916382,63,0.990925669670105,1,1,1
63,Person_64,rec_1,63_rec_1,11,C:\Users\User\Downloads\26-1_Capstone-main\26-1_Capstone-main\data\ecg-id-database-1.0.0\Person_64\rec_1,rr_segment,5441,5893,5441,452,True,63,63,63,0.9863124489784241,63,0.9635269641876221,1,1,1
63,Person_64,rec_1,63_rec_1,12,C:\Users\User\Downloads\26-1_Capstone-main\26-1_Capstone-main\data\ecg-id-database-1.0.0\Person_64\rec_1,rr_segment,5893,6356,5893,463,True,63,63,63,0.9954588413238525,63,0.9886114597320557,1,1,1
63,Person_64,rec_1,63_rec_1,13,C:\Users\User\Downloads\26-1_Capstone-main\26-1_Capstone-main\data\ecg-id-database-1.0.0\Person_64\rec_1,rr_segment,6356,6829,6356,473,True,63,63,63,0.9970853328704834,63,0.9769412279129028,1,1,1
63,Person_64,rec_1,63_rec_1,14,C:\Users\User\Downloads\26-1_Capstone-main\26-1_Capstone-main\data\ecg-id-database-1.0.0\Person_64\rec_1,rr_segment,6829,7311,6829,482,True,63,63,63,0.9720178246498108,63,0.9426319003105164,1,1,1
63,Person_64,rec_1,63_rec_1,15,C:\Users\User\Downloads\26-1_Capstone-main\26-1_Capstone-main\data\ecg-id-database-1.0.0\Person_64\rec_1,rr_segment,7311,7782,7311,471,True,63,63,63,0.9827795624732971,63,0.9561680555343628,1,1,1
63,Person_64,rec_1,63_rec_1,16,C:\Users\User\Downloads\26-1_Capstone-main\26-1_Capstone-main\data\ecg-id-database-1.0.0\Person_64\rec_1,rr_segment,7782,8230,7782,448,True,63,63,63,0.991490364074707,63,0.9781462550163269,1,1,1
63,Person_64,rec_1,63_rec_1,17,C:\Users\User\Downloads\26-1_Capstone-main\26-1_Capstone-main\data\ecg-id-database-1.0.0\Person_64\rec_1,rr_segment,8230,8670,8230,440,True,63,63,63,0.9906726479530334,63,0.9871066212654114,1,1,1
63,Person_64,rec_1,63_rec_1,20,C:\Users\User\Downloads\26-1_Capstone-main\26-1_Capstone-main\data\ecg-id-database-1.0.0\Person_64\rec_1,rr_segment,9519,9957,9519,438,True,63,63,63,0.9635924100875854,63,0.8999207615852356,1,1,1
64,Person_65,rec_2,64_rec_2,0,C:\Users\User\Downloads\26-1_Capstone-main\26-1_Capstone-main\data\ecg-id-database-1.0.0\Person_65\rec_2,rr_segment,174,543,174,369,True,64,64,64,0.9891349673271179,64,0.9835724234580994,1,1,1
64,Person_65,rec_2,64_rec_2,1,C:\Users\User\Downloads\26-1_Capstone-main\26-1_Capstone-main\data\ecg-id-database-1.0.0\Person_65\rec_2,rr_segment,543,908,543,365,True,64,64,64,0.9890496730804443,64,0.977594792842865,1,1,1
64,Person_65,rec_2,64_rec_2,2,C:\Users\User\Downloads\26-1_Capstone-main\26-1_Capstone-main\data\ecg-id-database-1.0.0\Person_65\rec_2,rr_segment,908,1236,908,328,True,64,64,64,0.9747176170349121,64,0.9562698602676392,1,1,1
64,Person_65,rec_2,64_rec_2,4,C:\Users\User\Downloads\26-1_Capstone-main\26-1_Capstone-main\data\ecg-id-database-1.0.0\Person_65\rec_2,rr_segment,1533,1848,1533,315,True,64,64,64,0.9796749949455261,64,0.9573257565498352,1,1,1
64,Person_65,rec_2,64_rec_2,5,C:\Users\User\Downloads\26-1_Capstone-main\26-1_Capstone-main\data\ecg-id-database-1.0.0\Person_65\rec_2,rr_segment,1848,2211,1848,363,True,64,64,64,0.992055356502533,64,0.9904043674468994,1,1,1
64,Person_65,rec_2,64_rec_2,6,C:\Users\User\Downloads\26-1_Capstone-main\26-1_Capstone-main\data\ecg-id-database-1.0.0\Person_65\rec_2,rr_segment,2211,2561,2211,350,True,64,64,64,0.9808322191238403,64,0.9769062995910645,1,1,1
64,Person_65,rec_2,64_rec_2,7,C:\Users\User\Downloads\26-1_Capstone-main\26-1_Capstone-main\data\ecg-id-database-1.0.0\Person_65\rec_2,rr_segment,2561,2903,2561,342,True,64,64,64,0.9934146404266357,64,0.9795289039611816,1,1,1
64,Person_65,rec_2,64_rec_2,8,C:\Users\User\Downloads\26-1_Capstone-main\26-1_Capstone-main\data\ecg-id-database-1.0.0\Person_65\rec_2,rr_segment,2903,3254,2903,351,True,64,64,64,0.9965769052505493,64,0.9930788278579712,1,1,1
64,Person_65,rec_2,64_rec_2,9,C:\Users\User\Downloads\26-1_Capstone-main\26-1_Capstone-main\data\ecg-id-database-1.0.0\Person_65\rec_2,rr_segment,3254,3617,3254,363,True,64,64,64,0.9952895641326904,64,0.9923204183578491,1,1,1
64,Person_65,rec_2,64_rec_2,10,C:\Users\User\Downloads\26-1_Capstone-main\26-1_Capstone-main\data\ecg-id-database-1.0.0\Person_65\rec_2,rr_segment,3617,3987,3617,370,True,64,64,64,0.9902655482292175,64,0.9872265458106995,1,1,1
64,Person_65,rec_2,64_rec_2,11,C:\Users\User\Downloads\26-1_Capstone-main\26-1_Capstone-main\data\ecg-id-database-1.0.0\Person_65\rec_2,rr_segment,3987,4318,3987,331,True,64,64,64,0.9863196611404419,64,0.9709887504577637,1,1,1
64,Person_65,rec_2,64_rec_2,12,C:\Users\User\Downloads\26-1_Capstone-main\26-1_Capstone-main\data\ecg-id-database-1.0.0\Person_65\rec_2,rr_segment,4318,4670,4318,352,True,64,64,64,0.9935875535011292,64,0.9849554300308228,1,1,1
64,Person_65,rec_2,64_rec_2,13,C:\Users\User\Downloads\26-1_Capstone-main\26-1_Capstone-main\data\ecg-id-database-1.0.0\Person_65\rec_2,rr_segment,4670,4996,4670,326,True,64,64,64,0.9903449416160583,64,0.9712501764297485,1,1,1
64,Person_65,rec_2,64_rec_2,14,C:\Users\User\Downloads\26-1_Capstone-main\26-1_Capstone-main\data\ecg-id-database-1.0.0\Person_65\rec_2,rr_segment,4996,5335,4996,339,True,64,64,64,0.9912564754486084,64,0.9844157695770264,1,1,1
64,Person_65,rec_2,64_rec_2,15,C:\Users\User\Downloads\26-1_Capstone-main\26-1_Capstone-main\data\ecg-id-database-1.0.0\Person_65\rec_2,rr_segment,5335,5686,5335,351,True,64,64,64,0.9630844593048096,64,0.9434239864349365,1,1,1
64,Person_65,rec_2,64_rec_2,16,C:\Users\User\Downloads\26-1_Capstone-main\26-1_Capstone-main\data\ecg-id-database-1.0.0\Person_65\rec_2,rr_segment,5686,6019,5686,333,True,64,64,64,0.9097386598587036,64,0.8872158527374268,1,1,1
64,Person_65,rec_2,64_rec_2,17,C:\Users\User\Downloads\26-1_Capstone-main\26-1_Capstone-main\data\ecg-id-database-1.0.0\Person_65\rec_2,rr_segment,6019,6385,6019,366,True,64,64,64,0.9965819716453552,64,0.9921950697898865,1,1,1
64,Person_65,rec_2,64_rec_2,18,C:\Users\User\Downloads\26-1_Capstone-main\26-1_Capstone-main\data\ecg-id-database-1.0.0\Person_65\rec_2,rr_segment,6385,6725,6385,340,True,64,64,64,0.981905460357666,64,0.9690369367599487,1,1,1
64,Person_65,rec_2,64_rec_2,19,C:\Users\User\Downloads\26-1_Capstone-main\26-1_Capstone-main\data\ecg-id-database-1.0.0\Person_65\rec_2,rr_segment,6725,7052,6725,327,True,64,64,64,0.9729888439178467,64,0.9476076364517212,1,1,1
64,Person_65,rec_2,64_rec_2,20,C:\Users\User\Downloads\26-1_Capstone-main\26-1_Capstone-main\data\ecg-id-database-1.0.0\Person_65\rec_2,rr_segment,7052,7360,7052,308,True,64,64,64,0.9680190682411194,64,0.940619945526123,1,1,1
64,Person_65,rec_2,64_rec_2,21,C:\Users\User\Downloads\26-1_Capstone-main\26-1_Capstone-main\data\ecg-id-database-1.0.0\Person_65\rec_2,rr_segment,7360,7685,7360,325,True,64,64,64,0.9832174777984619,64,0.9642716646194458,1,1,1
64,Person_65,rec_2,64_rec_2,22,C:\Users\User\Downloads\26-1_Capstone-main\26-1_Capstone-main\data\ecg-id-database-1.0.0\Person_65\rec_2,rr_segment,7685,8033,7685,348,True,64,64,64,0.9957473874092102,64,0.989891529083252,1,1,1
64,Person_65,rec_2,64_rec_2,23,C:\Users\User\Downloads\26-1_Capstone-main\26-1_Capstone-main\data\ecg-id-database-1.0.0\Person_65\rec_2,rr_segment,8033,8376,8033,343,True,64,64,64,0.9956066012382507,64,0.9786034226417542,1,1,1
64,Person_65,rec_2,64_rec_2,24,C:\Users\User\Downloads\26-1_Capstone-main\26-1_Capstone-main\data\ecg-id-database-1.0.0\Person_65\rec_2,rr_segment,8376,8728,8376,352,True,64,64,64,0.9783206582069397,64,0.9741805195808411,1,1,1
64,Person_65,rec_2,64_rec_2,25,C:\Users\User\Downloads\26-1_Capstone-main\26-1_Capstone-main\data\ecg-id-database-1.0.0\Person_65\rec_2,rr_segment,8728,9031,8728,303,True,64,64,64,0.8663111329078674,64,0.8151034116744995,1,1,1
64,Person_65,rec_2,64_rec_2,28,C:\Users\User\Downloads\26-1_Capstone-main\26-1_Capstone-main\data\ecg-id-database-1.0.0\Person_65\rec_2,rr_segment,9593,9933,9593,340,True,64,64,64,0.9593123197555542,64,0.9277654886245728,1,1,1
65,Person_66,rec_1,65_rec_1,0,C:\Users\User\Downloads\26-1_Capstone-main\26-1_Capstone-main\data\ecg-id-database-1.0.0\Person_66\rec_1,rr_segment,417,730,417,313,True,65,79,71,0.8562712669372559,79,0.7765771746635437,0,0,0
65,Person_66,rec_1,65_rec_1,1,C:\Users\User\Downloads\26-1_Capstone-main\26-1_Capstone-main\data\ecg-id-database-1.0.0\Person_66\rec_1,rr_segment,730,1056,730,326,True,65,65,65,0.9381439089775085,65,0.8681200742721558,1,1,1
65,Person_66,rec_1,65_rec_1,4,C:\Users\User\Downloads\26-1_Capstone-main\26-1_Capstone-main\data\ecg-id-database-1.0.0\Person_66\rec_1,rr_segment,1773,2120,1773,347,True,65,65,65,0.9420278072357178,65,0.7494409084320068,1,1,1
65,Person_66,rec_1,65_rec_1,5,C:\Users\User\Downloads\26-1_Capstone-main\26-1_Capstone-main\data\ecg-id-database-1.0.0\Person_66\rec_1,rr_segment,2120,2466,2120,346,True,65,65,65,0.8517898917198181,65,0.7171965837478638,1,1,1
65,Person_66,rec_1,65_rec_1,7,C:\Users\User\Downloads\26-1_Capstone-main\26-1_Capstone-main\data\ecg-id-database-1.0.0\Person_66\rec_1,rr_segment,2825,3160,2825,335,True,65,65,65,0.9650639295578003,65,0.9509687423706055,1,1,1
65,Person_66,rec_1,65_rec_1,8,C:\Users\User\Downloads\26-1_Capstone-main\26-1_Capstone-main\data\ecg-id-database-1.0.0\Person_66\rec_1,rr_segment,3160,3480,3160,320,True,65,65,65,0.8904649019241333,65,0.8171738386154175,1,1,1
65,Person_66,rec_1,65_rec_1,9,C:\Users\User\Downloads\26-1_Capstone-main\26-1_Capstone-main\data\ecg-id-database-1.0.0\Person_66\rec_1,rr_segment,3480,3804,3480,324,True,65,65,65,0.9932554364204407,65,0.9905791878700256,1,1,1
65,Person_66,rec_1,65_rec_1,10,C:\Users\User\Downloads\26-1_Capstone-main\26-1_Capstone-main\data\ecg-id-database-1.0.0\Person_66\rec_1,rr_segment,3804,4137,3804,333,True,65,65,65,0.9792850017547607,65,0.9737964868545532,1,1,1
65,Person_66,rec_1,65_rec_1,11,C:\Users\User\Downloads\26-1_Capstone-main\26-1_Capstone-main\data\ecg-id-database-1.0.0\Person_66\rec_1,rr_segment,4137,4450,4137,313,True,65,65,65,0.9378711581230164,65,0.9152133464813232,1,1,1
65,Person_66,rec_1,65_rec_1,12,C:\Users\User\Downloads\26-1_Capstone-main\26-1_Capstone-main\data\ecg-id-database-1.0.0\Person_66\rec_1,rr_segment,4450,4757,4450,307,True,65,58,58,0.7980319261550903,58,0.7221707105636597,0,0,0
65,Person_66,rec_1,65_rec_1,13,C:\Users\User\Downloads\26-1_Capstone-main\26-1_Capstone-main\data\ecg-id-database-1.0.0\Person_66\rec_1,rr_segment,4757,5061,4757,304,True,65,58,58,0.8577084541320801,58,0.7333943843841553,0,0,0
65,Person_66,rec_1,65_rec_1,14,C:\Users\User\Downloads\26-1_Capstone-main\26-1_Capstone-main\data\ecg-id-database-1.0.0\Person_66\rec_1,rr_segment,5061,5358,5061,297,True,65,65,65,0.8667817115783691,65,0.8459115028381348,1,1,1
65,Person_66,rec_1,65_rec_1,15,C:\Users\User\Downloads\26-1_Capstone-main\26-1_Capstone-main\data\ecg-id-database-1.0.0\Person_66\rec_1,rr_segment,5358,5652,5358,294,True,65,75,75,0.8550717830657959,75,0.8067957162857056,0,0,0
65,Person_66,rec_1,65_rec_1,16,C:\Users\User\Downloads\26-1_Capstone-main\26-1_Capstone-main\data\ecg-id-database-1.0.0\Person_66\rec_1,rr_segment,5652,5940,5652,288,True,65,71,71,0.8427523374557495,71,0.8062840104103088,0,0,0
65,Person_66,rec_1,65_rec_1,17,C:\Users\User\Downloads\26-1_Capstone-main\26-1_Capstone-main\data\ecg-id-database-1.0.0\Person_66\rec_1,rr_segment,5940,6233,5940,293,True,65,71,71,0.8531206846237183,71,0.7921288013458252,0,0,0
65,Person_66,rec_1,65_rec_1,18,C:\Users\User\Downloads\26-1_Capstone-main\26-1_Capstone-main\data\ecg-id-database-1.0.0\Person_66\rec_1,rr_segment,6233,6546,6233,313,True,65,65,65,0.9581984877586365,65,0.9444586634635925,1,1,1
65,Person_66,rec_1,65_rec_1,19,C:\Users\User\Downloads\26-1_Capstone-main\26-1_Capstone-main\data\ecg-id-database-1.0.0\Person_66\rec_1,rr_segment,6546,6891,6546,345,True,65,65,65,0.9927811026573181,65,0.9851908683776855,1,1,1
65,Person_66,rec_1,65_rec_1,20,C:\Users\User\Downloads\26-1_Capstone-main\26-1_Capstone-main\data\ecg-id-database-1.0.0\Person_66\rec_1,rr_segment,6891,7240,6891,349,True,65,65,65,0.9854781627655029,65,0.9805688858032227,1,1,1
65,Person_66,rec_1,65_rec_1,21,C:\Users\User\Downloads\26-1_Capstone-main\26-1_Capstone-main\data\ecg-id-database-1.0.0\Person_66\rec_1,rr_segment,7240,7562,7240,322,True,65,65,65,0.9957618713378906,65,0.9780934453010559,1,1,1
65,Person_66,rec_1,65_rec_1,22,C:\Users\User\Downloads\26-1_Capstone-main\26-1_Capstone-main\data\ecg-id-database-1.0.0\Person_66\rec_1,rr_segment,7562,7895,7562,333,True,65,65,65,0.9918531775474548,65,0.9912000894546509,1,1,1
65,Person_66,rec_1,65_rec_1,23,C:\Users\User\Downloads\26-1_Capstone-main\26-1_Capstone-main\data\ecg-id-database-1.0.0\Person_66\rec_1,rr_segment,7895,8228,7895,333,True,65,65,65,0.94398432970047,65,0.9020654559135437,1,1,1
65,Person_66,rec_1,65_rec_1,24,C:\Users\User\Downloads\26-1_Capstone-main\26-1_Capstone-main\data\ecg-id-database-1.0.0\Person_66\rec_1,rr_segment,8228,8542,8228,314,True,65,65,65,0.982759416103363,65,0.9706417322158813,1,1,1
65,Person_66,rec_1,65_rec_1,25,C:\Users\User\Downloads\26-1_Capstone-main\26-1_Capstone-main\data\ecg-id-database-1.0.0\Person_66\rec_1,rr_segment,8542,8832,8542,290,True,65,65,65,0.8251045942306519,65,0.7922345399856567,1,1,1
65,Person_66,rec_1,65_rec_1,28,C:\Users\User\Downloads\26-1_Capstone-main\26-1_Capstone-main\data\ecg-id-database-1.0.0\Person_66\rec_1,rr_segment,9384,9675,9384,291,True,65,65,65,0.8546034097671509,65,0.7214921712875366,1,1,1
66,Person_67,rec_3,66_rec_3,0,C:\Users\User\Downloads\26-1_Capstone-main\26-1_Capstone-main\data\ecg-id-database-1.0.0\Person_67\rec_3,rr_segment,345,887,345,542,True,66,26,26,0.9214000701904297,26,0.8624467253684998,0,0,0
66,Person_67,rec_3,66_rec_3,1,C:\Users\User\Downloads\26-1_Capstone-main\26-1_Capstone-main\data\ecg-id-database-1.0.0\Person_67\rec_3,rr_segment,887,1432,887,545,True,66,26,26,0.9046188592910767,26,0.8444398641586304,0,0,0
66,Person_67,rec_3,66_rec_3,2,C:\Users\User\Downloads\26-1_Capstone-main\26-1_Capstone-main\data\ecg-id-database-1.0.0\Person_67\rec_3,rr_segment,1432,1970,1432,538,True,66,26,26,0.9251052141189575,26,0.8691151142120361,0,0,0
66,Person_67,rec_3,66_rec_3,3,C:\Users\User\Downloads\26-1_Capstone-main\26-1_Capstone-main\data\ecg-id-database-1.0.0\Person_67\rec_3,rr_segment,1970,2510,1970,540,True,66,26,26,0.9188324213027954,26,0.8621211051940918,0,0,0
66,Person_67,rec_3,66_rec_3,4,C:\Users\User\Downloads\26-1_Capstone-main\26-1_Capstone-main\data\ecg-id-database-1.0.0\Person_67\rec_3,rr_segment,2510,3047,2510,537,True,66,26,26,0.9006829857826233,26,0.8457683324813843,0,0,0
66,Person_67,rec_3,66_rec_3,5,C:\Users\User\Downloads\26-1_Capstone-main\26-1_Capstone-main\data\ecg-id-database-1.0.0\Person_67\rec_3,rr_segment,3047,3574,3047,527,True,66,26,26,0.9130147099494934,26,0.8373597860336304,0,0,0
66,Person_67,rec_3,66_rec_3,6,C:\Users\User\Downloads\26-1_Capstone-main\26-1_Capstone-main\data\ecg-id-database-1.0.0\Person_67\rec_3,rr_segment,3574,4101,3574,527,True,66,66,66,0.880745530128479,66,0.818584680557251,1,1,1
66,Person_67,rec_3,66_rec_3,7,C:\Users\User\Downloads\26-1_Capstone-main\26-1_Capstone-main\data\ecg-id-database-1.0.0\Person_67\rec_3,rr_segment,4101,4624,4101,523,True,66,26,26,0.9231631755828857,26,0.8654676675796509,0,0,0
66,Person_67,rec_3,66_rec_3,8,C:\Users\User\Downloads\26-1_Capstone-main\26-1_Capstone-main\data\ecg-id-database-1.0.0\Person_67\rec_3,rr_segment,4624,5127,4624,503,True,66,66,66,0.9047806262969971,66,0.8465795516967773,1,1,1
66,Person_67,rec_3,66_rec_3,9,C:\Users\User\Downloads\26-1_Capstone-main\26-1_Capstone-main\data\ecg-id-database-1.0.0\Person_67\rec_3,rr_segment,5127,5647,5127,520,True,66,26,26,0.9212443828582764,26,0.8660693764686584,0,0,0
66,Person_67,rec_3,66_rec_3,10,C:\Users\User\Downloads\26-1_Capstone-main\26-1_Capstone-main\data\ecg-id-database-1.0.0\Person_67\rec_3,rr_segment,5647,6162,5647,515,True,66,66,26,0.8982217311859131,66,0.8273481726646423,1,0,1
66,Person_67,rec_3,66_rec_3,11,C:\Users\User\Downloads\26-1_Capstone-main\26-1_Capstone-main\data\ecg-id-database-1.0.0\Person_67\rec_3,rr_segment,6162,6705,6162,543,True,66,26,26,0.9077966213226318,26,0.853366494178772,0,0,0
66,Person_67,rec_3,66_rec_3,12,C:\Users\User\Downloads\26-1_Capstone-main\26-1_Capstone-main\data\ecg-id-database-1.0.0\Person_67\rec_3,rr_segment,6705,7257,6705,552,True,66,26,26,0.8850324153900146,26,0.8024983406066895,0,0,0
66,Person_67,rec_3,66_rec_3,13,C:\Users\User\Downloads\26-1_Capstone-main\26-1_Capstone-main\data\ecg-id-database-1.0.0\Person_67\rec_3,rr_segment,7257,7809,7257,552,True,66,26,26,0.8767388463020325,26,0.8258988857269287,0,0,0
66,Person_67,rec_3,66_rec_3,14,C:\Users\User\Downloads\26-1_Capstone-main\26-1_Capstone-main\data\ecg-id-database-1.0.0\Person_67\rec_3,rr_segment,7809,8330,7809,521,True,66,66,66,0.894158124923706,66,0.830893874168396,1,1,1
66,Person_67,rec_3,66_rec_3,15,C:\Users\User\Downloads\26-1_Capstone-main\26-1_Capstone-main\data\ecg-id-database-1.0.0\Person_67\rec_3,rr_segment,8330,8847,8330,517,True,66,26,26,0.9377674460411072,26,0.8840510845184326,0,0,0
66,Person_67,rec_3,66_rec_3,16,C:\Users\User\Downloads\26-1_Capstone-main\26-1_Capstone-main\data\ecg-id-database-1.0.0\Person_67\rec_3,rr_segment,8847,9353,8847,506,True,66,66,26,0.8981224298477173,66,0.8207457065582275,1,0,1
67,Person_68,rec_1,67_rec_1,0,C:\Users\User\Downloads\26-1_Capstone-main\26-1_Capstone-main\data\ecg-id-database-1.0.0\Person_68\rec_1,rr_segment,461,779,461,318,True,67,67,67,0.8369297385215759,67,0.7964272499084473,1,1,1
67,Person_68,rec_1,67_rec_1,2,C:\Users\User\Downloads\26-1_Capstone-main\26-1_Capstone-main\data\ecg-id-database-1.0.0\Person_68\rec_1,rr_segment,1094,1413,1094,319,True,67,67,67,0.9761823415756226,67,0.9536479711532593,1,1,1
67,Person_68,rec_1,67_rec_1,5,C:\Users\User\Downloads\26-1_Capstone-main\26-1_Capstone-main\data\ecg-id-database-1.0.0\Person_68\rec_1,rr_segment,2037,2356,2037,319,True,67,67,67,0.9963061213493347,67,0.9840211868286133,1,1,1
67,Person_68,rec_1,67_rec_1,6,C:\Users\User\Downloads\26-1_Capstone-main\26-1_Capstone-main\data\ecg-id-database-1.0.0\Person_68\rec_1,rr_segment,2356,2690,2356,334,True,67,67,67,0.9819673299789429,67,0.9776999354362488,1,1,1
67,Person_68,rec_1,67_rec_1,7,C:\Users\User\Downloads\26-1_Capstone-main\26-1_Capstone-main\data\ecg-id-database-1.0.0\Person_68\rec_1,rr_segment,2690,3036,2690,346,True,67,67,67,0.9939825534820557,67,0.9864833950996399,1,1,1
67,Person_68,rec_1,67_rec_1,8,C:\Users\User\Downloads\26-1_Capstone-main\26-1_Capstone-main\data\ecg-id-database-1.0.0\Person_68\rec_1,rr_segment,3036,3375,3036,339,True,67,67,67,0.9906203746795654,67,0.9774567484855652,1,1,1
67,Person_68,rec_1,67_rec_1,9,C:\Users\User\Downloads\26-1_Capstone-main\26-1_Capstone-main\data\ecg-id-database-1.0.0\Person_68\rec_1,rr_segment,3375,3721,3375,346,True,67,67,67,0.9889824390411377,67,0.9768792390823364,1,1,1
67,Person_68,rec_1,67_rec_1,10,C:\Users\User\Downloads\26-1_Capstone-main\26-1_Capstone-main\data\ecg-id-database-1.0.0\Person_68\rec_1,rr_segment,3721,4065,3721,344,True,67,67,67,0.9945062398910522,67,0.9857931137084961,1,1,1
67,Person_68,rec_1,67_rec_1,11,C:\Users\User\Downloads\26-1_Capstone-main\26-1_Capstone-main\data\ecg-id-database-1.0.0\Person_68\rec_1,rr_segment,4065,4410,4065,345,True,67,67,67,0.9944369792938232,67,0.9895991683006287,1,1,1
67,Person_68,rec_1,67_rec_1,12,C:\Users\User\Downloads\26-1_Capstone-main\26-1_Capstone-main\data\ecg-id-database-1.0.0\Person_68\rec_1,rr_segment,4410,4740,4410,330,True,67,67,67,0.9900141954421997,67,0.9771378040313721,1,1,1
67,Person_68,rec_1,67_rec_1,13,C:\Users\User\Downloads\26-1_Capstone-main\26-1_Capstone-main\data\ecg-id-database-1.0.0\Person_68\rec_1,rr_segment,4740,5073,4740,333,True,67,67,67,0.9967706203460693,67,0.99196457862854,1,1,1
67,Person_68,rec_1,67_rec_1,14,C:\Users\User\Downloads\26-1_Capstone-main\26-1_Capstone-main\data\ecg-id-database-1.0.0\Person_68\rec_1,rr_segment,5073,5406,5073,333,True,67,67,67,0.9967129230499268,67,0.9907722473144531,1,1,1
67,Person_68,rec_1,67_rec_1,15,C:\Users\User\Downloads\26-1_Capstone-main\26-1_Capstone-main\data\ecg-id-database-1.0.0\Person_68\rec_1,rr_segment,5406,5740,5406,334,True,67,67,67,0.9942807555198669,67,0.9951883554458618,1,1,1
67,Person_68,rec_1,67_rec_1,16,C:\Users\User\Downloads\26-1_Capstone-main\26-1_Capstone-main\data\ecg-id-database-1.0.0\Person_68\rec_1,rr_segment,5740,6068,5740,328,True,67,67,67,0.9984945058822632,67,0.9950095415115356,1,1,1
67,Person_68,rec_1,67_rec_1,17,C:\Users\User\Downloads\26-1_Capstone-main\26-1_Capstone-main\data\ecg-id-database-1.0.0\Person_68\rec_1,rr_segment,6068,6396,6068,328,True,67,67,67,0.9716477394104004,67,0.95551598072052,1,1,1
67,Person_68,rec_1,67_rec_1,18,C:\Users\User\Downloads\26-1_Capstone-main\26-1_Capstone-main\data\ecg-id-database-1.0.0\Person_68\rec_1,rr_segment,6396,6735,6396,339,True,67,67,67,0.9949202537536621,67,0.9950613975524902,1,1,1
67,Person_68,rec_1,67_rec_1,19,C:\Users\User\Downloads\26-1_Capstone-main\26-1_Capstone-main\data\ecg-id-database-1.0.0\Person_68\rec_1,rr_segment,6735,7080,6735,345,True,67,67,67,0.9917638897895813,67,0.984542727470398,1,1,1
67,Person_68,rec_1,67_rec_1,20,C:\Users\User\Downloads\26-1_Capstone-main\26-1_Capstone-main\data\ecg-id-database-1.0.0\Person_68\rec_1,rr_segment,7080,7425,7080,345,True,67,67,67,0.9741989374160767,67,0.9580339193344116,1,1,1
67,Person_68,rec_1,67_rec_1,21,C:\Users\User\Downloads\26-1_Capstone-main\26-1_Capstone-main\data\ecg-id-database-1.0.0\Person_68\rec_1,rr_segment,7425,7761,7425,336,True,67,67,67,0.9956024289131165,67,0.9952730536460876,1,1,1
67,Person_68,rec_1,67_rec_1,22,C:\Users\User\Downloads\26-1_Capstone-main\26-1_Capstone-main\data\ecg-id-database-1.0.0\Person_68\rec_1,rr_segment,7761,8105,7761,344,True,67,67,67,0.9930694103240967,67,0.9865893721580505,1,1,1
67,Person_68,rec_1,67_rec_1,23,C:\Users\User\Downloads\26-1_Capstone-main\26-1_Capstone-main\data\ecg-id-database-1.0.0\Person_68\rec_1,rr_segment,8105,8449,8105,344,True,67,67,67,0.9939827919006348,67,0.9900327920913696,1,1,1
67,Person_68,rec_1,67_rec_1,24,C:\Users\User\Downloads\26-1_Capstone-main\26-1_Capstone-main\data\ecg-id-database-1.0.0\Person_68\rec_1,rr_segment,8449,8783,8449,334,True,67,67,67,0.9708386659622192,67,0.9573115110397339,1,1,1
67,Person_68,rec_1,67_rec_1,25,C:\Users\User\Downloads\26-1_Capstone-main\26-1_Capstone-main\data\ecg-id-database-1.0.0\Person_68\rec_1,rr_segment,8783,9105,8783,322,True,67,67,67,0.9962090849876404,67,0.992478609085083,1,1,1
67,Person_68,rec_1,67_rec_1,26,C:\Users\User\Downloads\26-1_Capstone-main\26-1_Capstone-main\data\ecg-id-database-1.0.0\Person_68\rec_1,rr_segment,9105,9434,9105,329,True,67,67,67,0.9933796525001526,67,0.988254964351654,1,1,1
67,Person_68,rec_1,67_rec_1,27,C:\Users\User\Downloads\26-1_Capstone-main\26-1_Capstone-main\data\ecg-id-database-1.0.0\Person_68\rec_1,rr_segment,9434,9766,9434,332,True,67,67,67,0.9677433967590332,67,0.9566832780838013,1,1,1
68,Person_69,rec_2,68_rec_2,0,C:\Users\User\Downloads\26-1_Capstone-main\26-1_Capstone-main\data\ecg-id-database-1.0.0\Person_69\rec_2,rr_segment,475,828,475,353,True,68,68,68,0.9455934166908264,68,0.9094440937042236,1,1,1
68,Person_69,rec_2,68_rec_2,1,C:\Users\User\Downloads\26-1_Capstone-main\26-1_Capstone-main\data\ecg-id-database-1.0.0\Person_69\rec_2,rr_segment,828,1176,828,348,True,68,68,68,0.9845658540725708,68,0.9349358677864075,1,1,1
68,Person_69,rec_2,68_rec_2,2,C:\Users\User\Downloads\26-1_Capstone-main\26-1_Capstone-main\data\ecg-id-database-1.0.0\Person_69\rec_2,rr_segment,1176,1538,1176,362,True,68,25,68,0.730442225933075,25,0.6299251317977905,0,1,0
68,Person_69,rec_2,68_rec_2,3,C:\Users\User\Downloads\26-1_Capstone-main\26-1_Capstone-main\data\ecg-id-database-1.0.0\Person_69\rec_2,rr_segment,1538,1910,1538,372,True,68,39,39,0.8705538511276245,39,0.8161592483520508,0,0,0
68,Person_69,rec_2,68_rec_2,4,C:\Users\User\Downloads\26-1_Capstone-main\26-1_Capstone-main\data\ecg-id-database-1.0.0\Person_69\rec_2,rr_segment,1910,2271,1910,361,True,68,25,68,0.766650378704071,84,0.6151951551437378,0,1,0
68,Person_69,rec_2,68_rec_2,5,C:\Users\User\Downloads\26-1_Capstone-main\26-1_Capstone-main\data\ecg-id-database-1.0.0\Person_69\rec_2,rr_segment,2271,2612,2271,341,True,68,68,68,0.8349859118461609,68,0.7739697694778442,1,1,1
68,Person_69,rec_2,68_rec_2,6,C:\Users\User\Downloads\26-1_Capstone-main\26-1_Capstone-main\data\ecg-id-database-1.0.0\Person_69\rec_2,rr_segment,2612,2940,2612,328,True,68,68,68,0.8084352016448975,68,0.7712690830230713,1,1,1
68,Person_69,rec_2,68_rec_2,7,C:\Users\User\Downloads\26-1_Capstone-main\26-1_Capstone-main\data\ecg-id-database-1.0.0\Person_69\rec_2,rr_segment,2940,3268,2940,328,True,68,68,68,0.8578861951828003,68,0.8097056150436401,1,1,1
68,Person_69,rec_2,68_rec_2,8,C:\Users\User\Downloads\26-1_Capstone-main\26-1_Capstone-main\data\ecg-id-database-1.0.0\Person_69\rec_2,rr_segment,3268,3615,3268,347,True,68,68,68,0.8221630454063416,68,0.6930455565452576,1,1,1
68,Person_69,rec_2,68_rec_2,11,C:\Users\User\Downloads\26-1_Capstone-main\26-1_Capstone-main\data\ecg-id-database-1.0.0\Person_69\rec_2,rr_segment,4115,4529,4115,414,True,68,25,18,0.6500051021575928,25,0.5720916390419006,0,0,0
68,Person_69,rec_2,68_rec_2,12,C:\Users\User\Downloads\26-1_Capstone-main\26-1_Capstone-main\data\ecg-id-database-1.0.0\Person_69\rec_2,rr_segment,4529,4925,4529,396,True,68,25,25,0.848753809928894,25,0.7661178112030029,0,0,0
68,Person_69,rec_2,68_rec_2,13,C:\Users\User\Downloads\26-1_Capstone-main\26-1_Capstone-main\data\ecg-id-database-1.0.0\Person_69\rec_2,rr_segment,4925,5298,4925,373,True,68,84,84,0.9029644131660461,84,0.8786682486534119,0,0,0
68,Person_69,rec_2,68_rec_2,14,C:\Users\User\Downloads\26-1_Capstone-main\26-1_Capstone-main\data\ecg-id-database-1.0.0\Person_69\rec_2,rr_segment,5298,5658,5298,360,True,68,25,25,0.7457696795463562,25,0.6382545232772827,0,0,0
68,Person_69,rec_2,68_rec_2,15,C:\Users\User\Downloads\26-1_Capstone-main\26-1_Capstone-main\data\ecg-id-database-1.0.0\Person_69\rec_2,rr_segment,5658,6002,5658,344,True,68,70,70,0.7915242314338684,70,0.6108365654945374,0,0,0
68,Person_69,rec_2,68_rec_2,16,C:\Users\User\Downloads\26-1_Capstone-main\26-1_Capstone-main\data\ecg-id-database-1.0.0\Person_69\rec_2,rr_segment,6002,6322,6002,320,True,68,42,42,0.8650003671646118,42,0.758235514163971,0,0,0
68,Person_69,rec_2,68_rec_2,17,C:\Users\User\Downloads\26-1_Capstone-main\26-1_Capstone-main\data\ecg-id-database-1.0.0\Person_69\rec_2,rr_segment,6322,6642,6322,320,True,68,68,68,0.8622190952301025,68,0.840827465057373,1,1,1
68,Person_69,rec_2,68_rec_2,18,C:\Users\User\Downloads\26-1_Capstone-main\26-1_Capstone-main\data\ecg-id-database-1.0.0\Person_69\rec_2,rr_segment,6642,6982,6642,340,True,68,68,68,0.9419015645980835,68,0.9305700063705444,1,1,1
68,Person_69,rec_2,68_rec_2,19,C:\Users\User\Downloads\26-1_Capstone-main\26-1_Capstone-main\data\ecg-id-database-1.0.0\Person_69\rec_2,rr_segment,6982,7383,6982,401,True,68,31,31,0.8532100915908813,31,0.7902449369430542,0,0,0
68,Person_69,rec_2,68_rec_2,22,C:\Users\User\Downloads\26-1_Capstone-main\26-1_Capstone-main\data\ecg-id-database-1.0.0\Person_69\rec_2,rr_segment,8243,8640,8243,397,True,68,84,68,0.8806911706924438,84,0.7512246370315552,0,1,0
68,Person_69,rec_2,68_rec_2,23,C:\Users\User\Downloads\26-1_Capstone-main\26-1_Capstone-main\data\ecg-id-database-1.0.0\Person_69\rec_2,rr_segment,8640,9002,8640,362,True,68,84,84,0.7975224852561951,84,0.7619392275810242,0,0,0
68,Person_69,rec_2,68_rec_2,24,C:\Users\User\Downloads\26-1_Capstone-main\26-1_Capstone-main\data\ecg-id-database-1.0.0\Person_69\rec_2,rr_segment,9002,9342,9002,340,True,68,84,56,0.8375628590583801,84,0.8069608211517334,0,0,0
68,Person_69,rec_2,68_rec_2,25,C:\Users\User\Downloads\26-1_Capstone-main\26-1_Capstone-main\data\ecg-id-database-1.0.0\Person_69\rec_2,rr_segment,9342,9669,9342,327,True,68,84,56,0.8742513656616211,84,0.8251615762710571,0,0,0
69,Person_70,rec_1,69_rec_1,0,C:\Users\User\Downloads\26-1_Capstone-main\26-1_Capstone-main\data\ecg-id-database-1.0.0\Person_70\rec_1,rr_segment,246,681,246,435,True,69,69,69,0.9217502474784851,69,0.9020705223083496,1,1,1
69,Person_70,rec_1,69_rec_1,1,C:\Users\User\Downloads\26-1_Capstone-main\26-1_Capstone-main\data\ecg-id-database-1.0.0\Person_70\rec_1,rr_segment,681,1113,681,432,True,69,69,69,0.724632978439331,69,0.6941099762916565,1,1,1
69,Person_70,rec_1,69_rec_1,3,C:\Users\User\Downloads\26-1_Capstone-main\26-1_Capstone-main\data\ecg-id-database-1.0.0\Person_70\rec_1,rr_segment,1489,1894,1489,405,True,69,60,60,0.7719062566757202,60,0.7048448324203491,0,0,0
69,Person_70,rec_1,69_rec_1,4,C:\Users\User\Downloads\26-1_Capstone-main\26-1_Capstone-main\data\ecg-id-database-1.0.0\Person_70\rec_1,rr_segment,1894,2335,1894,441,True,69,69,69,0.8693222403526306,69,0.8342610597610474,1,1,1
69,Person_70,rec_1,69_rec_1,5,C:\Users\User\Downloads\26-1_Capstone-main\26-1_Capstone-main\data\ecg-id-database-1.0.0\Person_70\rec_1,rr_segment,2335,2765,2335,430,True,69,69,69,0.8642107844352722,69,0.8337905406951904,1,1,1
69,Person_70,rec_1,69_rec_1,6,C:\Users\User\Downloads\26-1_Capstone-main\26-1_Capstone-main\data\ecg-id-database-1.0.0\Person_70\rec_1,rr_segment,2765,3227,2765,462,True,69,69,62,0.7808753848075867,69,0.7218704223632812,1,0,1
69,Person_70,rec_1,69_rec_1,8,C:\Users\User\Downloads\26-1_Capstone-main\26-1_Capstone-main\data\ecg-id-database-1.0.0\Person_70\rec_1,rr_segment,3728,4169,3728,441,True,69,69,69,0.8803590536117554,69,0.8521918058395386,1,1,1
69,Person_70,rec_1,69_rec_1,9,C:\Users\User\Downloads\26-1_Capstone-main\26-1_Capstone-main\data\ecg-id-database-1.0.0\Person_70\rec_1,rr_segment,4169,4594,4169,425,True,69,69,69,0.7330847978591919,69,0.6892656087875366,1,1,1
69,Person_70,rec_1,69_rec_1,10,C:\Users\User\Downloads\26-1_Capstone-main\26-1_Capstone-main\data\ecg-id-database-1.0.0\Person_70\rec_1,rr_segment,4594,5064,4594,470,True,69,69,69,0.8761953711509705,69,0.8460507392883301,1,1,1
69,Person_70,rec_1,69_rec_1,11,C:\Users\User\Downloads\26-1_Capstone-main\26-1_Capstone-main\data\ecg-id-database-1.0.0\Person_70\rec_1,rr_segment,5064,5472,5064,408,True,69,69,69,0.7138018608093262,69,0.6834415197372437,1,1,1
69,Person_70,rec_1,69_rec_1,12,C:\Users\User\Downloads\26-1_Capstone-main\26-1_Capstone-main\data\ecg-id-database-1.0.0\Person_70\rec_1,rr_segment,5472,5881,5472,409,True,69,60,60,0.6663880348205566,60,0.5670642852783203,0,0,0
69,Person_70,rec_1,69_rec_1,13,C:\Users\User\Downloads\26-1_Capstone-main\26-1_Capstone-main\data\ecg-id-database-1.0.0\Person_70\rec_1,rr_segment,5881,6307,5881,426,True,69,60,60,0.658038854598999,60,0.575528621673584,0,0,0
69,Person_70,rec_1,69_rec_1,15,C:\Users\User\Downloads\26-1_Capstone-main\26-1_Capstone-main\data\ecg-id-database-1.0.0\Person_70\rec_1,rr_segment,6686,7135,6686,449,True,69,69,69,0.7719231843948364,69,0.7298796772956848,1,1,1
69,Person_70,rec_1,69_rec_1,17,C:\Users\User\Downloads\26-1_Capstone-main\26-1_Capstone-main\data\ecg-id-database-1.0.0\Person_70\rec_1,rr_segment,7618,8035,7618,417,True,69,69,69,0.7163776159286499,69,0.6807271242141724,1,1,1
69,Person_70,rec_1,69_rec_1,18,C:\Users\User\Downloads\26-1_Capstone-main\26-1_Capstone-main\data\ecg-id-database-1.0.0\Person_70\rec_1,rr_segment,8035,8489,8035,454,True,69,69,69,0.7193958163261414,69,0.6742281913757324,1,1,1
69,Person_70,rec_1,69_rec_1,19,C:\Users\User\Downloads\26-1_Capstone-main\26-1_Capstone-main\data\ecg-id-database-1.0.0\Person_70\rec_1,rr_segment,8489,8931,8489,442,True,69,69,69,0.896064043045044,69,0.8615904450416565,1,1,1
69,Person_70,rec_1,69_rec_1,21,C:\Users\User\Downloads\26-1_Capstone-main\26-1_Capstone-main\data\ecg-id-database-1.0.0\Person_70\rec_1,rr_segment,9305,9708,9305,403,True,69,69,42,0.669857382774353,69,0.5976325273513794,1,0,1
70,Person_71,rec_2,70_rec_2,1,C:\Users\User\Downloads\26-1_Capstone-main\26-1_Capstone-main\data\ecg-id-database-1.0.0\Person_71\rec_2,rr_segment,878,1234,878,356,True,70,60,60,0.8876841068267822,60,0.7538847923278809,0,0,0
70,Person_71,rec_2,70_rec_2,2,C:\Users\User\Downloads\26-1_Capstone-main\26-1_Capstone-main\data\ecg-id-database-1.0.0\Person_71\rec_2,rr_segment,1234,1591,1234,357,True,70,70,70,0.9219019412994385,70,0.8579179048538208,1,1,1
70,Person_71,rec_2,70_rec_2,3,C:\Users\User\Downloads\26-1_Capstone-main\26-1_Capstone-main\data\ecg-id-database-1.0.0\Person_71\rec_2,rr_segment,1591,1970,1591,379,True,70,70,70,0.9935349822044373,70,0.9921347498893738,1,1,1
70,Person_71,rec_2,70_rec_2,4,C:\Users\User\Downloads\26-1_Capstone-main\26-1_Capstone-main\data\ecg-id-database-1.0.0\Person_71\rec_2,rr_segment,1970,2324,1970,354,True,70,70,70,0.9820581078529358,70,0.976003885269165,1,1,1
70,Person_71,rec_2,70_rec_2,5,C:\Users\User\Downloads\26-1_Capstone-main\26-1_Capstone-main\data\ecg-id-database-1.0.0\Person_71\rec_2,rr_segment,2324,2672,2324,348,True,70,70,70,0.8724768161773682,70,0.795712947845459,1,1,1
70,Person_71,rec_2,70_rec_2,6,C:\Users\User\Downloads\26-1_Capstone-main\26-1_Capstone-main\data\ecg-id-database-1.0.0\Person_71\rec_2,rr_segment,2672,3040,2672,368,True,70,70,70,0.9884925484657288,70,0.9799052476882935,1,1,1
70,Person_71,rec_2,70_rec_2,8,C:\Users\User\Downloads\26-1_Capstone-main\26-1_Capstone-main\data\ecg-id-database-1.0.0\Person_71\rec_2,rr_segment,3423,3797,3423,374,True,70,70,70,0.9866350889205933,70,0.9844911694526672,1,1,1
70,Person_71,rec_2,70_rec_2,9,C:\Users\User\Downloads\26-1_Capstone-main\26-1_Capstone-main\data\ecg-id-database-1.0.0\Person_71\rec_2,rr_segment,3797,4162,3797,365,True,70,70,70,0.9822341203689575,70,0.9682597517967224,1,1,1
70,Person_71,rec_2,70_rec_2,10,C:\Users\User\Downloads\26-1_Capstone-main\26-1_Capstone-main\data\ecg-id-database-1.0.0\Person_71\rec_2,rr_segment,4162,4532,4162,370,True,70,70,70,0.9941959381103516,70,0.9899917840957642,1,1,1
70,Person_71,rec_2,70_rec_2,11,C:\Users\User\Downloads\26-1_Capstone-main\26-1_Capstone-main\data\ecg-id-database-1.0.0\Person_71\rec_2,rr_segment,4532,4898,4532,366,True,70,70,70,0.9829246997833252,70,0.9721207022666931,1,1,1
70,Person_71,rec_2,70_rec_2,12,C:\Users\User\Downloads\26-1_Capstone-main\26-1_Capstone-main\data\ecg-id-database-1.0.0\Person_71\rec_2,rr_segment,4898,5250,4898,352,True,70,70,70,0.9839438796043396,70,0.9667278528213501,1,1,1
70,Person_71,rec_2,70_rec_2,13,C:\Users\User\Downloads\26-1_Capstone-main\26-1_Capstone-main\data\ecg-id-database-1.0.0\Person_71\rec_2,rr_segment,5250,5601,5250,351,True,70,70,70,0.9848472476005554,70,0.9477612376213074,1,1,1
70,Person_71,rec_2,70_rec_2,14,C:\Users\User\Downloads\26-1_Capstone-main\26-1_Capstone-main\data\ecg-id-database-1.0.0\Person_71\rec_2,rr_segment,5601,5944,5601,343,True,70,70,70,0.979465126991272,70,0.9297734498977661,1,1,1
70,Person_71,rec_2,70_rec_2,17,C:\Users\User\Downloads\26-1_Capstone-main\26-1_Capstone-main\data\ecg-id-database-1.0.0\Person_71\rec_2,rr_segment,6603,6940,6603,337,True,70,70,70,0.9850382804870605,70,0.978574812412262,1,1,1
70,Person_71,rec_2,70_rec_2,18,C:\Users\User\Downloads\26-1_Capstone-main\26-1_Capstone-main\data\ecg-id-database-1.0.0\Person_71\rec_2,rr_segment,6940,7310,6940,370,True,70,70,70,0.9900569915771484,70,0.986862301826477,1,1,1
70,Person_71,rec_2,70_rec_2,19,C:\Users\User\Downloads\26-1_Capstone-main\26-1_Capstone-main\data\ecg-id-database-1.0.0\Person_71\rec_2,rr_segment,7310,7665,7310,355,True,70,70,70,0.9869633316993713,70,0.9839719533920288,1,1,1
70,Person_71,rec_2,70_rec_2,20,C:\Users\User\Downloads\26-1_Capstone-main\26-1_Capstone-main\data\ecg-id-database-1.0.0\Person_71\rec_2,rr_segment,7665,8013,7665,348,True,70,70,70,0.9734027981758118,70,0.9508910179138184,1,1,1
70,Person_71,rec_2,70_rec_2,21,C:\Users\User\Downloads\26-1_Capstone-main\26-1_Capstone-main\data\ecg-id-database-1.0.0\Person_71\rec_2,rr_segment,8013,8365,8013,352,True,70,70,70,0.9896990060806274,70,0.9852433204650879,1,1,1
70,Person_71,rec_2,70_rec_2,22,C:\Users\User\Downloads\26-1_Capstone-main\26-1_Capstone-main\data\ecg-id-database-1.0.0\Person_71\rec_2,rr_segment,8365,8737,8365,372,True,70,70,70,0.9800373315811157,70,0.9715378284454346,1,1,1
70,Person_71,rec_2,70_rec_2,23,C:\Users\User\Downloads\26-1_Capstone-main\26-1_Capstone-main\data\ecg-id-database-1.0.0\Person_71\rec_2,rr_segment,8737,9091,8737,354,True,70,70,70,0.9762767553329468,70,0.9685889482498169,1,1,1
70,Person_71,rec_2,70_rec_2,24,C:\Users\User\Downloads\26-1_Capstone-main\26-1_Capstone-main\data\ecg-id-database-1.0.0\Person_71\rec_2,rr_segment,9091,9450,9091,359,True,70,70,70,0.9714847803115845,70,0.952851414680481,1,1,1
70,Person_71,rec_2,70_rec_2,25,C:\Users\User\Downloads\26-1_Capstone-main\26-1_Capstone-main\data\ecg-id-database-1.0.0\Person_71\rec_2,rr_segment,9450,9817,9450,367,True,70,70,70,0.9810488224029541,70,0.9780670404434204,1,1,1
71,Person_72,rec_2,71_rec_2,0,C:\Users\User\Downloads\26-1_Capstone-main\26-1_Capstone-main\data\ecg-id-database-1.0.0\Person_72\rec_2,rr_segment,202,591,202,389,True,71,71,71,0.9708908796310425,71,0.9601606130599976,1,1,1
71,Person_72,rec_2,71_rec_2,1,C:\Users\User\Downloads\26-1_Capstone-main\26-1_Capstone-main\data\ecg-id-database-1.0.0\Person_72\rec_2,rr_segment,591,979,591,388,True,71,71,71,0.9775569438934326,71,0.9800792932510376,1,1,1
71,Person_72,rec_2,71_rec_2,3,C:\Users\User\Downloads\26-1_Capstone-main\26-1_Capstone-main\data\ecg-id-database-1.0.0\Person_72\rec_2,rr_segment,1352,1734,1352,382,True,71,71,71,0.9725901484489441,71,0.9687044024467468,1,1,1
71,Person_72,rec_2,71_rec_2,4,C:\Users\User\Downloads\26-1_Capstone-main\26-1_Capstone-main\data\ecg-id-database-1.0.0\Person_72\rec_2,rr_segment,1734,2121,1734,387,True,71,71,71,0.9739712476730347,71,0.9665692448616028,1,1,1
71,Person_72,rec_2,71_rec_2,5,C:\Users\User\Downloads\26-1_Capstone-main\26-1_Capstone-main\data\ecg-id-database-1.0.0\Person_72\rec_2,rr_segment,2121,2498,2121,377,True,71,71,71,0.977057933807373,71,0.9715292453765869,1,1,1
71,Person_72,rec_2,71_rec_2,6,C:\Users\User\Downloads\26-1_Capstone-main\26-1_Capstone-main\data\ecg-id-database-1.0.0\Person_72\rec_2,rr_segment,2498,2877,2498,379,True,71,71,71,0.9697745442390442,71,0.9718194603919983,1,1,1
71,Person_72,rec_2,71_rec_2,7,C:\Users\User\Downloads\26-1_Capstone-main\26-1_Capstone-main\data\ecg-id-database-1.0.0\Person_72\rec_2,rr_segment,2877,3280,2877,403,True,71,71,71,0.9779465794563293,71,0.984083890914917,1,1,1
71,Person_72,rec_2,71_rec_2,8,C:\Users\User\Downloads\26-1_Capstone-main\26-1_Capstone-main\data\ecg-id-database-1.0.0\Person_72\rec_2,rr_segment,3280,3692,3280,412,True,71,71,71,0.9893783330917358,71,0.9845421314239502,1,1,1
71,Person_72,rec_2,71_rec_2,10,C:\Users\User\Downloads\26-1_Capstone-main\26-1_Capstone-main\data\ecg-id-database-1.0.0\Person_72\rec_2,rr_segment,4120,4525,4120,405,True,71,71,71,0.9778788089752197,71,0.9860416650772095,1,1,1
71,Person_72,rec_2,71_rec_2,11,C:\Users\User\Downloads\26-1_Capstone-main\26-1_Capstone-main\data\ecg-id-database-1.0.0\Person_72\rec_2,rr_segment,4525,4914,4525,389,True,71,71,71,0.9679865837097168,71,0.9618085622787476,1,1,1
71,Person_72,rec_2,71_rec_2,12,C:\Users\User\Downloads\26-1_Capstone-main\26-1_Capstone-main\data\ecg-id-database-1.0.0\Person_72\rec_2,rr_segment,4914,5315,4914,401,True,71,71,71,0.982929527759552,71,0.9910494089126587,1,1,1
71,Person_72,rec_2,71_rec_2,13,C:\Users\User\Downloads\26-1_Capstone-main\26-1_Capstone-main\data\ecg-id-database-1.0.0\Person_72\rec_2,rr_segment,5315,5724,5315,409,True,71,71,71,0.9764742255210876,71,0.9894245862960815,1,1,1
71,Person_72,rec_2,71_rec_2,14,C:\Users\User\Downloads\26-1_Capstone-main\26-1_Capstone-main\data\ecg-id-database-1.0.0\Person_72\rec_2,rr_segment,5724,6116,5724,392,True,71,71,71,0.9648628234863281,71,0.9705651998519897,1,1,1
71,Person_72,rec_2,71_rec_2,15,C:\Users\User\Downloads\26-1_Capstone-main\26-1_Capstone-main\data\ecg-id-database-1.0.0\Person_72\rec_2,rr_segment,6116,6506,6116,390,True,71,71,71,0.9702050089836121,71,0.9439884424209595,1,1,1
71,Person_72,rec_2,71_rec_2,16,C:\Users\User\Downloads\26-1_Capstone-main\26-1_Capstone-main\data\ecg-id-database-1.0.0\Person_72\rec_2,rr_segment,6506,6892,6506,386,True,71,71,71,0.9711951017379761,71,0.9486675262451172,1,1,1
71,Person_72,rec_2,71_rec_2,17,C:\Users\User\Downloads\26-1_Capstone-main\26-1_Capstone-main\data\ecg-id-database-1.0.0\Person_72\rec_2,rr_segment,6892,7285,6892,393,True,71,71,71,0.970123291015625,71,0.9759067296981812,1,1,1
71,Person_72,rec_2,71_rec_2,18,C:\Users\User\Downloads\26-1_Capstone-main\26-1_Capstone-main\data\ecg-id-database-1.0.0\Person_72\rec_2,rr_segment,7285,7669,7285,384,True,71,71,71,0.9761163592338562,71,0.9565081596374512,1,1,1
71,Person_72,rec_2,71_rec_2,19,C:\Users\User\Downloads\26-1_Capstone-main\26-1_Capstone-main\data\ecg-id-database-1.0.0\Person_72\rec_2,rr_segment,7669,8064,7669,395,True,71,71,71,0.987109363079071,71,0.9882391691207886,1,1,1
71,Person_72,rec_2,71_rec_2,20,C:\Users\User\Downloads\26-1_Capstone-main\26-1_Capstone-main\data\ecg-id-database-1.0.0\Person_72\rec_2,rr_segment,8064,8465,8064,401,True,71,71,71,0.9826998710632324,71,0.9745612144470215,1,1,1
71,Person_72,rec_2,71_rec_2,21,C:\Users\User\Downloads\26-1_Capstone-main\26-1_Capstone-main\data\ecg-id-database-1.0.0\Person_72\rec_2,rr_segment,8465,8878,8465,413,True,71,71,71,0.988532543182373,71,0.9890052080154419,1,1,1
71,Person_72,rec_2,71_rec_2,22,C:\Users\User\Downloads\26-1_Capstone-main\26-1_Capstone-main\data\ecg-id-database-1.0.0\Person_72\rec_2,rr_segment,8878,9266,8878,388,True,71,71,71,0.9698960781097412,71,0.9565659165382385,1,1,1
71,Person_72,rec_2,71_rec_2,23,C:\Users\User\Downloads\26-1_Capstone-main\26-1_Capstone-main\data\ecg-id-database-1.0.0\Person_72\rec_2,rr_segment,9266,9672,9266,406,True,71,71,71,0.9715882539749146,71,0.981332004070282,1,1,1
71,Person_72,rec_8,71_rec_8,0,C:\Users\User\Downloads\26-1_Capstone-main\26-1_Capstone-main\data\ecg-id-database-1.0.0\Person_72\rec_8,rr_segment,231,628,231,397,True,71,71,71,0.9856221675872803,71,0.9762254953384399,1,1,1
71,Person_72,rec_8,71_rec_8,1,C:\Users\User\Downloads\26-1_Capstone-main\26-1_Capstone-main\data\ecg-id-database-1.0.0\Person_72\rec_8,rr_segment,628,1017,628,389,True,71,71,71,0.9460028409957886,71,0.9327109456062317,1,1,1
71,Person_72,rec_8,71_rec_8,2,C:\Users\User\Downloads\26-1_Capstone-main\26-1_Capstone-main\data\ecg-id-database-1.0.0\Person_72\rec_8,rr_segment,1017,1403,1017,386,True,71,71,71,0.9488118886947632,71,0.937615156173706,1,1,1
71,Person_72,rec_8,71_rec_8,3,C:\Users\User\Downloads\26-1_Capstone-main\26-1_Capstone-main\data\ecg-id-database-1.0.0\Person_72\rec_8,rr_segment,1403,1789,1403,386,True,71,71,71,0.9565988779067993,71,0.9360974431037903,1,1,1
71,Person_72,rec_8,71_rec_8,4,C:\Users\User\Downloads\26-1_Capstone-main\26-1_Capstone-main\data\ecg-id-database-1.0.0\Person_72\rec_8,rr_segment,1789,2156,1789,367,True,71,71,71,0.9809048771858215,71,0.9610338807106018,1,1,1
71,Person_72,rec_8,71_rec_8,8,C:\Users\User\Downloads\26-1_Capstone-main\26-1_Capstone-main\data\ecg-id-database-1.0.0\Person_72\rec_8,rr_segment,3227,3607,3227,380,True,71,71,71,0.9424421787261963,71,0.8761191368103027,1,1,1
71,Person_72,rec_8,71_rec_8,9,C:\Users\User\Downloads\26-1_Capstone-main\26-1_Capstone-main\data\ecg-id-database-1.0.0\Person_72\rec_8,rr_segment,3607,4000,3607,393,True,71,71,71,0.9624593257904053,71,0.9010225534439087,1,1,1
71,Person_72,rec_8,71_rec_8,10,C:\Users\User\Downloads\26-1_Capstone-main\26-1_Capstone-main\data\ecg-id-database-1.0.0\Person_72\rec_8,rr_segment,4000,4380,4000,380,True,71,71,71,0.9724022746086121,71,0.9750659465789795,1,1,1
71,Person_72,rec_8,71_rec_8,11,C:\Users\User\Downloads\26-1_Capstone-main\26-1_Capstone-main\data\ecg-id-database-1.0.0\Person_72\rec_8,rr_segment,4380,4766,4380,386,True,71,71,71,0.956037700176239,71,0.9323217272758484,1,1,1
71,Person_72,rec_8,71_rec_8,12,C:\Users\User\Downloads\26-1_Capstone-main\26-1_Capstone-main\data\ecg-id-database-1.0.0\Person_72\rec_8,rr_segment,4766,5164,4766,398,True,71,71,71,0.8763049840927124,71,0.8344172239303589,1,1,1
71,Person_72,rec_8,71_rec_8,16,C:\Users\User\Downloads\26-1_Capstone-main\26-1_Capstone-main\data\ecg-id-database-1.0.0\Person_72\rec_8,rr_segment,6402,6808,6402,406,True,71,71,71,0.976826548576355,71,0.935742974281311,1,1,1
71,Person_72,rec_8,71_rec_8,17,C:\Users\User\Downloads\26-1_Capstone-main\26-1_Capstone-main\data\ecg-id-database-1.0.0\Person_72\rec_8,rr_segment,6808,7182,6808,374,True,71,71,71,0.9682748317718506,71,0.9673538208007812,1,1,1
71,Person_72,rec_8,71_rec_8,18,C:\Users\User\Downloads\26-1_Capstone-main\26-1_Capstone-main\data\ecg-id-database-1.0.0\Person_72\rec_8,rr_segment,7182,7553,7182,371,True,71,71,71,0.9642895460128784,71,0.9348670244216919,1,1,1
71,Person_72,rec_8,71_rec_8,19,C:\Users\User\Downloads\26-1_Capstone-main\26-1_Capstone-main\data\ecg-id-database-1.0.0\Person_72\rec_8,rr_segment,7553,7921,7553,368,True,71,71,71,0.9548131227493286,71,0.935202956199646,1,1,1
71,Person_72,rec_8,71_rec_8,20,C:\Users\User\Downloads\26-1_Capstone-main\26-1_Capstone-main\data\ecg-id-database-1.0.0\Person_72\rec_8,rr_segment,7921,8295,7921,374,True,71,71,71,0.9484955668449402,71,0.9094514846801758,1,1,1
71,Person_72,rec_8,71_rec_8,21,C:\Users\User\Downloads\26-1_Capstone-main\26-1_Capstone-main\data\ecg-id-database-1.0.0\Person_72\rec_8,rr_segment,8295,8680,8295,385,True,71,71,71,0.9358985424041748,71,0.8782597780227661,1,1,1
71,Person_72,rec_8,71_rec_8,22,C:\Users\User\Downloads\26-1_Capstone-main\26-1_Capstone-main\data\ecg-id-database-1.0.0\Person_72\rec_8,rr_segment,8680,9052,8680,372,True,71,53,71,0.7963313460350037,53,0.7252399325370789,0,1,0
71,Person_72,rec_8,71_rec_8,23,C:\Users\User\Downloads\26-1_Capstone-main\26-1_Capstone-main\data\ecg-id-database-1.0.0\Person_72\rec_8,rr_segment,9052,9432,9052,380,True,71,60,60,0.8604949116706848,71,0.7633564472198486,0,0,1
71,Person_72,rec_8,71_rec_8,24,C:\Users\User\Downloads\26-1_Capstone-main\26-1_Capstone-main\data\ecg-id-database-1.0.0\Person_72\rec_8,rr_segment,9432,9825,9432,393,True,71,54,54,0.8274093270301819,54,0.774212658405304,0,0,0
72,Person_73,rec_1,72_rec_1,0,C:\Users\User\Downloads\26-1_Capstone-main\26-1_Capstone-main\data\ecg-id-database-1.0.0\Person_73\rec_1,rr_segment,235,693,235,458,True,72,72,72,0.9889311194419861,72,0.981687068939209,1,1,1
72,Person_73,rec_1,72_rec_1,1,C:\Users\User\Downloads\26-1_Capstone-main\26-1_Capstone-main\data\ecg-id-database-1.0.0\Person_73\rec_1,rr_segment,693,1117,693,424,True,72,72,72,0.9351744651794434,72,0.8970725536346436,1,1,1
72,Person_73,rec_1,72_rec_1,2,C:\Users\User\Downloads\26-1_Capstone-main\26-1_Capstone-main\data\ecg-id-database-1.0.0\Person_73\rec_1,rr_segment,1117,1517,1117,400,True,72,72,72,0.9914888143539429,72,0.9774880409240723,1,1,1
72,Person_73,rec_1,72_rec_1,3,C:\Users\User\Downloads\26-1_Capstone-main\26-1_Capstone-main\data\ecg-id-database-1.0.0\Person_73\rec_1,rr_segment,1517,1940,1517,423,True,72,72,72,0.9763802289962769,72,0.9647538661956787,1,1,1
72,Person_73,rec_1,72_rec_1,4,C:\Users\User\Downloads\26-1_Capstone-main\26-1_Capstone-main\data\ecg-id-database-1.0.0\Person_73\rec_1,rr_segment,1940,2405,1940,465,True,72,72,72,0.9231212139129639,72,0.8154162168502808,1,1,1
72,Person_73,rec_1,72_rec_1,5,C:\Users\User\Downloads\26-1_Capstone-main\26-1_Capstone-main\data\ecg-id-database-1.0.0\Person_73\rec_1,rr_segment,2405,2873,2405,468,True,72,72,72,0.9789000749588013,72,0.9585752487182617,1,1,1
72,Person_73,rec_1,72_rec_1,6,C:\Users\User\Downloads\26-1_Capstone-main\26-1_Capstone-main\data\ecg-id-database-1.0.0\Person_73\rec_1,rr_segment,2873,3303,2873,430,True,72,72,72,0.9020175337791443,72,0.8006423115730286,1,1,1
72,Person_73,rec_1,72_rec_1,7,C:\Users\User\Downloads\26-1_Capstone-main\26-1_Capstone-main\data\ecg-id-database-1.0.0\Person_73\rec_1,rr_segment,3303,3712,3303,409,True,72,72,72,0.9931455254554749,72,0.9719789624214172,1,1,1
72,Person_73,rec_1,72_rec_1,8,C:\Users\User\Downloads\26-1_Capstone-main\26-1_Capstone-main\data\ecg-id-database-1.0.0\Person_73\rec_1,rr_segment,3712,4138,3712,426,True,72,72,72,0.9804871082305908,72,0.9707285165786743,1,1,1
72,Person_73,rec_1,72_rec_1,9,C:\Users\User\Downloads\26-1_Capstone-main\26-1_Capstone-main\data\ecg-id-database-1.0.0\Person_73\rec_1,rr_segment,4138,4553,4138,415,True,72,89,37,0.7024221420288086,37,0.663617730140686,0,0,0
72,Person_73,rec_1,72_rec_1,10,C:\Users\User\Downloads\26-1_Capstone-main\26-1_Capstone-main\data\ecg-id-database-1.0.0\Person_73\rec_1,rr_segment,4553,4955,4553,402,True,72,89,89,0.8486618995666504,89,0.7644685506820679,0,0,0
72,Person_73,rec_1,72_rec_1,11,C:\Users\User\Downloads\26-1_Capstone-main\26-1_Capstone-main\data\ecg-id-database-1.0.0\Person_73\rec_1,rr_segment,4955,5344,4955,389,True,72,10,10,0.7570006847381592,10,0.6683948636054993,0,0,0
72,Person_73,rec_1,72_rec_1,12,C:\Users\User\Downloads\26-1_Capstone-main\26-1_Capstone-main\data\ecg-id-database-1.0.0\Person_73\rec_1,rr_segment,5344,5712,5344,368,True,72,89,89,0.8998457193374634,89,0.8623133897781372,0,0,0
72,Person_73,rec_1,72_rec_1,13,C:\Users\User\Downloads\26-1_Capstone-main\26-1_Capstone-main\data\ecg-id-database-1.0.0\Person_73\rec_1,rr_segment,5712,6082,5712,370,True,72,89,19,0.7025157809257507,19,0.6596999764442444,0,0,0
72,Person_73,rec_1,72_rec_1,14,C:\Users\User\Downloads\26-1_Capstone-main\26-1_Capstone-main\data\ecg-id-database-1.0.0\Person_73\rec_1,rr_segment,6082,6451,6082,369,True,72,89,10,0.7971068620681763,10,0.688315749168396,0,0,0
72,Person_73,rec_1,72_rec_1,15,C:\Users\User\Downloads\26-1_Capstone-main\26-1_Capstone-main\data\ecg-id-database-1.0.0\Person_73\rec_1,rr_segment,6451,6833,6451,382,True,72,89,89,0.8880759477615356,89,0.8199065923690796,0,0,0
72,Person_73,rec_1,72_rec_1,16,C:\Users\User\Downloads\26-1_Capstone-main\26-1_Capstone-main\data\ecg-id-database-1.0.0\Person_73\rec_1,rr_segment,6833,7258,6833,425,True,72,89,89,0.7734479308128357,89,0.687638521194458,0,0,0
72,Person_73,rec_1,72_rec_1,19,C:\Users\User\Downloads\26-1_Capstone-main\26-1_Capstone-main\data\ecg-id-database-1.0.0\Person_73\rec_1,rr_segment,8228,8619,8228,391,True,72,89,72,0.7578104734420776,72,0.6510475277900696,0,1,1
72,Person_73,rec_1,72_rec_1,20,C:\Users\User\Downloads\26-1_Capstone-main\26-1_Capstone-main\data\ecg-id-database-1.0.0\Person_73\rec_1,rr_segment,8619,9038,8619,419,True,72,72,72,0.9899460077285767,72,0.9791011810302734,1,1,1
72,Person_73,rec_1,72_rec_1,21,C:\Users\User\Downloads\26-1_Capstone-main\26-1_Capstone-main\data\ecg-id-database-1.0.0\Person_73\rec_1,rr_segment,9038,9437,9038,399,True,72,72,72,0.9637429714202881,72,0.9134209156036377,1,1,1
72,Person_73,rec_1,72_rec_1,22,C:\Users\User\Downloads\26-1_Capstone-main\26-1_Capstone-main\data\ecg-id-database-1.0.0\Person_73\rec_1,rr_segment,9437,9859,9437,422,True,72,72,72,0.9434327483177185,72,0.8828341960906982,1,1,1
74,Person_75,rec_2,74_rec_2,0,C:\Users\User\Downloads\26-1_Capstone-main\26-1_Capstone-main\data\ecg-id-database-1.0.0\Person_75\rec_2,rr_segment,345,614,345,269,True,74,74,74,0.973389744758606,74,0.9671939015388489,1,1,1
74,Person_75,rec_2,74_rec_2,1,C:\Users\User\Downloads\26-1_Capstone-main\26-1_Capstone-main\data\ecg-id-database-1.0.0\Person_75\rec_2,rr_segment,614,881,614,267,True,74,74,74,0.9956603646278381,74,0.9858928322792053,1,1,1
74,Person_75,rec_2,74_rec_2,2,C:\Users\User\Downloads\26-1_Capstone-main\26-1_Capstone-main\data\ecg-id-database-1.0.0\Person_75\rec_2,rr_segment,881,1148,881,267,True,74,74,74,0.9819619059562683,74,0.9776199460029602,1,1,1
74,Person_75,rec_2,74_rec_2,3,C:\Users\User\Downloads\26-1_Capstone-main\26-1_Capstone-main\data\ecg-id-database-1.0.0\Person_75\rec_2,rr_segment,1148,1411,1148,263,True,74,74,74,0.9854346513748169,74,0.9729758501052856,1,1,1
74,Person_75,rec_2,74_rec_2,5,C:\Users\User\Downloads\26-1_Capstone-main\26-1_Capstone-main\data\ecg-id-database-1.0.0\Person_75\rec_2,rr_segment,1672,1936,1672,264,True,74,74,74,0.994894802570343,74,0.9809407591819763,1,1,1
74,Person_75,rec_2,74_rec_2,6,C:\Users\User\Downloads\26-1_Capstone-main\26-1_Capstone-main\data\ecg-id-database-1.0.0\Person_75\rec_2,rr_segment,1936,2203,1936,267,True,74,74,74,0.9852292537689209,74,0.9696139097213745,1,1,1
74,Person_75,rec_2,74_rec_2,7,C:\Users\User\Downloads\26-1_Capstone-main\26-1_Capstone-main\data\ecg-id-database-1.0.0\Person_75\rec_2,rr_segment,2203,2468,2203,265,True,74,74,74,0.9885501861572266,74,0.9797154664993286,1,1,1
74,Person_75,rec_2,74_rec_2,8,C:\Users\User\Downloads\26-1_Capstone-main\26-1_Capstone-main\data\ecg-id-database-1.0.0\Person_75\rec_2,rr_segment,2468,2735,2468,267,True,74,74,74,0.9798780083656311,74,0.9743761420249939,1,1,1
74,Person_75,rec_2,74_rec_2,9,C:\Users\User\Downloads\26-1_Capstone-main\26-1_Capstone-main\data\ecg-id-database-1.0.0\Person_75\rec_2,rr_segment,2735,3001,2735,266,True,74,74,74,0.9897907972335815,74,0.9776715636253357,1,1,1
74,Person_75,rec_2,74_rec_2,10,C:\Users\User\Downloads\26-1_Capstone-main\26-1_Capstone-main\data\ecg-id-database-1.0.0\Person_75\rec_2,rr_segment,3001,3265,3001,264,True,74,74,74,0.9752858281135559,74,0.9716103672981262,1,1,1
74,Person_75,rec_2,74_rec_2,11,C:\Users\User\Downloads\26-1_Capstone-main\26-1_Capstone-main\data\ecg-id-database-1.0.0\Person_75\rec_2,rr_segment,3265,3529,3265,264,True,74,74,74,0.9847280979156494,74,0.9682483673095703,1,1,1
74,Person_75,rec_2,74_rec_2,12,C:\Users\User\Downloads\26-1_Capstone-main\26-1_Capstone-main\data\ecg-id-database-1.0.0\Person_75\rec_2,rr_segment,3529,3795,3529,266,True,74,74,74,0.9927279353141785,74,0.979820191860199,1,1,1
74,Person_75,rec_2,74_rec_2,13,C:\Users\User\Downloads\26-1_Capstone-main\26-1_Capstone-main\data\ecg-id-database-1.0.0\Person_75\rec_2,rr_segment,3795,4063,3795,268,True,74,74,74,0.9897873401641846,74,0.9764460325241089,1,1,1
74,Person_75,rec_2,74_rec_2,15,C:\Users\User\Downloads\26-1_Capstone-main\26-1_Capstone-main\data\ecg-id-database-1.0.0\Person_75\rec_2,rr_segment,4338,4612,4338,274,True,74,74,74,0.9894604682922363,74,0.9866328239440918,1,1,1
74,Person_75,rec_2,74_rec_2,16,C:\Users\User\Downloads\26-1_Capstone-main\26-1_Capstone-main\data\ecg-id-database-1.0.0\Person_75\rec_2,rr_segment,4612,4883,4612,271,True,74,74,74,0.9928610324859619,74,0.9830623865127563,1,1,1
74,Person_75,rec_2,74_rec_2,17,C:\Users\User\Downloads\26-1_Capstone-main\26-1_Capstone-main\data\ecg-id-database-1.0.0\Person_75\rec_2,rr_segment,4883,5150,4883,267,True,74,74,74,0.9873603582382202,74,0.9753004908561707,1,1,1
74,Person_75,rec_2,74_rec_2,18,C:\Users\User\Downloads\26-1_Capstone-main\26-1_Capstone-main\data\ecg-id-database-1.0.0\Person_75\rec_2,rr_segment,5150,5414,5150,264,True,74,74,74,0.9825170040130615,74,0.9662361145019531,1,1,1
74,Person_75,rec_2,74_rec_2,19,C:\Users\User\Downloads\26-1_Capstone-main\26-1_Capstone-main\data\ecg-id-database-1.0.0\Person_75\rec_2,rr_segment,5414,5678,5414,264,True,74,74,74,0.9599913358688354,74,0.9382442235946655,1,1,1
74,Person_75,rec_2,74_rec_2,20,C:\Users\User\Downloads\26-1_Capstone-main\26-1_Capstone-main\data\ecg-id-database-1.0.0\Person_75\rec_2,rr_segment,5678,5942,5678,264,True,74,74,74,0.9746849536895752,74,0.9582732319831848,1,1,1
74,Person_75,rec_2,74_rec_2,21,C:\Users\User\Downloads\26-1_Capstone-main\26-1_Capstone-main\data\ecg-id-database-1.0.0\Person_75\rec_2,rr_segment,5942,6206,5942,264,True,74,74,74,0.9934792518615723,74,0.9810186624526978,1,1,1
74,Person_75,rec_2,74_rec_2,22,C:\Users\User\Downloads\26-1_Capstone-main\26-1_Capstone-main\data\ecg-id-database-1.0.0\Person_75\rec_2,rr_segment,6206,6473,6206,267,True,74,74,74,0.9815692901611328,74,0.9757235050201416,1,1,1
74,Person_75,rec_2,74_rec_2,23,C:\Users\User\Downloads\26-1_Capstone-main\26-1_Capstone-main\data\ecg-id-database-1.0.0\Person_75\rec_2,rr_segment,6473,6741,6473,268,True,74,74,74,0.9746867418289185,74,0.9662096500396729,1,1,1
74,Person_75,rec_2,74_rec_2,24,C:\Users\User\Downloads\26-1_Capstone-main\26-1_Capstone-main\data\ecg-id-database-1.0.0\Person_75\rec_2,rr_segment,6741,7006,6741,265,True,74,74,74,0.9723817110061646,74,0.9542375206947327,1,1,1
74,Person_75,rec_2,74_rec_2,25,C:\Users\User\Downloads\26-1_Capstone-main\26-1_Capstone-main\data\ecg-id-database-1.0.0\Person_75\rec_2,rr_segment,7006,7269,7006,263,True,74,74,74,0.9887955188751221,74,0.977878749370575,1,1,1
74,Person_75,rec_2,74_rec_2,26,C:\Users\User\Downloads\26-1_Capstone-main\26-1_Capstone-main\data\ecg-id-database-1.0.0\Person_75\rec_2,rr_segment,7269,7532,7269,263,True,74,74,74,0.9796966314315796,74,0.967910647392273,1,1,1
74,Person_75,rec_2,74_rec_2,27,C:\Users\User\Downloads\26-1_Capstone-main\26-1_Capstone-main\data\ecg-id-database-1.0.0\Person_75\rec_2,rr_segment,7532,7800,7532,268,True,74,74,74,0.9869744777679443,74,0.9773522615432739,1,1,1
74,Person_75,rec_2,74_rec_2,28,C:\Users\User\Downloads\26-1_Capstone-main\26-1_Capstone-main\data\ecg-id-database-1.0.0\Person_75\rec_2,rr_segment,7800,8069,7800,269,True,74,74,74,0.9931008815765381,74,0.9867842197418213,1,1,1
74,Person_75,rec_2,74_rec_2,32,C:\Users\User\Downloads\26-1_Capstone-main\26-1_Capstone-main\data\ecg-id-database-1.0.0\Person_75\rec_2,rr_segment,8898,9171,8898,273,True,74,74,74,0.955580472946167,74,0.941077470779419,1,1,1
74,Person_75,rec_2,74_rec_2,33,C:\Users\User\Downloads\26-1_Capstone-main\26-1_Capstone-main\data\ecg-id-database-1.0.0\Person_75\rec_2,rr_segment,9171,9442,9171,271,True,74,74,74,0.9900153875350952,74,0.9771220088005066,1,1,1
74,Person_75,rec_2,74_rec_2,34,C:\Users\User\Downloads\26-1_Capstone-main\26-1_Capstone-main\data\ecg-id-database-1.0.0\Person_75\rec_2,rr_segment,9442,9712,9442,270,True,74,30,30,0.7587774991989136,30,0.6675265431404114,0,0,0
74,Person_75,rec_2,74_rec_2,35,C:\Users\User\Downloads\26-1_Capstone-main\26-1_Capstone-main\data\ecg-id-database-1.0.0\Person_75\rec_2,rr_segment,9712,9984,9712,272,True,74,83,76,0.7113653421401978,83,0.5423262119293213,0,0,0
75,Person_76,rec_3,75_rec_3,0,C:\Users\User\Downloads\26-1_Capstone-main\26-1_Capstone-main\data\ecg-id-database-1.0.0\Person_76\rec_3,rr_segment,389,674,389,285,True,75,75,75,0.9907289743423462,75,0.9846035838127136,1,1,1
75,Person_76,rec_3,75_rec_3,1,C:\Users\User\Downloads\26-1_Capstone-main\26-1_Capstone-main\data\ecg-id-database-1.0.0\Person_76\rec_3,rr_segment,674,959,674,285,True,75,75,75,0.9707905650138855,75,0.9446883201599121,1,1,1
75,Person_76,rec_3,75_rec_3,2,C:\Users\User\Downloads\26-1_Capstone-main\26-1_Capstone-main\data\ecg-id-database-1.0.0\Person_76\rec_3,rr_segment,959,1244,959,285,True,75,75,75,0.873729407787323,75,0.8260464668273926,1,1,1
75,Person_76,rec_3,75_rec_3,3,C:\Users\User\Downloads\26-1_Capstone-main\26-1_Capstone-main\data\ecg-id-database-1.0.0\Person_76\rec_3,rr_segment,1244,1529,1244,285,True,75,75,75,0.9966381788253784,75,0.9843432903289795,1,1,1
75,Person_76,rec_3,75_rec_3,4,C:\Users\User\Downloads\26-1_Capstone-main\26-1_Capstone-main\data\ecg-id-database-1.0.0\Person_76\rec_3,rr_segment,1529,1812,1529,283,True,75,75,75,0.9256040453910828,75,0.8660831451416016,1,1,1
75,Person_76,rec_3,75_rec_3,5,C:\Users\User\Downloads\26-1_Capstone-main\26-1_Capstone-main\data\ecg-id-database-1.0.0\Person_76\rec_3,rr_segment,1812,2086,1812,274,True,75,75,75,0.9564611911773682,75,0.9209562540054321,1,1,1
75,Person_76,rec_3,75_rec_3,7,C:\Users\User\Downloads\26-1_Capstone-main\26-1_Capstone-main\data\ecg-id-database-1.0.0\Person_76\rec_3,rr_segment,2355,2629,2355,274,True,75,79,75,0.8227155208587646,75,0.7543373107910156,0,1,1
75,Person_76,rec_3,75_rec_3,8,C:\Users\User\Downloads\26-1_Capstone-main\26-1_Capstone-main\data\ecg-id-database-1.0.0\Person_76\rec_3,rr_segment,2629,2910,2629,281,True,75,75,75,0.9857776165008545,75,0.979494571685791,1,1,1
75,Person_76,rec_3,75_rec_3,9,C:\Users\User\Downloads\26-1_Capstone-main\26-1_Capstone-main\data\ecg-id-database-1.0.0\Person_76\rec_3,rr_segment,2910,3214,2910,304,True,75,75,75,0.9826037287712097,75,0.9360382556915283,1,1,1
75,Person_76,rec_3,75_rec_3,10,C:\Users\User\Downloads\26-1_Capstone-main\26-1_Capstone-main\data\ecg-id-database-1.0.0\Person_76\rec_3,rr_segment,3214,3554,3214,340,True,75,75,75,0.9829582571983337,75,0.979507565498352,1,1,1
75,Person_76,rec_3,75_rec_3,13,C:\Users\User\Downloads\26-1_Capstone-main\26-1_Capstone-main\data\ecg-id-database-1.0.0\Person_76\rec_3,rr_segment,4273,4603,4273,330,True,75,75,75,0.9914062023162842,75,0.9807155132293701,1,1,1
75,Person_76,rec_3,75_rec_3,14,C:\Users\User\Downloads\26-1_Capstone-main\26-1_Capstone-main\data\ecg-id-database-1.0.0\Person_76\rec_3,rr_segment,4603,4923,4603,320,True,75,75,75,0.9743541479110718,75,0.9565602540969849,1,1,1
75,Person_76,rec_3,75_rec_3,15,C:\Users\User\Downloads\26-1_Capstone-main\26-1_Capstone-main\data\ecg-id-database-1.0.0\Person_76\rec_3,rr_segment,4923,5239,4923,316,True,75,75,75,0.9962735772132874,75,0.9948264360427856,1,1,1
75,Person_76,rec_3,75_rec_3,16,C:\Users\User\Downloads\26-1_Capstone-main\26-1_Capstone-main\data\ecg-id-database-1.0.0\Person_76\rec_3,rr_segment,5239,5562,5239,323,True,75,75,75,0.9970073699951172,75,0.9920727014541626,1,1,1
75,Person_76,rec_3,75_rec_3,17,C:\Users\User\Downloads\26-1_Capstone-main\26-1_Capstone-main\data\ecg-id-database-1.0.0\Person_76\rec_3,rr_segment,5562,5894,5562,332,True,75,75,75,0.9886720776557922,75,0.9793800115585327,1,1,1
75,Person_76,rec_3,75_rec_3,18,C:\Users\User\Downloads\26-1_Capstone-main\26-1_Capstone-main\data\ecg-id-database-1.0.0\Person_76\rec_3,rr_segment,5894,6246,5894,352,True,75,75,75,0.9774003028869629,75,0.948836624622345,1,1,1
75,Person_76,rec_3,75_rec_3,19,C:\Users\User\Downloads\26-1_Capstone-main\26-1_Capstone-main\data\ecg-id-database-1.0.0\Person_76\rec_3,rr_segment,6246,6602,6246,356,True,75,75,75,0.9896756410598755,75,0.9616921544075012,1,1,1
75,Person_76,rec_3,75_rec_3,20,C:\Users\User\Downloads\26-1_Capstone-main\26-1_Capstone-main\data\ecg-id-database-1.0.0\Person_76\rec_3,rr_segment,6602,6956,6602,354,True,75,75,75,0.9877163767814636,75,0.9859539270401001,1,1,1
75,Person_76,rec_3,75_rec_3,21,C:\Users\User\Downloads\26-1_Capstone-main\26-1_Capstone-main\data\ecg-id-database-1.0.0\Person_76\rec_3,rr_segment,6956,7302,6956,346,True,75,75,75,0.9868791103363037,75,0.9809855222702026,1,1,1
75,Person_76,rec_3,75_rec_3,22,C:\Users\User\Downloads\26-1_Capstone-main\26-1_Capstone-main\data\ecg-id-database-1.0.0\Person_76\rec_3,rr_segment,7302,7649,7302,347,True,75,75,75,0.9853523969650269,75,0.9812031984329224,1,1,1
75,Person_76,rec_3,75_rec_3,23,C:\Users\User\Downloads\26-1_Capstone-main\26-1_Capstone-main\data\ecg-id-database-1.0.0\Person_76\rec_3,rr_segment,7649,7987,7649,338,True,75,75,75,0.9913154244422913,75,0.9869657754898071,1,1,1
75,Person_76,rec_3,75_rec_3,24,C:\Users\User\Downloads\26-1_Capstone-main\26-1_Capstone-main\data\ecg-id-database-1.0.0\Person_76\rec_3,rr_segment,7987,8316,7987,329,True,75,75,75,0.9907011985778809,75,0.9878419637680054,1,1,1
75,Person_76,rec_3,75_rec_3,25,C:\Users\User\Downloads\26-1_Capstone-main\26-1_Capstone-main\data\ecg-id-database-1.0.0\Person_76\rec_3,rr_segment,8316,8634,8316,318,True,75,75,75,0.977157473564148,75,0.9646035432815552,1,1,1
75,Person_76,rec_3,75_rec_3,26,C:\Users\User\Downloads\26-1_Capstone-main\26-1_Capstone-main\data\ecg-id-database-1.0.0\Person_76\rec_3,rr_segment,8634,8944,8634,310,True,75,75,75,0.9864975214004517,75,0.9812901616096497,1,1,1
75,Person_76,rec_3,75_rec_3,27,C:\Users\User\Downloads\26-1_Capstone-main\26-1_Capstone-main\data\ecg-id-database-1.0.0\Person_76\rec_3,rr_segment,8944,9241,8944,297,True,75,75,75,0.9859030246734619,75,0.9801077842712402,1,1,1
75,Person_76,rec_3,75_rec_3,28,C:\Users\User\Downloads\26-1_Capstone-main\26-1_Capstone-main\data\ecg-id-database-1.0.0\Person_76\rec_3,rr_segment,9241,9538,9241,297,True,75,75,75,0.9946761131286621,75,0.9916337132453918,1,1,1
75,Person_76,rec_3,75_rec_3,29,C:\Users\User\Downloads\26-1_Capstone-main\26-1_Capstone-main\data\ecg-id-database-1.0.0\Person_76\rec_3,rr_segment,9538,9838,9538,300,True,75,75,75,0.9911454916000366,75,0.9904659986495972,1,1,1
76,Person_77,rec_2,76_rec_2,0,C:\Users\User\Downloads\26-1_Capstone-main\26-1_Capstone-main\data\ecg-id-database-1.0.0\Person_77\rec_2,rr_segment,337,606,337,269,True,76,76,76,0.995827317237854,76,0.9932807683944702,1,1,1
76,Person_77,rec_2,76_rec_2,1,C:\Users\User\Downloads\26-1_Capstone-main\26-1_Capstone-main\data\ecg-id-database-1.0.0\Person_77\rec_2,rr_segment,606,883,606,277,True,76,76,76,0.9940999150276184,76,0.9928393959999084,1,1,1
76,Person_77,rec_2,76_rec_2,2,C:\Users\User\Downloads\26-1_Capstone-main\26-1_Capstone-main\data\ecg-id-database-1.0.0\Person_77\rec_2,rr_segment,883,1164,883,281,True,76,76,76,0.9961831569671631,76,0.9833873510360718,1,1,1
76,Person_77,rec_2,76_rec_2,3,C:\Users\User\Downloads\26-1_Capstone-main\26-1_Capstone-main\data\ecg-id-database-1.0.0\Person_77\rec_2,rr_segment,1164,1449,1164,285,True,76,76,76,0.9977912902832031,76,0.9922294020652771,1,1,1
76,Person_77,rec_2,76_rec_2,4,C:\Users\User\Downloads\26-1_Capstone-main\26-1_Capstone-main\data\ecg-id-database-1.0.0\Person_77\rec_2,rr_segment,1449,1732,1449,283,True,76,76,76,0.9702367782592773,76,0.9467127919197083,1,1,1
76,Person_77,rec_2,76_rec_2,5,C:\Users\User\Downloads\26-1_Capstone-main\26-1_Capstone-main\data\ecg-id-database-1.0.0\Person_77\rec_2,rr_segment,1732,2020,1732,288,True,76,76,76,0.9922130107879639,76,0.989859402179718,1,1,1
76,Person_77,rec_2,76_rec_2,6,C:\Users\User\Downloads\26-1_Capstone-main\26-1_Capstone-main\data\ecg-id-database-1.0.0\Person_77\rec_2,rr_segment,2020,2307,2020,287,True,76,76,76,0.9672710299491882,76,0.9524874687194824,1,1,1
76,Person_77,rec_2,76_rec_2,8,C:\Users\User\Downloads\26-1_Capstone-main\26-1_Capstone-main\data\ecg-id-database-1.0.0\Person_77\rec_2,rr_segment,2599,2882,2599,283,True,76,76,76,0.9963909387588501,76,0.9894049167633057,1,1,1
76,Person_77,rec_2,76_rec_2,9,C:\Users\User\Downloads\26-1_Capstone-main\26-1_Capstone-main\data\ecg-id-database-1.0.0\Person_77\rec_2,rr_segment,2882,3161,2882,279,True,76,76,76,0.9733171463012695,76,0.9625352621078491,1,1,1
76,Person_77,rec_2,76_rec_2,10,C:\Users\User\Downloads\26-1_Capstone-main\26-1_Capstone-main\data\ecg-id-database-1.0.0\Person_77\rec_2,rr_segment,3161,3434,3161,273,True,76,76,76,0.9934024214744568,76,0.9787594079971313,1,1,1
76,Person_77,rec_2,76_rec_2,11,C:\Users\User\Downloads\26-1_Capstone-main\26-1_Capstone-main\data\ecg-id-database-1.0.0\Person_77\rec_2,rr_segment,3434,3701,3434,267,True,76,76,76,0.9942473769187927,76,0.9916317462921143,1,1,1
76,Person_77,rec_2,76_rec_2,12,C:\Users\User\Downloads\26-1_Capstone-main\26-1_Capstone-main\data\ecg-id-database-1.0.0\Person_77\rec_2,rr_segment,3701,3963,3701,262,True,76,76,76,0.9963958859443665,76,0.9913555383682251,1,1,1
76,Person_77,rec_2,76_rec_2,13,C:\Users\User\Downloads\26-1_Capstone-main\26-1_Capstone-main\data\ecg-id-database-1.0.0\Person_77\rec_2,rr_segment,3963,4222,3963,259,True,76,76,76,0.9969823360443115,76,0.9939165711402893,1,1,1
76,Person_77,rec_2,76_rec_2,14,C:\Users\User\Downloads\26-1_Capstone-main\26-1_Capstone-main\data\ecg-id-database-1.0.0\Person_77\rec_2,rr_segment,4222,4480,4222,258,True,76,76,76,0.9963092803955078,76,0.9875389337539673,1,1,1
76,Person_77,rec_2,76_rec_2,15,C:\Users\User\Downloads\26-1_Capstone-main\26-1_Capstone-main\data\ecg-id-database-1.0.0\Person_77\rec_2,rr_segment,4480,4736,4480,256,True,76,76,76,0.9949934482574463,76,0.9865094423294067,1,1,1
76,Person_77,rec_2,76_rec_2,16,C:\Users\User\Downloads\26-1_Capstone-main\26-1_Capstone-main\data\ecg-id-database-1.0.0\Person_77\rec_2,rr_segment,4736,4993,4736,257,True,76,76,76,0.9961892366409302,76,0.9931179881095886,1,1,1
76,Person_77,rec_2,76_rec_2,17,C:\Users\User\Downloads\26-1_Capstone-main\26-1_Capstone-main\data\ecg-id-database-1.0.0\Person_77\rec_2,rr_segment,4993,5252,4993,259,True,76,76,76,0.9975590109825134,76,0.9911766052246094,1,1,1
76,Person_77,rec_2,76_rec_2,18,C:\Users\User\Downloads\26-1_Capstone-main\26-1_Capstone-main\data\ecg-id-database-1.0.0\Person_77\rec_2,rr_segment,5252,5512,5252,260,True,76,76,76,0.9963033199310303,76,0.9872778654098511,1,1,1
76,Person_77,rec_2,76_rec_2,19,C:\Users\User\Downloads\26-1_Capstone-main\26-1_Capstone-main\data\ecg-id-database-1.0.0\Person_77\rec_2,rr_segment,5512,5777,5512,265,True,76,76,76,0.9990985989570618,76,0.9915136098861694,1,1,1
76,Person_77,rec_2,76_rec_2,20,C:\Users\User\Downloads\26-1_Capstone-main\26-1_Capstone-main\data\ecg-id-database-1.0.0\Person_77\rec_2,rr_segment,5777,6046,5777,269,True,76,76,76,0.9955481290817261,76,0.9921554327011108,1,1,1
76,Person_77,rec_2,76_rec_2,21,C:\Users\User\Downloads\26-1_Capstone-main\26-1_Capstone-main\data\ecg-id-database-1.0.0\Person_77\rec_2,rr_segment,6046,6321,6046,275,True,76,76,76,0.9933220744132996,76,0.9877157211303711,1,1,1
76,Person_77,rec_2,76_rec_2,22,C:\Users\User\Downloads\26-1_Capstone-main\26-1_Capstone-main\data\ecg-id-database-1.0.0\Person_77\rec_2,rr_segment,6321,6601,6321,280,True,76,76,76,0.9950662851333618,76,0.9943996667861938,1,1,1
76,Person_77,rec_2,76_rec_2,23,C:\Users\User\Downloads\26-1_Capstone-main\26-1_Capstone-main\data\ecg-id-database-1.0.0\Person_77\rec_2,rr_segment,6601,6889,6601,288,True,76,76,76,0.9960939884185791,76,0.9950971007347107,1,1,1
76,Person_77,rec_2,76_rec_2,24,C:\Users\User\Downloads\26-1_Capstone-main\26-1_Capstone-main\data\ecg-id-database-1.0.0\Person_77\rec_2,rr_segment,6889,7178,6889,289,True,76,76,76,0.9907730221748352,76,0.9703598022460938,1,1,1
76,Person_77,rec_2,76_rec_2,26,C:\Users\User\Downloads\26-1_Capstone-main\26-1_Capstone-main\data\ecg-id-database-1.0.0\Person_77\rec_2,rr_segment,7474,7762,7474,288,True,76,76,76,0.9846141934394836,76,0.9691469073295593,1,1,1
76,Person_77,rec_2,76_rec_2,27,C:\Users\User\Downloads\26-1_Capstone-main\26-1_Capstone-main\data\ecg-id-database-1.0.0\Person_77\rec_2,rr_segment,7762,8047,7762,285,True,76,76,76,0.9975364804267883,76,0.9917106628417969,1,1,1
76,Person_77,rec_2,76_rec_2,28,C:\Users\User\Downloads\26-1_Capstone-main\26-1_Capstone-main\data\ecg-id-database-1.0.0\Person_77\rec_2,rr_segment,8047,8327,8047,280,True,76,76,76,0.9954333305358887,76,0.9847452044487,1,1,1
76,Person_77,rec_2,76_rec_2,29,C:\Users\User\Downloads\26-1_Capstone-main\26-1_Capstone-main\data\ecg-id-database-1.0.0\Person_77\rec_2,rr_segment,8327,8600,8327,273,True,76,76,76,0.9982799291610718,76,0.9923837780952454,1,1,1
76,Person_77,rec_2,76_rec_2,30,C:\Users\User\Downloads\26-1_Capstone-main\26-1_Capstone-main\data\ecg-id-database-1.0.0\Person_77\rec_2,rr_segment,8600,8867,8600,267,True,76,76,76,0.9934850931167603,76,0.9895264506340027,1,1,1
76,Person_77,rec_2,76_rec_2,31,C:\Users\User\Downloads\26-1_Capstone-main\26-1_Capstone-main\data\ecg-id-database-1.0.0\Person_77\rec_2,rr_segment,8867,9131,8867,264,True,76,76,76,0.9957301616668701,76,0.9916999340057373,1,1,1
76,Person_77,rec_2,76_rec_2,32,C:\Users\User\Downloads\26-1_Capstone-main\26-1_Capstone-main\data\ecg-id-database-1.0.0\Person_77\rec_2,rr_segment,9131,9394,9131,263,True,76,76,76,0.9968726634979248,76,0.9919781684875488,1,1,1
76,Person_77,rec_2,76_rec_2,33,C:\Users\User\Downloads\26-1_Capstone-main\26-1_Capstone-main\data\ecg-id-database-1.0.0\Person_77\rec_2,rr_segment,9394,9654,9394,260,True,76,76,76,0.9923084378242493,76,0.986018180847168,1,1,1
76,Person_77,rec_2,76_rec_2,34,C:\Users\User\Downloads\26-1_Capstone-main\26-1_Capstone-main\data\ecg-id-database-1.0.0\Person_77\rec_2,rr_segment,9654,9912,9654,258,True,76,76,76,0.9968673586845398,76,0.993181586265564,1,1,1
77,Person_78,rec_1,77_rec_1,1,C:\Users\User\Downloads\26-1_Capstone-main\26-1_Capstone-main\data\ecg-id-database-1.0.0\Person_78\rec_1,rr_segment,596,1011,596,415,True,77,77,77,0.9874199628829956,77,0.975365161895752,1,1,1
77,Person_78,rec_1,77_rec_1,2,C:\Users\User\Downloads\26-1_Capstone-main\26-1_Capstone-main\data\ecg-id-database-1.0.0\Person_78\rec_1,rr_segment,1011,1439,1011,428,True,77,77,77,0.9650877714157104,77,0.943986177444458,1,1,1
77,Person_78,rec_1,77_rec_1,3,C:\Users\User\Downloads\26-1_Capstone-main\26-1_Capstone-main\data\ecg-id-database-1.0.0\Person_78\rec_1,rr_segment,1439,1867,1439,428,True,77,77,77,0.940664529800415,77,0.9017766714096069,1,1,1
77,Person_78,rec_1,77_rec_1,4,C:\Users\User\Downloads\26-1_Capstone-main\26-1_Capstone-main\data\ecg-id-database-1.0.0\Person_78\rec_1,rr_segment,1867,2294,1867,427,True,77,77,77,0.9632779955863953,77,0.9478340148925781,1,1,1
77,Person_78,rec_1,77_rec_1,5,C:\Users\User\Downloads\26-1_Capstone-main\26-1_Capstone-main\data\ecg-id-database-1.0.0\Person_78\rec_1,rr_segment,2294,2706,2294,412,True,77,77,77,0.8125209808349609,77,0.7857120037078857,1,1,1
77,Person_78,rec_1,77_rec_1,6,C:\Users\User\Downloads\26-1_Capstone-main\26-1_Capstone-main\data\ecg-id-database-1.0.0\Person_78\rec_1,rr_segment,2706,3124,2706,418,True,77,77,77,0.9873802661895752,77,0.9690030813217163,1,1,1
77,Person_78,rec_1,77_rec_1,7,C:\Users\User\Downloads\26-1_Capstone-main\26-1_Capstone-main\data\ecg-id-database-1.0.0\Person_78\rec_1,rr_segment,3124,3537,3124,413,True,77,77,77,0.9950679540634155,77,0.9876402020454407,1,1,1
77,Person_78,rec_1,77_rec_1,8,C:\Users\User\Downloads\26-1_Capstone-main\26-1_Capstone-main\data\ecg-id-database-1.0.0\Person_78\rec_1,rr_segment,3537,3944,3537,407,True,77,77,77,0.9979921579360962,77,0.9943633079528809,1,1,1
77,Person_78,rec_1,77_rec_1,9,C:\Users\User\Downloads\26-1_Capstone-main\26-1_Capstone-main\data\ecg-id-database-1.0.0\Person_78\rec_1,rr_segment,3944,4355,3944,411,True,77,77,77,0.997149646282196,77,0.9944398999214172,1,1,1
77,Person_78,rec_1,77_rec_1,10,C:\Users\User\Downloads\26-1_Capstone-main\26-1_Capstone-main\data\ecg-id-database-1.0.0\Person_78\rec_1,rr_segment,4355,4759,4355,404,True,77,77,77,0.9983392953872681,77,0.9983299970626831,1,1,1
77,Person_78,rec_1,77_rec_1,12,C:\Users\User\Downloads\26-1_Capstone-main\26-1_Capstone-main\data\ecg-id-database-1.0.0\Person_78\rec_1,rr_segment,5162,5572,5162,410,True,77,77,77,0.9956413507461548,77,0.9909541010856628,1,1,1
77,Person_78,rec_1,77_rec_1,13,C:\Users\User\Downloads\26-1_Capstone-main\26-1_Capstone-main\data\ecg-id-database-1.0.0\Person_78\rec_1,rr_segment,5572,5993,5572,421,True,77,77,77,0.9955047369003296,77,0.9904686212539673,1,1,1
77,Person_78,rec_1,77_rec_1,14,C:\Users\User\Downloads\26-1_Capstone-main\26-1_Capstone-main\data\ecg-id-database-1.0.0\Person_78\rec_1,rr_segment,5993,6420,5993,427,True,77,77,77,0.9638035297393799,77,0.9396944642066956,1,1,1
77,Person_78,rec_1,77_rec_1,15,C:\Users\User\Downloads\26-1_Capstone-main\26-1_Capstone-main\data\ecg-id-database-1.0.0\Person_78\rec_1,rr_segment,6420,6847,6420,427,True,77,77,77,0.9820559024810791,77,0.9720025062561035,1,1,1
77,Person_78,rec_1,77_rec_1,16,C:\Users\User\Downloads\26-1_Capstone-main\26-1_Capstone-main\data\ecg-id-database-1.0.0\Person_78\rec_1,rr_segment,6847,7268,6847,421,True,77,77,77,0.9912595748901367,77,0.9855703115463257,1,1,1
77,Person_78,rec_1,77_rec_1,17,C:\Users\User\Downloads\26-1_Capstone-main\26-1_Capstone-main\data\ecg-id-database-1.0.0\Person_78\rec_1,rr_segment,7268,7685,7268,417,True,77,77,77,0.9879050254821777,77,0.982265293598175,1,1,1
77,Person_78,rec_1,77_rec_1,18,C:\Users\User\Downloads\26-1_Capstone-main\26-1_Capstone-main\data\ecg-id-database-1.0.0\Person_78\rec_1,rr_segment,7685,8102,7685,417,True,77,77,77,0.9744726419448853,77,0.9601901769638062,1,1,1
77,Person_78,rec_1,77_rec_1,19,C:\Users\User\Downloads\26-1_Capstone-main\26-1_Capstone-main\data\ecg-id-database-1.0.0\Person_78\rec_1,rr_segment,8102,8525,8102,423,True,77,40,34,0.8013554811477661,40,0.6949394941329956,0,0,0
77,Person_78,rec_1,77_rec_1,20,C:\Users\User\Downloads\26-1_Capstone-main\26-1_Capstone-main\data\ecg-id-database-1.0.0\Person_78\rec_1,rr_segment,8525,8945,8525,420,True,77,55,55,0.8960541486740112,55,0.836174488067627,0,0,0
77,Person_78,rec_1,77_rec_1,21,C:\Users\User\Downloads\26-1_Capstone-main\26-1_Capstone-main\data\ecg-id-database-1.0.0\Person_78\rec_1,rr_segment,8945,9374,8945,429,True,77,77,77,0.9819629192352295,77,0.9708467125892639,1,1,1
78,Person_79,rec_1,78_rec_1,0,C:\Users\User\Downloads\26-1_Capstone-main\26-1_Capstone-main\data\ecg-id-database-1.0.0\Person_79\rec_1,rr_segment,214,591,214,377,True,78,78,78,0.9992058277130127,78,0.994356095790863,1,1,1
78,Person_79,rec_1,78_rec_1,1,C:\Users\User\Downloads\26-1_Capstone-main\26-1_Capstone-main\data\ecg-id-database-1.0.0\Person_79\rec_1,rr_segment,591,1035,591,444,True,78,78,78,0.9949270486831665,78,0.992429256439209,1,1,1
78,Person_79,rec_1,78_rec_1,2,C:\Users\User\Downloads\26-1_Capstone-main\26-1_Capstone-main\data\ecg-id-database-1.0.0\Person_79\rec_1,rr_segment,1035,1473,1035,438,True,78,78,78,0.9974252581596375,78,0.9875587224960327,1,1,1
78,Person_79,rec_1,78_rec_1,3,C:\Users\User\Downloads\26-1_Capstone-main\26-1_Capstone-main\data\ecg-id-database-1.0.0\Person_79\rec_1,rr_segment,1473,1864,1473,391,True,78,78,78,0.9960494637489319,78,0.9905774593353271,1,1,1
78,Person_79,rec_1,78_rec_1,4,C:\Users\User\Downloads\26-1_Capstone-main\26-1_Capstone-main\data\ecg-id-database-1.0.0\Person_79\rec_1,rr_segment,1864,2233,1864,369,True,78,78,78,0.9958337545394897,78,0.9898699522018433,1,1,1
78,Person_79,rec_1,78_rec_1,5,C:\Users\User\Downloads\26-1_Capstone-main\26-1_Capstone-main\data\ecg-id-database-1.0.0\Person_79\rec_1,rr_segment,2233,2607,2233,374,True,78,78,78,0.9927074909210205,78,0.9856096506118774,1,1,1
78,Person_79,rec_1,78_rec_1,6,C:\Users\User\Downloads\26-1_Capstone-main\26-1_Capstone-main\data\ecg-id-database-1.0.0\Person_79\rec_1,rr_segment,2607,3018,2607,411,True,78,78,78,0.9973464012145996,78,0.9974014759063721,1,1,1
78,Person_79,rec_1,78_rec_1,9,C:\Users\User\Downloads\26-1_Capstone-main\26-1_Capstone-main\data\ecg-id-database-1.0.0\Person_79\rec_1,rr_segment,3947,4361,3947,414,True,78,78,78,0.9954694509506226,78,0.983207106590271,1,1,1
78,Person_79,rec_1,78_rec_1,10,C:\Users\User\Downloads\26-1_Capstone-main\26-1_Capstone-main\data\ecg-id-database-1.0.0\Person_79\rec_1,rr_segment,4361,4729,4361,368,True,78,78,78,0.9350287914276123,78,0.848468542098999,1,1,1
78,Person_79,rec_1,78_rec_1,11,C:\Users\User\Downloads\26-1_Capstone-main\26-1_Capstone-main\data\ecg-id-database-1.0.0\Person_79\rec_1,rr_segment,4729,5077,4729,348,True,78,78,78,0.9802731275558472,78,0.9171250462532043,1,1,1
78,Person_79,rec_1,78_rec_1,12,C:\Users\User\Downloads\26-1_Capstone-main\26-1_Capstone-main\data\ecg-id-database-1.0.0\Person_79\rec_1,rr_segment,5077,5426,5077,349,True,78,78,78,0.9944902658462524,78,0.9891390204429626,1,1,1
78,Person_79,rec_1,78_rec_1,13,C:\Users\User\Downloads\26-1_Capstone-main\26-1_Capstone-main\data\ecg-id-database-1.0.0\Person_79\rec_1,rr_segment,5426,5815,5426,389,True,78,78,78,0.9928385615348816,78,0.9869787096977234,1,1,1
78,Person_79,rec_1,78_rec_1,14,C:\Users\User\Downloads\26-1_Capstone-main\26-1_Capstone-main\data\ecg-id-database-1.0.0\Person_79\rec_1,rr_segment,5815,6225,5815,410,True,78,78,78,0.9783082008361816,78,0.9435814619064331,1,1,1
78,Person_79,rec_1,78_rec_1,15,C:\Users\User\Downloads\26-1_Capstone-main\26-1_Capstone-main\data\ecg-id-database-1.0.0\Person_79\rec_1,rr_segment,6225,6636,6225,411,True,78,78,78,0.9990853667259216,78,0.986197829246521,1,1,1
78,Person_79,rec_1,78_rec_1,17,C:\Users\User\Downloads\26-1_Capstone-main\26-1_Capstone-main\data\ecg-id-database-1.0.0\Person_79\rec_1,rr_segment,7106,7544,7106,438,True,78,78,78,0.991148829460144,78,0.9847647547721863,1,1,1
78,Person_79,rec_1,78_rec_1,18,C:\Users\User\Downloads\26-1_Capstone-main\26-1_Capstone-main\data\ecg-id-database-1.0.0\Person_79\rec_1,rr_segment,7544,7931,7544,387,True,78,78,78,0.986960768699646,78,0.9706701636314392,1,1,1
78,Person_79,rec_1,78_rec_1,19,C:\Users\User\Downloads\26-1_Capstone-main\26-1_Capstone-main\data\ecg-id-database-1.0.0\Person_79\rec_1,rr_segment,7931,8315,7931,384,True,78,78,78,0.990288496017456,78,0.9688403606414795,1,1,1
78,Person_79,rec_1,78_rec_1,20,C:\Users\User\Downloads\26-1_Capstone-main\26-1_Capstone-main\data\ecg-id-database-1.0.0\Person_79\rec_1,rr_segment,8315,8699,8315,384,True,78,78,78,0.9961504936218262,78,0.9974393844604492,1,1,1
78,Person_79,rec_1,78_rec_1,21,C:\Users\User\Downloads\26-1_Capstone-main\26-1_Capstone-main\data\ecg-id-database-1.0.0\Person_79\rec_1,rr_segment,8699,9086,8699,387,True,78,78,78,0.9977883100509644,78,0.996654212474823,1,1,1
78,Person_79,rec_1,78_rec_1,22,C:\Users\User\Downloads\26-1_Capstone-main\26-1_Capstone-main\data\ecg-id-database-1.0.0\Person_79\rec_1,rr_segment,9086,9453,9086,367,True,78,78,78,0.989747166633606,78,0.9794421792030334,1,1,1
78,Person_79,rec_1,78_rec_1,23,C:\Users\User\Downloads\26-1_Capstone-main\26-1_Capstone-main\data\ecg-id-database-1.0.0\Person_79\rec_1,rr_segment,9453,9819,9453,366,True,78,78,78,0.9591929316520691,78,0.9084259271621704,1,1,1
79,Person_80,rec_1,79_rec_1,0,C:\Users\User\Downloads\26-1_Capstone-main\26-1_Capstone-main\data\ecg-id-database-1.0.0\Person_80\rec_1,rr_segment,167,528,167,361,True,79,45,45,0.9173264503479004,45,0.8351790904998779,0,0,0
79,Person_80,rec_1,79_rec_1,1,C:\Users\User\Downloads\26-1_Capstone-main\26-1_Capstone-main\data\ecg-id-database-1.0.0\Person_80\rec_1,rr_segment,528,907,528,379,True,79,46,45,0.8475437164306641,45,0.6963425874710083,0,0,0
79,Person_80,rec_1,79_rec_1,2,C:\Users\User\Downloads\26-1_Capstone-main\26-1_Capstone-main\data\ecg-id-database-1.0.0\Person_80\rec_1,rr_segment,907,1260,907,353,True,79,79,45,0.8960064649581909,79,0.790019154548645,1,0,1
79,Person_80,rec_1,79_rec_1,3,C:\Users\User\Downloads\26-1_Capstone-main\26-1_Capstone-main\data\ecg-id-database-1.0.0\Person_80\rec_1,rr_segment,1260,1589,1260,329,True,79,79,79,0.9541084170341492,79,0.8976913094520569,1,1,1
79,Person_80,rec_1,79_rec_1,4,C:\Users\User\Downloads\26-1_Capstone-main\26-1_Capstone-main\data\ecg-id-database-1.0.0\Person_80\rec_1,rr_segment,1589,1896,1589,307,True,79,79,79,0.9681719541549683,79,0.9452210068702698,1,1,1
79,Person_80,rec_1,79_rec_1,5,C:\Users\User\Downloads\26-1_Capstone-main\26-1_Capstone-main\data\ecg-id-database-1.0.0\Person_80\rec_1,rr_segment,1896,2192,1896,296,True,79,79,79,0.9580535888671875,79,0.9246927499771118,1,1,1
79,Person_80,rec_1,79_rec_1,8,C:\Users\User\Downloads\26-1_Capstone-main\26-1_Capstone-main\data\ecg-id-database-1.0.0\Person_80\rec_1,rr_segment,2883,3250,2883,367,True,79,78,78,0.8683778047561646,78,0.7878779768943787,0,0,0
79,Person_80,rec_1,79_rec_1,10,C:\Users\User\Downloads\26-1_Capstone-main\26-1_Capstone-main\data\ecg-id-database-1.0.0\Person_80\rec_1,rr_segment,3666,4045,3666,379,True,79,71,71,0.907723069190979,71,0.8286743760108948,0,0,0
79,Person_80,rec_1,79_rec_1,11,C:\Users\User\Downloads\26-1_Capstone-main\26-1_Capstone-main\data\ecg-id-database-1.0.0\Person_80\rec_1,rr_segment,4045,4422,4045,377,True,79,45,45,0.8924238681793213,45,0.7812666893005371,0,0,0
79,Person_80,rec_1,79_rec_1,12,C:\Users\User\Downloads\26-1_Capstone-main\26-1_Capstone-main\data\ecg-id-database-1.0.0\Person_80\rec_1,rr_segment,4422,4787,4422,365,True,79,70,70,0.8952444195747375,70,0.8054307103157043,0,0,0
79,Person_80,rec_1,79_rec_1,13,C:\Users\User\Downloads\26-1_Capstone-main\26-1_Capstone-main\data\ecg-id-database-1.0.0\Person_80\rec_1,rr_segment,4787,5115,4787,328,True,79,79,79,0.985149085521698,79,0.9655174612998962,1,1,1
79,Person_80,rec_1,79_rec_1,14,C:\Users\User\Downloads\26-1_Capstone-main\26-1_Capstone-main\data\ecg-id-database-1.0.0\Person_80\rec_1,rr_segment,5115,5442,5115,327,True,79,79,79,0.9771944284439087,79,0.935261607170105,1,1,1
79,Person_80,rec_1,79_rec_1,15,C:\Users\User\Downloads\26-1_Capstone-main\26-1_Capstone-main\data\ecg-id-database-1.0.0\Person_80\rec_1,rr_segment,5442,5768,5442,326,True,79,71,71,0.9596891403198242,71,0.9045469760894775,0,0,0
79,Person_80,rec_1,79_rec_1,16,C:\Users\User\Downloads\26-1_Capstone-main\26-1_Capstone-main\data\ecg-id-database-1.0.0\Person_80\rec_1,rr_segment,5768,6090,5768,322,True,79,79,79,0.9845176935195923,79,0.9595353603363037,1,1,1
79,Person_80,rec_1,79_rec_1,17,C:\Users\User\Downloads\26-1_Capstone-main\26-1_Capstone-main\data\ecg-id-database-1.0.0\Person_80\rec_1,rr_segment,6090,6393,6090,303,True,79,79,79,0.9954587817192078,79,0.9935160279273987,1,1,1
79,Person_80,rec_1,79_rec_1,18,C:\Users\User\Downloads\26-1_Capstone-main\26-1_Capstone-main\data\ecg-id-database-1.0.0\Person_80\rec_1,rr_segment,6393,6695,6393,302,True,79,79,79,0.9709607362747192,79,0.9652916789054871,1,1,1
79,Person_80,rec_1,79_rec_1,19,C:\Users\User\Downloads\26-1_Capstone-main\26-1_Capstone-main\data\ecg-id-database-1.0.0\Person_80\rec_1,rr_segment,6695,7010,6695,315,True,79,79,79,0.9687859416007996,79,0.9096735715866089,1,1,1
79,Person_80,rec_1,79_rec_1,20,C:\Users\User\Downloads\26-1_Capstone-main\26-1_Capstone-main\data\ecg-id-database-1.0.0\Person_80\rec_1,rr_segment,7010,7363,7010,353,True,79,70,70,0.895427405834198,70,0.8214755058288574,0,0,0
79,Person_80,rec_1,79_rec_1,21,C:\Users\User\Downloads\26-1_Capstone-main\26-1_Capstone-main\data\ecg-id-database-1.0.0\Person_80\rec_1,rr_segment,7363,7735,7363,372,True,79,70,70,0.872806966304779,70,0.7923162579536438,0,0,0
79,Person_80,rec_1,79_rec_1,22,C:\Users\User\Downloads\26-1_Capstone-main\26-1_Capstone-main\data\ecg-id-database-1.0.0\Person_80\rec_1,rr_segment,7735,8071,7735,336,True,79,79,79,0.9611124992370605,79,0.9302862882614136,1,1,1
79,Person_80,rec_1,79_rec_1,23,C:\Users\User\Downloads\26-1_Capstone-main\26-1_Capstone-main\data\ecg-id-database-1.0.0\Person_80\rec_1,rr_segment,8071,8389,8071,318,True,79,79,79,0.9569811820983887,79,0.9285241365432739,1,1,1
79,Person_80,rec_1,79_rec_1,24,C:\Users\User\Downloads\26-1_Capstone-main\26-1_Capstone-main\data\ecg-id-database-1.0.0\Person_80\rec_1,rr_segment,8389,8713,8389,324,True,79,79,79,0.9641857147216797,79,0.9457413554191589,1,1,1
79,Person_80,rec_1,79_rec_1,25,C:\Users\User\Downloads\26-1_Capstone-main\26-1_Capstone-main\data\ecg-id-database-1.0.0\Person_80\rec_1,rr_segment,8713,9065,8713,352,True,79,46,46,0.926943302154541,46,0.8785260915756226,0,0,0
79,Person_80,rec_1,79_rec_1,26,C:\Users\User\Downloads\26-1_Capstone-main\26-1_Capstone-main\data\ecg-id-database-1.0.0\Person_80\rec_1,rr_segment,9065,9455,9065,390,True,79,70,70,0.8509508371353149,70,0.8026688694953918,0,0,0
79,Person_80,rec_1,79_rec_1,27,C:\Users\User\Downloads\26-1_Capstone-main\26-1_Capstone-main\data\ecg-id-database-1.0.0\Person_80\rec_1,rr_segment,9455,9814,9455,359,True,79,45,71,0.8779378533363342,71,0.7911834716796875,0,0,0
80,Person_81,rec_2,80_rec_2,0,C:\Users\User\Downloads\26-1_Capstone-main\26-1_Capstone-main\data\ecg-id-database-1.0.0\Person_81\rec_2,rr_segment,192,611,192,419,True,80,80,80,0.9687721133232117,80,0.9498111009597778,1,1,1
80,Person_81,rec_2,80_rec_2,1,C:\Users\User\Downloads\26-1_Capstone-main\26-1_Capstone-main\data\ecg-id-database-1.0.0\Person_81\rec_2,rr_segment,611,1032,611,421,True,80,50,50,0.932624101638794,50,0.8329225182533264,0,0,0
80,Person_81,rec_2,80_rec_2,2,C:\Users\User\Downloads\26-1_Capstone-main\26-1_Capstone-main\data\ecg-id-database-1.0.0\Person_81\rec_2,rr_segment,1032,1483,1032,451,True,80,80,80,0.8279011845588684,80,0.770315945148468,1,1,1
80,Person_81,rec_2,80_rec_2,3,C:\Users\User\Downloads\26-1_Capstone-main\26-1_Capstone-main\data\ecg-id-database-1.0.0\Person_81\rec_2,rr_segment,1483,1882,1483,399,True,80,80,80,0.9466844797134399,80,0.9059250354766846,1,1,1
80,Person_81,rec_2,80_rec_2,4,C:\Users\User\Downloads\26-1_Capstone-main\26-1_Capstone-main\data\ecg-id-database-1.0.0\Person_81\rec_2,rr_segment,1882,2305,1882,423,True,80,80,80,0.9502302408218384,80,0.8956992626190186,1,1,1
80,Person_81,rec_2,80_rec_2,5,C:\Users\User\Downloads\26-1_Capstone-main\26-1_Capstone-main\data\ecg-id-database-1.0.0\Person_81\rec_2,rr_segment,2305,2774,2305,469,True,80,80,80,0.9485669136047363,80,0.9459959268569946,1,1,1
80,Person_81,rec_2,80_rec_2,6,C:\Users\User\Downloads\26-1_Capstone-main\26-1_Capstone-main\data\ecg-id-database-1.0.0\Person_81\rec_2,rr_segment,2774,3193,2774,419,True,80,80,80,0.9853073358535767,80,0.9717557430267334,1,1,1
80,Person_81,rec_2,80_rec_2,7,C:\Users\User\Downloads\26-1_Capstone-main\26-1_Capstone-main\data\ecg-id-database-1.0.0\Person_81\rec_2,rr_segment,3193,3644,3193,451,True,80,80,80,0.9037209749221802,80,0.8720059394836426,1,1,1
80,Person_81,rec_2,80_rec_2,8,C:\Users\User\Downloads\26-1_Capstone-main\26-1_Capstone-main\data\ecg-id-database-1.0.0\Person_81\rec_2,rr_segment,3644,4103,3644,459,True,80,80,80,0.912477433681488,80,0.8808029890060425,1,1,1
80,Person_81,rec_2,80_rec_2,9,C:\Users\User\Downloads\26-1_Capstone-main\26-1_Capstone-main\data\ecg-id-database-1.0.0\Person_81\rec_2,rr_segment,4103,4536,4103,433,True,80,80,80,0.9146720170974731,80,0.8861296772956848,1,1,1
80,Person_81,rec_2,80_rec_2,10,C:\Users\User\Downloads\26-1_Capstone-main\26-1_Capstone-main\data\ecg-id-database-1.0.0\Person_81\rec_2,rr_segment,4536,4979,4536,443,True,80,80,80,0.9918466806411743,80,0.9904362559318542,1,1,1
80,Person_81,rec_2,80_rec_2,11,C:\Users\User\Downloads\26-1_Capstone-main\26-1_Capstone-main\data\ecg-id-database-1.0.0\Person_81\rec_2,rr_segment,4979,5447,4979,468,True,80,80,80,0.9761497378349304,80,0.9737223982810974,1,1,1
80,Person_81,rec_2,80_rec_2,12,C:\Users\User\Downloads\26-1_Capstone-main\26-1_Capstone-main\data\ecg-id-database-1.0.0\Person_81\rec_2,rr_segment,5447,5882,5447,435,True,80,80,80,0.977898895740509,80,0.9678552746772766,1,1,1
80,Person_81,rec_2,80_rec_2,13,C:\Users\User\Downloads\26-1_Capstone-main\26-1_Capstone-main\data\ecg-id-database-1.0.0\Person_81\rec_2,rr_segment,5882,6248,5882,366,True,80,80,80,0.9377207159996033,80,0.9211872816085815,1,1,1
80,Person_81,rec_2,80_rec_2,14,C:\Users\User\Downloads\26-1_Capstone-main\26-1_Capstone-main\data\ecg-id-database-1.0.0\Person_81\rec_2,rr_segment,6248,6613,6248,365,True,80,58,58,0.8152388334274292,58,0.6669847965240479,0,0,0
80,Person_81,rec_2,80_rec_2,15,C:\Users\User\Downloads\26-1_Capstone-main\26-1_Capstone-main\data\ecg-id-database-1.0.0\Person_81\rec_2,rr_segment,6613,7005,6613,392,True,80,80,80,0.9594218730926514,80,0.8926424384117126,1,1,1
80,Person_81,rec_2,80_rec_2,16,C:\Users\User\Downloads\26-1_Capstone-main\26-1_Capstone-main\data\ecg-id-database-1.0.0\Person_81\rec_2,rr_segment,7005,7441,7005,436,True,80,50,50,0.8935337066650391,50,0.8118754029273987,0,0,0
80,Person_81,rec_2,80_rec_2,17,C:\Users\User\Downloads\26-1_Capstone-main\26-1_Capstone-main\data\ecg-id-database-1.0.0\Person_81\rec_2,rr_segment,7441,7872,7441,431,True,80,80,80,0.9802432060241699,80,0.9561124444007874,1,1,1
80,Person_81,rec_2,80_rec_2,18,C:\Users\User\Downloads\26-1_Capstone-main\26-1_Capstone-main\data\ecg-id-database-1.0.0\Person_81\rec_2,rr_segment,7872,8291,7872,419,True,80,80,80,0.9592066407203674,80,0.9438914656639099,1,1,1
80,Person_81,rec_2,80_rec_2,19,C:\Users\User\Downloads\26-1_Capstone-main\26-1_Capstone-main\data\ecg-id-database-1.0.0\Person_81\rec_2,rr_segment,8291,8667,8291,376,True,80,10,10,0.8827677369117737,10,0.8045639395713806,0,0,0
81,Person_82,rec_2,81_rec_2,1,C:\Users\User\Downloads\26-1_Capstone-main\26-1_Capstone-main\data\ecg-id-database-1.0.0\Person_82\rec_2,rr_segment,819,1305,819,486,True,81,81,81,0.9905685186386108,81,0.9901139736175537,1,1,1
81,Person_82,rec_2,81_rec_2,2,C:\Users\User\Downloads\26-1_Capstone-main\26-1_Capstone-main\data\ecg-id-database-1.0.0\Person_82\rec_2,rr_segment,1305,1806,1305,501,True,81,81,0,0.8082097768783569,81,0.7545953392982483,1,0,1
81,Person_82,rec_2,81_rec_2,3,C:\Users\User\Downloads\26-1_Capstone-main\26-1_Capstone-main\data\ecg-id-database-1.0.0\Person_82\rec_2,rr_segment,1806,2294,1806,488,True,81,51,51,0.8288607001304626,51,0.7710069417953491,0,0,0
81,Person_82,rec_2,81_rec_2,4,C:\Users\User\Downloads\26-1_Capstone-main\26-1_Capstone-main\data\ecg-id-database-1.0.0\Person_82\rec_2,rr_segment,2294,2744,2294,450,True,81,31,31,0.822810173034668,31,0.7340153455734253,0,0,0
81,Person_82,rec_2,81_rec_2,5,C:\Users\User\Downloads\26-1_Capstone-main\26-1_Capstone-main\data\ecg-id-database-1.0.0\Person_82\rec_2,rr_segment,2744,3217,2744,473,True,81,69,69,0.995861291885376,69,0.9871811270713806,0,0,0
81,Person_82,rec_2,81_rec_2,6,C:\Users\User\Downloads\26-1_Capstone-main\26-1_Capstone-main\data\ecg-id-database-1.0.0\Person_82\rec_2,rr_segment,3217,3693,3217,476,True,81,81,81,0.9876958131790161,81,0.9765631556510925,1,1,1
81,Person_82,rec_2,81_rec_2,7,C:\Users\User\Downloads\26-1_Capstone-main\26-1_Capstone-main\data\ecg-id-database-1.0.0\Person_82\rec_2,rr_segment,3693,4119,3693,426,True,81,81,81,0.9610265493392944,81,0.9296284914016724,1,1,1
81,Person_82,rec_2,81_rec_2,8,C:\Users\User\Downloads\26-1_Capstone-main\26-1_Capstone-main\data\ecg-id-database-1.0.0\Person_82\rec_2,rr_segment,4119,4537,4119,418,True,81,81,81,0.9626152515411377,81,0.9653193950653076,1,1,1
81,Person_82,rec_2,81_rec_2,9,C:\Users\User\Downloads\26-1_Capstone-main\26-1_Capstone-main\data\ecg-id-database-1.0.0\Person_82\rec_2,rr_segment,4537,4928,4537,391,True,81,81,42,0.7828513979911804,81,0.6753119230270386,1,0,1
81,Person_82,rec_2,81_rec_2,10,C:\Users\User\Downloads\26-1_Capstone-main\26-1_Capstone-main\data\ecg-id-database-1.0.0\Person_82\rec_2,rr_segment,4928,5276,4928,348,True,81,85,85,0.80294269323349,85,0.7183821201324463,0,0,0
81,Person_82,rec_2,81_rec_2,11,C:\Users\User\Downloads\26-1_Capstone-main\26-1_Capstone-main\data\ecg-id-database-1.0.0\Person_82\rec_2,rr_segment,5276,5622,5276,346,True,81,62,62,0.8785035014152527,62,0.8144551515579224,0,0,0
81,Person_82,rec_2,81_rec_2,12,C:\Users\User\Downloads\26-1_Capstone-main\26-1_Capstone-main\data\ecg-id-database-1.0.0\Person_82\rec_2,rr_segment,5622,6059,5622,437,True,81,81,81,0.9837242364883423,81,0.9837580323219299,1,1,1
81,Person_82,rec_2,81_rec_2,13,C:\Users\User\Downloads\26-1_Capstone-main\26-1_Capstone-main\data\ecg-id-database-1.0.0\Person_82\rec_2,rr_segment,6059,6454,6059,395,True,81,81,81,0.9217231273651123,81,0.8868641257286072,1,1,1
81,Person_82,rec_2,81_rec_2,14,C:\Users\User\Downloads\26-1_Capstone-main\26-1_Capstone-main\data\ecg-id-database-1.0.0\Person_82\rec_2,rr_segment,6454,6938,6454,484,True,81,81,81,0.9919496774673462,81,0.98430335521698,1,1,1
81,Person_82,rec_2,81_rec_2,15,C:\Users\User\Downloads\26-1_Capstone-main\26-1_Capstone-main\data\ecg-id-database-1.0.0\Person_82\rec_2,rr_segment,6938,7438,6938,500,True,81,0,0,0.8685815334320068,0,0.8078144788742065,0,0,0
81,Person_82,rec_2,81_rec_2,16,C:\Users\User\Downloads\26-1_Capstone-main\26-1_Capstone-main\data\ecg-id-database-1.0.0\Person_82\rec_2,rr_segment,7438,7925,7438,487,True,81,81,81,0.8489601612091064,81,0.7946562767028809,1,1,1
81,Person_82,rec_2,81_rec_2,17,C:\Users\User\Downloads\26-1_Capstone-main\26-1_Capstone-main\data\ecg-id-database-1.0.0\Person_82\rec_2,rr_segment,7925,8309,7925,384,True,81,81,81,0.940599799156189,81,0.8440763354301453,1,1,1
81,Person_82,rec_2,81_rec_2,18,C:\Users\User\Downloads\26-1_Capstone-main\26-1_Capstone-main\data\ecg-id-database-1.0.0\Person_82\rec_2,rr_segment,8309,8690,8309,381,True,81,81,81,0.7887940406799316,81,0.7386108040809631,1,1,1
81,Person_82,rec_2,81_rec_2,19,C:\Users\User\Downloads\26-1_Capstone-main\26-1_Capstone-main\data\ecg-id-database-1.0.0\Person_82\rec_2,rr_segment,8690,9056,8690,366,True,81,69,69,0.8395081162452698,69,0.7870810031890869,0,0,0
81,Person_82,rec_2,81_rec_2,20,C:\Users\User\Downloads\26-1_Capstone-main\26-1_Capstone-main\data\ecg-id-database-1.0.0\Person_82\rec_2,rr_segment,9056,9424,9056,368,True,81,81,81,0.9402045011520386,81,0.8849682807922363,1,1,1
82,Person_83,rec_1,82_rec_1,1,C:\Users\User\Downloads\26-1_Capstone-main\26-1_Capstone-main\data\ecg-id-database-1.0.0\Person_83\rec_1,rr_segment,1302,1679,1302,377,True,82,82,82,0.8837863206863403,82,0.7940395474433899,1,1,1
82,Person_83,rec_1,82_rec_1,2,C:\Users\User\Downloads\26-1_Capstone-main\26-1_Capstone-main\data\ecg-id-database-1.0.0\Person_83\rec_1,rr_segment,1679,2057,1679,378,True,82,82,82,0.8695948719978333,82,0.8160790205001831,1,1,1
82,Person_83,rec_1,82_rec_1,3,C:\Users\User\Downloads\26-1_Capstone-main\26-1_Capstone-main\data\ecg-id-database-1.0.0\Person_83\rec_1,rr_segment,2057,2430,2057,373,True,82,82,82,0.769730806350708,82,0.7229524850845337,1,1,1
82,Person_83,rec_1,82_rec_1,6,C:\Users\User\Downloads\26-1_Capstone-main\26-1_Capstone-main\data\ecg-id-database-1.0.0\Person_83\rec_1,rr_segment,3248,3610,3248,362,True,82,82,82,0.9774807095527649,82,0.9412393569946289,1,1,1
82,Person_83,rec_1,82_rec_1,7,C:\Users\User\Downloads\26-1_Capstone-main\26-1_Capstone-main\data\ecg-id-database-1.0.0\Person_83\rec_1,rr_segment,3610,3974,3610,364,True,82,82,82,0.8978660106658936,82,0.7951174974441528,1,1,1
82,Person_83,rec_1,82_rec_1,8,C:\Users\User\Downloads\26-1_Capstone-main\26-1_Capstone-main\data\ecg-id-database-1.0.0\Person_83\rec_1,rr_segment,3974,4315,3974,341,True,82,82,82,0.9828892946243286,82,0.9671666622161865,1,1,1
82,Person_83,rec_1,82_rec_1,9,C:\Users\User\Downloads\26-1_Capstone-main\26-1_Capstone-main\data\ecg-id-database-1.0.0\Person_83\rec_1,rr_segment,4315,4638,4315,323,True,82,82,82,0.9900378584861755,82,0.9808406233787537,1,1,1
82,Person_83,rec_1,82_rec_1,10,C:\Users\User\Downloads\26-1_Capstone-main\26-1_Capstone-main\data\ecg-id-database-1.0.0\Person_83\rec_1,rr_segment,4638,4967,4638,329,True,82,82,82,0.9914299249649048,82,0.98370361328125,1,1,1
82,Person_83,rec_1,82_rec_1,11,C:\Users\User\Downloads\26-1_Capstone-main\26-1_Capstone-main\data\ecg-id-database-1.0.0\Person_83\rec_1,rr_segment,4967,5303,4967,336,True,82,82,82,0.975689709186554,82,0.9427086710929871,1,1,1
82,Person_83,rec_1,82_rec_1,12,C:\Users\User\Downloads\26-1_Capstone-main\26-1_Capstone-main\data\ecg-id-database-1.0.0\Person_83\rec_1,rr_segment,5303,5641,5303,338,True,82,82,82,0.9924261569976807,82,0.989513099193573,1,1,1
82,Person_83,rec_1,82_rec_1,13,C:\Users\User\Downloads\26-1_Capstone-main\26-1_Capstone-main\data\ecg-id-database-1.0.0\Person_83\rec_1,rr_segment,5641,6002,5641,361,True,82,82,82,0.9808835983276367,82,0.983286440372467,1,1,1
82,Person_83,rec_1,82_rec_1,14,C:\Users\User\Downloads\26-1_Capstone-main\26-1_Capstone-main\data\ecg-id-database-1.0.0\Person_83\rec_1,rr_segment,6002,6374,6002,372,True,82,82,82,0.9923797845840454,82,0.9778817296028137,1,1,1
82,Person_83,rec_1,82_rec_1,15,C:\Users\User\Downloads\26-1_Capstone-main\26-1_Capstone-main\data\ecg-id-database-1.0.0\Person_83\rec_1,rr_segment,6374,6735,6374,361,True,82,82,82,0.9723696112632751,82,0.955586314201355,1,1,1
82,Person_83,rec_1,82_rec_1,16,C:\Users\User\Downloads\26-1_Capstone-main\26-1_Capstone-main\data\ecg-id-database-1.0.0\Person_83\rec_1,rr_segment,6735,7073,6735,338,True,82,82,82,0.8649724721908569,82,0.808958888053894,1,1,1
82,Person_83,rec_1,82_rec_1,17,C:\Users\User\Downloads\26-1_Capstone-main\26-1_Capstone-main\data\ecg-id-database-1.0.0\Person_83\rec_1,rr_segment,7073,7429,7073,356,True,82,82,82,0.958774983882904,82,0.9230940341949463,1,1,1
82,Person_83,rec_1,82_rec_1,18,C:\Users\User\Downloads\26-1_Capstone-main\26-1_Capstone-main\data\ecg-id-database-1.0.0\Person_83\rec_1,rr_segment,7429,7783,7429,354,True,82,82,82,0.9645023345947266,82,0.9066999554634094,1,1,1
82,Person_83,rec_1,82_rec_1,19,C:\Users\User\Downloads\26-1_Capstone-main\26-1_Capstone-main\data\ecg-id-database-1.0.0\Person_83\rec_1,rr_segment,7783,8129,7783,346,True,82,82,82,0.9901045560836792,82,0.9783046245574951,1,1,1
82,Person_83,rec_1,82_rec_1,20,C:\Users\User\Downloads\26-1_Capstone-main\26-1_Capstone-main\data\ecg-id-database-1.0.0\Person_83\rec_1,rr_segment,8129,8456,8129,327,True,82,82,82,0.9841232299804688,82,0.9879119992256165,1,1,1
82,Person_83,rec_1,82_rec_1,21,C:\Users\User\Downloads\26-1_Capstone-main\26-1_Capstone-main\data\ecg-id-database-1.0.0\Person_83\rec_1,rr_segment,8456,8773,8456,317,True,82,82,82,0.9874060153961182,82,0.9301173686981201,1,1,1
82,Person_83,rec_1,82_rec_1,22,C:\Users\User\Downloads\26-1_Capstone-main\26-1_Capstone-main\data\ecg-id-database-1.0.0\Person_83\rec_1,rr_segment,8773,9098,8773,325,True,82,82,82,0.9844834804534912,82,0.9838398098945618,1,1,1
82,Person_83,rec_1,82_rec_1,23,C:\Users\User\Downloads\26-1_Capstone-main\26-1_Capstone-main\data\ecg-id-database-1.0.0\Person_83\rec_1,rr_segment,9098,9425,9098,327,True,82,82,82,0.9884849190711975,82,0.9797378778457642,1,1,1
82,Person_83,rec_1,82_rec_1,24,C:\Users\User\Downloads\26-1_Capstone-main\26-1_Capstone-main\data\ecg-id-database-1.0.0\Person_83\rec_1,rr_segment,9425,9778,9425,353,True,82,82,82,0.9476056098937988,82,0.9101154208183289,1,1,1
83,Person_84,rec_1,83_rec_1,0,C:\Users\User\Downloads\26-1_Capstone-main\26-1_Capstone-main\data\ecg-id-database-1.0.0\Person_84\rec_1,rr_segment,390,690,390,300,True,83,83,83,0.9991773962974548,83,0.9964568018913269,1,1,1
83,Person_84,rec_1,83_rec_1,1,C:\Users\User\Downloads\26-1_Capstone-main\26-1_Capstone-main\data\ecg-id-database-1.0.0\Person_84\rec_1,rr_segment,690,989,690,299,True,83,83,83,0.9966017007827759,83,0.9972869157791138,1,1,1
83,Person_84,rec_1,83_rec_1,2,C:\Users\User\Downloads\26-1_Capstone-main\26-1_Capstone-main\data\ecg-id-database-1.0.0\Person_84\rec_1,rr_segment,989,1283,989,294,True,83,83,83,0.9981348514556885,83,0.9967526197433472,1,1,1
83,Person_84,rec_1,83_rec_1,3,C:\Users\User\Downloads\26-1_Capstone-main\26-1_Capstone-main\data\ecg-id-database-1.0.0\Person_84\rec_1,rr_segment,1283,1576,1283,293,True,83,83,83,0.9984917640686035,83,0.9967089891433716,1,1,1
83,Person_84,rec_1,83_rec_1,4,C:\Users\User\Downloads\26-1_Capstone-main\26-1_Capstone-main\data\ecg-id-database-1.0.0\Person_84\rec_1,rr_segment,1576,1875,1576,299,True,83,83,83,0.9954537749290466,83,0.9940693378448486,1,1,1
83,Person_84,rec_1,83_rec_1,5,C:\Users\User\Downloads\26-1_Capstone-main\26-1_Capstone-main\data\ecg-id-database-1.0.0\Person_84\rec_1,rr_segment,1875,2179,1875,304,True,83,65,65,0.9727798700332642,65,0.946160078048706,0,0,0
83,Person_84,rec_1,83_rec_1,6,C:\Users\User\Downloads\26-1_Capstone-main\26-1_Capstone-main\data\ecg-id-database-1.0.0\Person_84\rec_1,rr_segment,2179,2488,2179,309,True,83,83,83,0.9995773434638977,83,0.9962068796157837,1,1,1
83,Person_84,rec_1,83_rec_1,7,C:\Users\User\Downloads\26-1_Capstone-main\26-1_Capstone-main\data\ecg-id-database-1.0.0\Person_84\rec_1,rr_segment,2488,2794,2488,306,True,83,83,83,0.9995737075805664,83,0.9978145360946655,1,1,1
83,Person_84,rec_1,83_rec_1,8,C:\Users\User\Downloads\26-1_Capstone-main\26-1_Capstone-main\data\ecg-id-database-1.0.0\Person_84\rec_1,rr_segment,2794,3094,2794,300,True,83,83,83,0.9991704821586609,83,0.9982782006263733,1,1,1
83,Person_84,rec_1,83_rec_1,9,C:\Users\User\Downloads\26-1_Capstone-main\26-1_Capstone-main\data\ecg-id-database-1.0.0\Person_84\rec_1,rr_segment,3094,3390,3094,296,True,83,83,83,0.9988054037094116,83,0.9979894757270813,1,1,1
83,Person_84,rec_1,83_rec_1,10,C:\Users\User\Downloads\26-1_Capstone-main\26-1_Capstone-main\data\ecg-id-database-1.0.0\Person_84\rec_1,rr_segment,3390,3684,3390,294,True,83,83,83,0.998988687992096,83,0.9952026009559631,1,1,1
83,Person_84,rec_1,83_rec_1,11,C:\Users\User\Downloads\26-1_Capstone-main\26-1_Capstone-main\data\ecg-id-database-1.0.0\Person_84\rec_1,rr_segment,3684,3979,3684,295,True,83,83,83,0.999052882194519,83,0.9953299760818481,1,1,1
83,Person_84,rec_1,83_rec_1,12,C:\Users\User\Downloads\26-1_Capstone-main\26-1_Capstone-main\data\ecg-id-database-1.0.0\Person_84\rec_1,rr_segment,3979,4276,3979,297,True,83,83,83,0.9990601539611816,83,0.9968727827072144,1,1,1
83,Person_84,rec_1,83_rec_1,13,C:\Users\User\Downloads\26-1_Capstone-main\26-1_Capstone-main\data\ecg-id-database-1.0.0\Person_84\rec_1,rr_segment,4276,4575,4276,299,True,83,83,83,0.9994409084320068,83,0.9987534284591675,1,1,1
83,Person_84,rec_1,83_rec_1,14,C:\Users\User\Downloads\26-1_Capstone-main\26-1_Capstone-main\data\ecg-id-database-1.0.0\Person_84\rec_1,rr_segment,4575,4871,4575,296,True,83,83,83,0.9986501336097717,83,0.9935373067855835,1,1,1
83,Person_84,rec_1,83_rec_1,15,C:\Users\User\Downloads\26-1_Capstone-main\26-1_Capstone-main\data\ecg-id-database-1.0.0\Person_84\rec_1,rr_segment,4871,5169,4871,298,True,83,83,83,0.9995031952857971,83,0.9961540699005127,1,1,1
83,Person_84,rec_1,83_rec_1,16,C:\Users\User\Downloads\26-1_Capstone-main\26-1_Capstone-main\data\ecg-id-database-1.0.0\Person_84\rec_1,rr_segment,5169,5467,5169,298,True,83,83,83,0.9970715641975403,83,0.9930537939071655,1,1,1
83,Person_84,rec_1,83_rec_1,17,C:\Users\User\Downloads\26-1_Capstone-main\26-1_Capstone-main\data\ecg-id-database-1.0.0\Person_84\rec_1,rr_segment,5467,5772,5467,305,True,83,83,83,0.9988422393798828,83,0.9973894953727722,1,1,1
83,Person_84,rec_1,83_rec_1,18,C:\Users\User\Downloads\26-1_Capstone-main\26-1_Capstone-main\data\ecg-id-database-1.0.0\Person_84\rec_1,rr_segment,5772,6078,5772,306,True,83,83,83,0.9993162751197815,83,0.9970461130142212,1,1,1
83,Person_84,rec_1,83_rec_1,22,C:\Users\User\Downloads\26-1_Capstone-main\26-1_Capstone-main\data\ecg-id-database-1.0.0\Person_84\rec_1,rr_segment,7021,7325,7021,304,True,83,83,83,0.9988500475883484,83,0.9975548982620239,1,1,1
83,Person_84,rec_1,83_rec_1,23,C:\Users\User\Downloads\26-1_Capstone-main\26-1_Capstone-main\data\ecg-id-database-1.0.0\Person_84\rec_1,rr_segment,7325,7625,7325,300,True,83,83,83,0.998302161693573,83,0.9925415515899658,1,1,1
83,Person_84,rec_1,83_rec_1,24,C:\Users\User\Downloads\26-1_Capstone-main\26-1_Capstone-main\data\ecg-id-database-1.0.0\Person_84\rec_1,rr_segment,7625,7923,7625,298,True,83,83,83,0.9967457056045532,83,0.997552752494812,1,1,1
83,Person_84,rec_1,83_rec_1,25,C:\Users\User\Downloads\26-1_Capstone-main\26-1_Capstone-main\data\ecg-id-database-1.0.0\Person_84\rec_1,rr_segment,7923,8213,7923,290,True,83,83,83,0.9986224174499512,83,0.9975427389144897,1,1,1
83,Person_84,rec_1,83_rec_1,30,C:\Users\User\Downloads\26-1_Capstone-main\26-1_Capstone-main\data\ecg-id-database-1.0.0\Person_84\rec_1,rr_segment,9350,9646,9350,296,True,83,83,83,0.9853193759918213,83,0.9741407036781311,1,1,1
83,Person_84,rec_1,83_rec_1,31,C:\Users\User\Downloads\26-1_Capstone-main\26-1_Capstone-main\data\ecg-id-database-1.0.0\Person_84\rec_1,rr_segment,9646,9950,9646,304,True,83,83,83,0.9937546253204346,83,0.9863232374191284,1,1,1
84,Person_85,rec_3,84_rec_3,0,C:\Users\User\Downloads\26-1_Capstone-main\26-1_Capstone-main\data\ecg-id-database-1.0.0\Person_85\rec_3,rr_segment,187,549,187,362,True,84,84,84,0.8478467464447021,84,0.8299506902694702,1,1,1
84,Person_85,rec_3,84_rec_3,1,C:\Users\User\Downloads\26-1_Capstone-main\26-1_Capstone-main\data\ecg-id-database-1.0.0\Person_85\rec_3,rr_segment,549,885,549,336,True,84,68,68,0.91175377368927,68,0.8952203989028931,0,0,0
84,Person_85,rec_3,84_rec_3,2,C:\Users\User\Downloads\26-1_Capstone-main\26-1_Capstone-main\data\ecg-id-database-1.0.0\Person_85\rec_3,rr_segment,885,1211,885,326,True,84,84,84,0.9292206168174744,84,0.8395100235939026,1,1,1
84,Person_85,rec_3,84_rec_3,3,C:\Users\User\Downloads\26-1_Capstone-main\26-1_Capstone-main\data\ecg-id-database-1.0.0\Person_85\rec_3,rr_segment,1211,1547,1211,336,True,84,84,51,0.7797662019729614,84,0.7083806991577148,1,0,1
84,Person_85,rec_3,84_rec_3,4,C:\Users\User\Downloads\26-1_Capstone-main\26-1_Capstone-main\data\ecg-id-database-1.0.0\Person_85\rec_3,rr_segment,1547,1906,1547,359,True,84,84,51,0.817115843296051,84,0.681288480758667,1,0,1
84,Person_85,rec_3,84_rec_3,5,C:\Users\User\Downloads\26-1_Capstone-main\26-1_Capstone-main\data\ecg-id-database-1.0.0\Person_85\rec_3,rr_segment,1906,2283,1906,377,True,84,84,84,0.8712166547775269,84,0.8367034196853638,1,1,1
84,Person_85,rec_3,84_rec_3,6,C:\Users\User\Downloads\26-1_Capstone-main\26-1_Capstone-main\data\ecg-id-database-1.0.0\Person_85\rec_3,rr_segment,2283,2626,2283,343,True,84,51,51,0.9219803810119629,51,0.8451964855194092,0,0,0
84,Person_85,rec_3,84_rec_3,7,C:\Users\User\Downloads\26-1_Capstone-main\26-1_Capstone-main\data\ecg-id-database-1.0.0\Person_85\rec_3,rr_segment,2626,3003,2626,377,True,84,53,53,0.6503456830978394,53,0.5936046838760376,0,0,0
84,Person_85,rec_3,84_rec_3,10,C:\Users\User\Downloads\26-1_Capstone-main\26-1_Capstone-main\data\ecg-id-database-1.0.0\Person_85\rec_3,rr_segment,3798,4161,3798,363,True,84,51,51,0.9522993564605713,51,0.957665205001831,0,0,0
84,Person_85,rec_3,84_rec_3,11,C:\Users\User\Downloads\26-1_Capstone-main\26-1_Capstone-main\data\ecg-id-database-1.0.0\Person_85\rec_3,rr_segment,4161,4516,4161,355,True,84,49,51,0.8418720364570618,49,0.6806345582008362,0,0,0
84,Person_85,rec_3,84_rec_3,12,C:\Users\User\Downloads\26-1_Capstone-main\26-1_Capstone-main\data\ecg-id-database-1.0.0\Person_85\rec_3,rr_segment,4516,4874,4516,358,True,84,84,84,0.9777073860168457,84,0.9702156782150269,1,1,1
84,Person_85,rec_3,84_rec_3,13,C:\Users\User\Downloads\26-1_Capstone-main\26-1_Capstone-main\data\ecg-id-database-1.0.0\Person_85\rec_3,rr_segment,4874,5238,4874,364,True,84,84,84,0.7334665060043335,84,0.6710690259933472,1,1,1
84,Person_85,rec_3,84_rec_3,14,C:\Users\User\Downloads\26-1_Capstone-main\26-1_Capstone-main\data\ecg-id-database-1.0.0\Person_85\rec_3,rr_segment,5238,5579,5238,341,True,84,57,57,0.7685284614562988,57,0.6886923313140869,0,0,0
84,Person_85,rec_3,84_rec_3,17,C:\Users\User\Downloads\26-1_Capstone-main\26-1_Capstone-main\data\ecg-id-database-1.0.0\Person_85\rec_3,rr_segment,6196,6521,6196,325,True,84,49,51,0.8269333839416504,49,0.5961065292358398,0,0,0
84,Person_85,rec_3,84_rec_3,18,C:\Users\User\Downloads\26-1_Capstone-main\26-1_Capstone-main\data\ecg-id-database-1.0.0\Person_85\rec_3,rr_segment,6521,6887,6521,366,True,84,33,33,0.9084036350250244,33,0.6420549154281616,0,0,0
84,Person_85,rec_3,84_rec_3,19,C:\Users\User\Downloads\26-1_Capstone-main\26-1_Capstone-main\data\ecg-id-database-1.0.0\Person_85\rec_3,rr_segment,6887,7259,6887,372,True,84,57,57,0.911430835723877,57,0.8788034915924072,0,0,0
84,Person_85,rec_3,84_rec_3,20,C:\Users\User\Downloads\26-1_Capstone-main\26-1_Capstone-main\data\ecg-id-database-1.0.0\Person_85\rec_3,rr_segment,7259,7608,7259,349,True,84,84,84,0.9713081121444702,84,0.9473744630813599,1,1,1
84,Person_85,rec_3,84_rec_3,21,C:\Users\User\Downloads\26-1_Capstone-main\26-1_Capstone-main\data\ecg-id-database-1.0.0\Person_85\rec_3,rr_segment,7608,7981,7608,373,True,84,54,51,0.7317671775817871,54,0.6234314441680908,0,0,0
84,Person_85,rec_3,84_rec_3,22,C:\Users\User\Downloads\26-1_Capstone-main\26-1_Capstone-main\data\ecg-id-database-1.0.0\Person_85\rec_3,rr_segment,7981,8356,7981,375,True,84,84,68,0.8561225533485413,84,0.8108842372894287,1,0,1
84,Person_85,rec_3,84_rec_3,23,C:\Users\User\Downloads\26-1_Capstone-main\26-1_Capstone-main\data\ecg-id-database-1.0.0\Person_85\rec_3,rr_segment,8356,8708,8356,352,True,84,57,57,0.8867753744125366,57,0.8453590869903564,0,0,0
84,Person_85,rec_3,84_rec_3,24,C:\Users\User\Downloads\26-1_Capstone-main\26-1_Capstone-main\data\ecg-id-database-1.0.0\Person_85\rec_3,rr_segment,8708,9028,8708,320,True,84,57,57,0.8800209760665894,57,0.8196148872375488,0,0,0
84,Person_85,rec_3,84_rec_3,25,C:\Users\User\Downloads\26-1_Capstone-main\26-1_Capstone-main\data\ecg-id-database-1.0.0\Person_85\rec_3,rr_segment,9028,9351,9028,323,True,84,68,68,0.9232305884361267,68,0.8329901695251465,0,0,0
84,Person_85,rec_3,84_rec_3,26,C:\Users\User\Downloads\26-1_Capstone-main\26-1_Capstone-main\data\ecg-id-database-1.0.0\Person_85\rec_3,rr_segment,9351,9681,9351,330,True,84,84,84,0.8614152669906616,84,0.8079296350479126,1,1,1
85,Person_86,rec_2,85_rec_2,0,C:\Users\User\Downloads\26-1_Capstone-main\26-1_Capstone-main\data\ecg-id-database-1.0.0\Person_86\rec_2,rr_segment,451,761,451,310,True,85,85,85,0.9768900871276855,85,0.957211434841156,1,1,1
85,Person_86,rec_2,85_rec_2,1,C:\Users\User\Downloads\26-1_Capstone-main\26-1_Capstone-main\data\ecg-id-database-1.0.0\Person_86\rec_2,rr_segment,761,1069,761,308,True,85,85,85,0.9758118391036987,85,0.9649704694747925,1,1,1
85,Person_86,rec_2,85_rec_2,2,C:\Users\User\Downloads\26-1_Capstone-main\26-1_Capstone-main\data\ecg-id-database-1.0.0\Person_86\rec_2,rr_segment,1069,1378,1069,309,True,85,85,85,0.9755533337593079,85,0.9568668603897095,1,1,1
85,Person_86,rec_2,85_rec_2,3,C:\Users\User\Downloads\26-1_Capstone-main\26-1_Capstone-main\data\ecg-id-database-1.0.0\Person_86\rec_2,rr_segment,1378,1689,1378,311,True,85,85,85,0.9948028326034546,85,0.9787978529930115,1,1,1
85,Person_86,rec_2,85_rec_2,4,C:\Users\User\Downloads\26-1_Capstone-main\26-1_Capstone-main\data\ecg-id-database-1.0.0\Person_86\rec_2,rr_segment,1689,1995,1689,306,True,85,85,85,0.9483097791671753,85,0.9231739640235901,1,1,1
85,Person_86,rec_2,85_rec_2,5,C:\Users\User\Downloads\26-1_Capstone-main\26-1_Capstone-main\data\ecg-id-database-1.0.0\Person_86\rec_2,rr_segment,1995,2298,1995,303,True,85,85,85,0.9846157431602478,85,0.9836630821228027,1,1,1
85,Person_86,rec_2,85_rec_2,6,C:\Users\User\Downloads\26-1_Capstone-main\26-1_Capstone-main\data\ecg-id-database-1.0.0\Person_86\rec_2,rr_segment,2298,2596,2298,298,True,85,85,85,0.9784418344497681,85,0.966010332107544,1,1,1
85,Person_86,rec_2,85_rec_2,7,C:\Users\User\Downloads\26-1_Capstone-main\26-1_Capstone-main\data\ecg-id-database-1.0.0\Person_86\rec_2,rr_segment,2596,2892,2596,296,True,85,85,85,0.8678719401359558,85,0.8358843326568604,1,1,1
85,Person_86,rec_2,85_rec_2,8,C:\Users\User\Downloads\26-1_Capstone-main\26-1_Capstone-main\data\ecg-id-database-1.0.0\Person_86\rec_2,rr_segment,2892,3189,2892,297,True,85,85,85,0.9864616394042969,85,0.9882248044013977,1,1,1
85,Person_86,rec_2,85_rec_2,9,C:\Users\User\Downloads\26-1_Capstone-main\26-1_Capstone-main\data\ecg-id-database-1.0.0\Person_86\rec_2,rr_segment,3189,3491,3189,302,True,85,85,85,0.9414591789245605,85,0.8888508677482605,1,1,1
85,Person_86,rec_2,85_rec_2,10,C:\Users\User\Downloads\26-1_Capstone-main\26-1_Capstone-main\data\ecg-id-database-1.0.0\Person_86\rec_2,rr_segment,3491,3791,3491,300,True,85,85,85,0.9839991927146912,85,0.9841117858886719,1,1,1
85,Person_86,rec_2,85_rec_2,11,C:\Users\User\Downloads\26-1_Capstone-main\26-1_Capstone-main\data\ecg-id-database-1.0.0\Person_86\rec_2,rr_segment,3791,4090,3791,299,True,85,85,85,0.9642328023910522,85,0.9450770616531372,1,1,1
85,Person_86,rec_2,85_rec_2,12,C:\Users\User\Downloads\26-1_Capstone-main\26-1_Capstone-main\data\ecg-id-database-1.0.0\Person_86\rec_2,rr_segment,4090,4389,4090,299,True,85,85,85,0.9884681105613708,85,0.9817915558815002,1,1,1
85,Person_86,rec_2,85_rec_2,13,C:\Users\User\Downloads\26-1_Capstone-main\26-1_Capstone-main\data\ecg-id-database-1.0.0\Person_86\rec_2,rr_segment,4389,4692,4389,303,True,85,85,85,0.821320652961731,85,0.7460318803787231,1,1,1
85,Person_86,rec_2,85_rec_2,14,C:\Users\User\Downloads\26-1_Capstone-main\26-1_Capstone-main\data\ecg-id-database-1.0.0\Person_86\rec_2,rr_segment,4692,4996,4692,304,True,85,85,85,0.9656829833984375,85,0.9266110062599182,1,1,1
85,Person_86,rec_2,85_rec_2,15,C:\Users\User\Downloads\26-1_Capstone-main\26-1_Capstone-main\data\ecg-id-database-1.0.0\Person_86\rec_2,rr_segment,4996,5299,4996,303,True,85,42,42,0.7862464189529419,42,0.6341891288757324,0,0,0
85,Person_86,rec_2,85_rec_2,16,C:\Users\User\Downloads\26-1_Capstone-main\26-1_Capstone-main\data\ecg-id-database-1.0.0\Person_86\rec_2,rr_segment,5299,5597,5299,298,True,85,85,85,0.9897098541259766,85,0.9737364053726196,1,1,1
85,Person_86,rec_2,85_rec_2,17,C:\Users\User\Downloads\26-1_Capstone-main\26-1_Capstone-main\data\ecg-id-database-1.0.0\Person_86\rec_2,rr_segment,5597,5895,5597,298,True,85,85,85,0.9523442387580872,85,0.9358984231948853,1,1,1
85,Person_86,rec_2,85_rec_2,18,C:\Users\User\Downloads\26-1_Capstone-main\26-1_Capstone-main\data\ecg-id-database-1.0.0\Person_86\rec_2,rr_segment,5895,6190,5895,295,True,85,85,85,0.9682298898696899,85,0.9705060124397278,1,1,1
85,Person_86,rec_2,85_rec_2,19,C:\Users\User\Downloads\26-1_Capstone-main\26-1_Capstone-main\data\ecg-id-database-1.0.0\Person_86\rec_2,rr_segment,6190,6482,6190,292,True,85,85,85,0.9814627170562744,85,0.9757369756698608,1,1,1
85,Person_86,rec_2,85_rec_2,20,C:\Users\User\Downloads\26-1_Capstone-main\26-1_Capstone-main\data\ecg-id-database-1.0.0\Person_86\rec_2,rr_segment,6482,6775,6482,293,True,85,85,85,0.9685676097869873,85,0.9620978236198425,1,1,1
85,Person_86,rec_2,85_rec_2,21,C:\Users\User\Downloads\26-1_Capstone-main\26-1_Capstone-main\data\ecg-id-database-1.0.0\Person_86\rec_2,rr_segment,6775,7066,6775,291,True,85,85,85,0.9441457390785217,85,0.927402138710022,1,1,1
85,Person_86,rec_2,85_rec_2,22,C:\Users\User\Downloads\26-1_Capstone-main\26-1_Capstone-main\data\ecg-id-database-1.0.0\Person_86\rec_2,rr_segment,7066,7354,7066,288,True,85,85,85,0.8896356225013733,85,0.7939767837524414,1,1,1
85,Person_86,rec_2,85_rec_2,23,C:\Users\User\Downloads\26-1_Capstone-main\26-1_Capstone-main\data\ecg-id-database-1.0.0\Person_86\rec_2,rr_segment,7354,7640,7354,286,True,85,85,85,0.9816399812698364,85,0.974571943283081,1,1,1
85,Person_86,rec_2,85_rec_2,24,C:\Users\User\Downloads\26-1_Capstone-main\26-1_Capstone-main\data\ecg-id-database-1.0.0\Person_86\rec_2,rr_segment,7640,7921,7640,281,True,85,85,85,0.9328204393386841,85,0.9042154550552368,1,1,1
85,Person_86,rec_2,85_rec_2,25,C:\Users\User\Downloads\26-1_Capstone-main\26-1_Capstone-main\data\ecg-id-database-1.0.0\Person_86\rec_2,rr_segment,7921,8201,7921,280,True,85,85,85,0.9421613216400146,85,0.9274905323982239,1,1,1
85,Person_86,rec_2,85_rec_2,26,C:\Users\User\Downloads\26-1_Capstone-main\26-1_Capstone-main\data\ecg-id-database-1.0.0\Person_86\rec_2,rr_segment,8201,8480,8201,279,True,85,85,85,0.9151647090911865,85,0.8693497180938721,1,1,1
86,Person_87,rec_1,86_rec_1,0,C:\Users\User\Downloads\26-1_Capstone-main\26-1_Capstone-main\data\ecg-id-database-1.0.0\Person_87\rec_1,rr_segment,202,555,202,353,True,86,42,42,0.9262191653251648,42,0.8776477575302124,0,0,0
86,Person_87,rec_1,86_rec_1,1,C:\Users\User\Downloads\26-1_Capstone-main\26-1_Capstone-main\data\ecg-id-database-1.0.0\Person_87\rec_1,rr_segment,555,920,555,365,True,86,42,42,0.936486005783081,42,0.8609715700149536,0,0,0
86,Person_87,rec_1,86_rec_1,2,C:\Users\User\Downloads\26-1_Capstone-main\26-1_Capstone-main\data\ecg-id-database-1.0.0\Person_87\rec_1,rr_segment,920,1331,920,411,True,86,54,62,0.7018405795097351,54,0.625461220741272,0,0,0
86,Person_87,rec_1,86_rec_1,7,C:\Users\User\Downloads\26-1_Capstone-main\26-1_Capstone-main\data\ecg-id-database-1.0.0\Person_87\rec_1,rr_segment,2766,3141,2766,375,True,86,54,31,0.7520216107368469,54,0.6521403789520264,0,0,0
86,Person_87,rec_1,86_rec_1,8,C:\Users\User\Downloads\26-1_Capstone-main\26-1_Capstone-main\data\ecg-id-database-1.0.0\Person_87\rec_1,rr_segment,3141,3480,3141,339,True,86,67,42,0.724521815776825,42,0.6743903160095215,0,0,0
86,Person_87,rec_1,86_rec_1,9,C:\Users\User\Downloads\26-1_Capstone-main\26-1_Capstone-main\data\ecg-id-database-1.0.0\Person_87\rec_1,rr_segment,3480,3819,3480,339,True,86,42,42,0.6929346323013306,42,0.5659605264663696,0,0,0
86,Person_87,rec_1,86_rec_1,10,C:\Users\User\Downloads\26-1_Capstone-main\26-1_Capstone-main\data\ecg-id-database-1.0.0\Person_87\rec_1,rr_segment,3819,4154,3819,335,True,86,59,59,0.9045270681381226,59,0.8717553615570068,0,0,0
86,Person_87,rec_1,86_rec_1,11,C:\Users\User\Downloads\26-1_Capstone-main\26-1_Capstone-main\data\ecg-id-database-1.0.0\Person_87\rec_1,rr_segment,4154,4513,4154,359,True,86,85,85,0.8508926630020142,85,0.7366842031478882,0,0,0
86,Person_87,rec_1,86_rec_1,12,C:\Users\User\Downloads\26-1_Capstone-main\26-1_Capstone-main\data\ecg-id-database-1.0.0\Person_87\rec_1,rr_segment,4513,4919,4513,406,True,86,59,59,0.882813036441803,59,0.7233303189277649,0,0,0
86,Person_87,rec_1,86_rec_1,13,C:\Users\User\Downloads\26-1_Capstone-main\26-1_Capstone-main\data\ecg-id-database-1.0.0\Person_87\rec_1,rr_segment,4919,5321,4919,402,True,86,31,31,0.8831626176834106,31,0.8226140737533569,0,0,0
86,Person_87,rec_1,86_rec_1,14,C:\Users\User\Downloads\26-1_Capstone-main\26-1_Capstone-main\data\ecg-id-database-1.0.0\Person_87\rec_1,rr_segment,5321,5720,5321,399,True,86,31,59,0.8675718903541565,31,0.7070943117141724,0,0,0
86,Person_87,rec_1,86_rec_1,15,C:\Users\User\Downloads\26-1_Capstone-main\26-1_Capstone-main\data\ecg-id-database-1.0.0\Person_87\rec_1,rr_segment,5720,6102,5720,382,True,86,31,31,0.9480395317077637,31,0.9343148469924927,0,0,0
86,Person_87,rec_1,86_rec_1,16,C:\Users\User\Downloads\26-1_Capstone-main\26-1_Capstone-main\data\ecg-id-database-1.0.0\Person_87\rec_1,rr_segment,6102,6468,6102,366,True,86,31,31,0.8960578441619873,31,0.8166548013687134,0,0,0
86,Person_87,rec_1,86_rec_1,17,C:\Users\User\Downloads\26-1_Capstone-main\26-1_Capstone-main\data\ecg-id-database-1.0.0\Person_87\rec_1,rr_segment,6468,6812,6468,344,True,86,42,42,0.9328396916389465,42,0.8554146885871887,0,0,0
86,Person_87,rec_1,86_rec_1,18,C:\Users\User\Downloads\26-1_Capstone-main\26-1_Capstone-main\data\ecg-id-database-1.0.0\Person_87\rec_1,rr_segment,6812,7142,6812,330,True,86,39,39,0.8450176119804382,39,0.762802004814148,0,0,0
86,Person_87,rec_1,86_rec_1,19,C:\Users\User\Downloads\26-1_Capstone-main\26-1_Capstone-main\data\ecg-id-database-1.0.0\Person_87\rec_1,rr_segment,7142,7462,7142,320,True,86,59,39,0.8817356824874878,42,0.6964200735092163,0,0,0
86,Person_87,rec_1,86_rec_1,20,C:\Users\User\Downloads\26-1_Capstone-main\26-1_Capstone-main\data\ecg-id-database-1.0.0\Person_87\rec_1,rr_segment,7462,7783,7462,321,True,86,39,39,0.8993011713027954,39,0.8526486754417419,0,0,0
86,Person_87,rec_1,86_rec_1,21,C:\Users\User\Downloads\26-1_Capstone-main\26-1_Capstone-main\data\ecg-id-database-1.0.0\Person_87\rec_1,rr_segment,7783,8110,7783,327,True,86,42,39,0.7521181106567383,0,0.6384713649749756,0,0,0
86,Person_87,rec_1,86_rec_1,22,C:\Users\User\Downloads\26-1_Capstone-main\26-1_Capstone-main\data\ecg-id-database-1.0.0\Person_87\rec_1,rr_segment,8110,8446,8110,336,True,86,59,34,0.8366392850875854,59,0.7341203093528748,0,0,0
86,Person_87,rec_1,86_rec_1,23,C:\Users\User\Downloads\26-1_Capstone-main\26-1_Capstone-main\data\ecg-id-database-1.0.0\Person_87\rec_1,rr_segment,8446,8775,8446,329,True,86,42,42,0.7333191633224487,42,0.660167396068573,0,0,0
86,Person_87,rec_1,86_rec_1,24,C:\Users\User\Downloads\26-1_Capstone-main\26-1_Capstone-main\data\ecg-id-database-1.0.0\Person_87\rec_1,rr_segment,8775,9115,8775,340,True,86,39,39,0.8925856351852417,39,0.8834511637687683,0,0,0
86,Person_87,rec_1,86_rec_1,25,C:\Users\User\Downloads\26-1_Capstone-main\26-1_Capstone-main\data\ecg-id-database-1.0.0\Person_87\rec_1,rr_segment,9115,9466,9115,351,True,86,54,0,0.706249475479126,0,0.6125459671020508,0,0,0
86,Person_87,rec_1,86_rec_1,26,C:\Users\User\Downloads\26-1_Capstone-main\26-1_Capstone-main\data\ecg-id-database-1.0.0\Person_87\rec_1,rr_segment,9466,9818,9466,352,True,86,59,59,0.8034976124763489,59,0.6586997509002686,0,0,0
87,Person_88,rec_3,87_rec_3,0,C:\Users\User\Downloads\26-1_Capstone-main\26-1_Capstone-main\data\ecg-id-database-1.0.0\Person_88\rec_3,rr_segment,258,642,258,384,True,87,0,0,0.9838513731956482,0,0.970670223236084,0,0,0
87,Person_88,rec_3,87_rec_3,1,C:\Users\User\Downloads\26-1_Capstone-main\26-1_Capstone-main\data\ecg-id-database-1.0.0\Person_88\rec_3,rr_segment,642,1027,642,385,True,87,87,0,0.9600764513015747,0,0.9075087904930115,1,0,0
87,Person_88,rec_3,87_rec_3,2,C:\Users\User\Downloads\26-1_Capstone-main\26-1_Capstone-main\data\ecg-id-database-1.0.0\Person_88\rec_3,rr_segment,1027,1428,1027,401,True,87,87,87,0.9860643148422241,87,0.9590356349945068,1,1,1
87,Person_88,rec_3,87_rec_3,3,C:\Users\User\Downloads\26-1_Capstone-main\26-1_Capstone-main\data\ecg-id-database-1.0.0\Person_88\rec_3,rr_segment,1428,1840,1428,412,True,87,0,0,0.9689497947692871,0,0.9744056463241577,0,0,0
87,Person_88,rec_3,87_rec_3,4,C:\Users\User\Downloads\26-1_Capstone-main\26-1_Capstone-main\data\ecg-id-database-1.0.0\Person_88\rec_3,rr_segment,1840,2267,1840,427,True,87,87,87,0.9626343250274658,87,0.8918375968933105,1,1,1
87,Person_88,rec_3,87_rec_3,5,C:\Users\User\Downloads\26-1_Capstone-main\26-1_Capstone-main\data\ecg-id-database-1.0.0\Person_88\rec_3,rr_segment,2267,2683,2267,416,True,87,87,87,0.9612507820129395,0,0.8962697982788086,1,1,0
87,Person_88,rec_3,87_rec_3,6,C:\Users\User\Downloads\26-1_Capstone-main\26-1_Capstone-main\data\ecg-id-database-1.0.0\Person_88\rec_3,rr_segment,2683,3055,2683,372,True,87,0,0,0.9339151382446289,0,0.9021328687667847,0,0,0
87,Person_88,rec_3,87_rec_3,7,C:\Users\User\Downloads\26-1_Capstone-main\26-1_Capstone-main\data\ecg-id-database-1.0.0\Person_88\rec_3,rr_segment,3055,3426,3055,371,True,87,87,0,0.9595368504524231,0,0.8193047046661377,1,0,0
87,Person_88,rec_3,87_rec_3,8,C:\Users\User\Downloads\26-1_Capstone-main\26-1_Capstone-main\data\ecg-id-database-1.0.0\Person_88\rec_3,rr_segment,3426,3787,3426,361,True,87,0,0,0.9435517191886902,0,0.9037488102912903,0,0,0
87,Person_88,rec_3,87_rec_3,9,C:\Users\User\Downloads\26-1_Capstone-main\26-1_Capstone-main\data\ecg-id-database-1.0.0\Person_88\rec_3,rr_segment,3787,4162,3787,375,True,87,87,0,0.9022924304008484,0,0.8517578840255737,1,0,0
87,Person_88,rec_3,87_rec_3,10,C:\Users\User\Downloads\26-1_Capstone-main\26-1_Capstone-main\data\ecg-id-database-1.0.0\Person_88\rec_3,rr_segment,4162,4564,4162,402,True,87,0,0,0.9598053097724915,0,0.9506170153617859,0,0,0
87,Person_88,rec_3,87_rec_3,11,C:\Users\User\Downloads\26-1_Capstone-main\26-1_Capstone-main\data\ecg-id-database-1.0.0\Person_88\rec_3,rr_segment,4564,4993,4564,429,True,87,87,0,0.9683597087860107,87,0.9057241082191467,1,0,1
87,Person_88,rec_3,87_rec_3,15,C:\Users\User\Downloads\26-1_Capstone-main\26-1_Capstone-main\data\ecg-id-database-1.0.0\Person_88\rec_3,rr_segment,6316,6740,6316,424,True,87,0,0,0.926828145980835,0,0.8865695595741272,0,0,0
87,Person_88,rec_3,87_rec_3,16,C:\Users\User\Downloads\26-1_Capstone-main\26-1_Capstone-main\data\ecg-id-database-1.0.0\Person_88\rec_3,rr_segment,6740,7132,6740,392,True,87,0,0,0.9619612693786621,0,0.9543831944465637,0,0,0
87,Person_88,rec_3,87_rec_3,17,C:\Users\User\Downloads\26-1_Capstone-main\26-1_Capstone-main\data\ecg-id-database-1.0.0\Person_88\rec_3,rr_segment,7132,7497,7132,365,True,87,87,0,0.8578551411628723,0,0.7144973874092102,1,0,0
87,Person_88,rec_3,87_rec_3,18,C:\Users\User\Downloads\26-1_Capstone-main\26-1_Capstone-main\data\ecg-id-database-1.0.0\Person_88\rec_3,rr_segment,7497,7858,7497,361,True,87,18,0,0.9192503094673157,0,0.8851761817932129,0,0,0
87,Person_88,rec_3,87_rec_3,19,C:\Users\User\Downloads\26-1_Capstone-main\26-1_Capstone-main\data\ecg-id-database-1.0.0\Person_88\rec_3,rr_segment,7858,8224,7858,366,True,87,87,0,0.8962741494178772,87,0.7143798470497131,1,0,1
87,Person_88,rec_3,87_rec_3,20,C:\Users\User\Downloads\26-1_Capstone-main\26-1_Capstone-main\data\ecg-id-database-1.0.0\Person_88\rec_3,rr_segment,8224,8600,8224,376,True,87,87,0,0.8945040702819824,0,0.8549649715423584,1,0,0
87,Person_88,rec_3,87_rec_3,21,C:\Users\User\Downloads\26-1_Capstone-main\26-1_Capstone-main\data\ecg-id-database-1.0.0\Person_88\rec_3,rr_segment,8600,8992,8600,392,True,87,87,0,0.9264084100723267,0,0.9067123532295227,1,0,0
87,Person_88,rec_3,87_rec_3,22,C:\Users\User\Downloads\26-1_Capstone-main\26-1_Capstone-main\data\ecg-id-database-1.0.0\Person_88\rec_3,rr_segment,8992,9383,8992,391,True,87,87,87,0.9205960035324097,87,0.8791114091873169,1,1,1
87,Person_88,rec_3,87_rec_3,23,C:\Users\User\Downloads\26-1_Capstone-main\26-1_Capstone-main\data\ecg-id-database-1.0.0\Person_88\rec_3,rr_segment,9383,9785,9383,402,True,87,87,0,0.9648376703262329,87,0.9265599250793457,1,0,1
88,Person_89,rec_1,88_rec_1,0,C:\Users\User\Downloads\26-1_Capstone-main\26-1_Capstone-main\data\ecg-id-database-1.0.0\Person_89\rec_1,rr_segment,413,873,413,460,True,88,88,88,0.9992537498474121,88,0.9963045120239258,1,1,1
88,Person_89,rec_1,88_rec_1,3,C:\Users\User\Downloads\26-1_Capstone-main\26-1_Capstone-main\data\ecg-id-database-1.0.0\Person_89\rec_1,rr_segment,1866,2326,1866,460,True,88,88,88,0.9993950128555298,88,0.9960646629333496,1,1,1
88,Person_89,rec_1,88_rec_1,4,C:\Users\User\Downloads\26-1_Capstone-main\26-1_Capstone-main\data\ecg-id-database-1.0.0\Person_89\rec_1,rr_segment,2326,2800,2326,474,True,88,88,88,0.998927652835846,88,0.9941734075546265,1,1,1
88,Person_89,rec_1,88_rec_1,5,C:\Users\User\Downloads\26-1_Capstone-main\26-1_Capstone-main\data\ecg-id-database-1.0.0\Person_89\rec_1,rr_segment,2800,3272,2800,472,True,88,88,88,0.9991003274917603,88,0.9964305758476257,1,1,1
88,Person_89,rec_1,88_rec_1,6,C:\Users\User\Downloads\26-1_Capstone-main\26-1_Capstone-main\data\ecg-id-database-1.0.0\Person_89\rec_1,rr_segment,3272,3740,3272,468,True,88,88,88,0.9989802241325378,88,0.9943006038665771,1,1,1
88,Person_89,rec_1,88_rec_1,7,C:\Users\User\Downloads\26-1_Capstone-main\26-1_Capstone-main\data\ecg-id-database-1.0.0\Person_89\rec_1,rr_segment,3740,4185,3740,445,True,88,88,88,0.9983879923820496,88,0.9914569854736328,1,1,1
88,Person_89,rec_1,88_rec_1,8,C:\Users\User\Downloads\26-1_Capstone-main\26-1_Capstone-main\data\ecg-id-database-1.0.0\Person_89\rec_1,rr_segment,4185,4651,4185,466,True,88,88,88,0.9978424310684204,88,0.9958746433258057,1,1,1
88,Person_89,rec_1,88_rec_1,9,C:\Users\User\Downloads\26-1_Capstone-main\26-1_Capstone-main\data\ecg-id-database-1.0.0\Person_89\rec_1,rr_segment,4651,5114,4651,463,True,88,88,88,0.9997233748435974,88,0.9951232671737671,1,1,1
88,Person_89,rec_1,88_rec_1,10,C:\Users\User\Downloads\26-1_Capstone-main\26-1_Capstone-main\data\ecg-id-database-1.0.0\Person_89\rec_1,rr_segment,5114,5562,5114,448,True,88,88,88,0.9992119073867798,88,0.9955070614814758,1,1,1
88,Person_89,rec_1,88_rec_1,11,C:\Users\User\Downloads\26-1_Capstone-main\26-1_Capstone-main\data\ecg-id-database-1.0.0\Person_89\rec_1,rr_segment,5562,6028,5562,466,True,88,88,88,0.9984990358352661,88,0.994981586933136,1,1,1
88,Person_89,rec_1,88_rec_1,12,C:\Users\User\Downloads\26-1_Capstone-main\26-1_Capstone-main\data\ecg-id-database-1.0.0\Person_89\rec_1,rr_segment,6028,6490,6028,462,True,88,88,88,0.9992502331733704,88,0.9962875843048096,1,1,1
88,Person_89,rec_1,88_rec_1,13,C:\Users\User\Downloads\26-1_Capstone-main\26-1_Capstone-main\data\ecg-id-database-1.0.0\Person_89\rec_1,rr_segment,6490,6936,6490,446,True,88,88,88,0.9982709884643555,88,0.9939240217208862,1,1,1
88,Person_89,rec_1,88_rec_1,14,C:\Users\User\Downloads\26-1_Capstone-main\26-1_Capstone-main\data\ecg-id-database-1.0.0\Person_89\rec_1,rr_segment,6936,7386,6936,450,True,88,88,88,0.999394416809082,88,0.9962470531463623,1,1,1
88,Person_89,rec_1,88_rec_1,15,C:\Users\User\Downloads\26-1_Capstone-main\26-1_Capstone-main\data\ecg-id-database-1.0.0\Person_89\rec_1,rr_segment,7386,7848,7386,462,True,88,88,88,0.9990986585617065,88,0.9961583614349365,1,1,1
88,Person_89,rec_1,88_rec_1,16,C:\Users\User\Downloads\26-1_Capstone-main\26-1_Capstone-main\data\ecg-id-database-1.0.0\Person_89\rec_1,rr_segment,7848,8307,7848,459,True,88,88,88,0.9966496229171753,88,0.9955708980560303,1,1,1
88,Person_89,rec_1,88_rec_1,17,C:\Users\User\Downloads\26-1_Capstone-main\26-1_Capstone-main\data\ecg-id-database-1.0.0\Person_89\rec_1,rr_segment,8307,8739,8307,432,True,88,88,88,0.9958535432815552,88,0.9887712001800537,1,1,1
89,Person_90,rec_1,89_rec_1,0,C:\Users\User\Downloads\26-1_Capstone-main\26-1_Capstone-main\data\ecg-id-database-1.0.0\Person_90\rec_1,rr_segment,168,500,168,332,True,89,89,89,0.9524528980255127,89,0.9243415594100952,1,1,1
89,Person_90,rec_1,89_rec_1,1,C:\Users\User\Downloads\26-1_Capstone-main\26-1_Capstone-main\data\ecg-id-database-1.0.0\Person_90\rec_1,rr_segment,500,834,500,334,True,89,89,89,0.989966869354248,89,0.9766666889190674,1,1,1
89,Person_90,rec_1,89_rec_1,2,C:\Users\User\Downloads\26-1_Capstone-main\26-1_Capstone-main\data\ecg-id-database-1.0.0\Person_90\rec_1,rr_segment,834,1173,834,339,True,89,89,89,0.9715036153793335,89,0.9297129511833191,1,1,1
89,Person_90,rec_1,89_rec_1,3,C:\Users\User\Downloads\26-1_Capstone-main\26-1_Capstone-main\data\ecg-id-database-1.0.0\Person_90\rec_1,rr_segment,1173,1528,1173,355,True,89,89,89,0.9853605031967163,89,0.9731559157371521,1,1,1
89,Person_90,rec_1,89_rec_1,4,C:\Users\User\Downloads\26-1_Capstone-main\26-1_Capstone-main\data\ecg-id-database-1.0.0\Person_90\rec_1,rr_segment,1528,1873,1528,345,True,89,19,19,0.8492609262466431,19,0.8029195070266724,0,0,0
89,Person_90,rec_1,89_rec_1,5,C:\Users\User\Downloads\26-1_Capstone-main\26-1_Capstone-main\data\ecg-id-database-1.0.0\Person_90\rec_1,rr_segment,1873,2233,1873,360,True,89,89,89,0.9729882478713989,89,0.9649604558944702,1,1,1
89,Person_90,rec_1,89_rec_1,7,C:\Users\User\Downloads\26-1_Capstone-main\26-1_Capstone-main\data\ecg-id-database-1.0.0\Person_90\rec_1,rr_segment,2601,2965,2601,364,True,89,89,89,0.9849653244018555,89,0.9658652544021606,1,1,1
89,Person_90,rec_1,89_rec_1,9,C:\Users\User\Downloads\26-1_Capstone-main\26-1_Capstone-main\data\ecg-id-database-1.0.0\Person_90\rec_1,rr_segment,3332,3679,3332,347,True,89,85,19,0.728915810585022,19,0.6547093987464905,0,0,0
89,Person_90,rec_1,89_rec_1,10,C:\Users\User\Downloads\26-1_Capstone-main\26-1_Capstone-main\data\ecg-id-database-1.0.0\Person_90\rec_1,rr_segment,3679,4007,3679,328,True,89,75,89,0.7304821014404297,89,0.6953980922698975,0,1,1
89,Person_90,rec_1,89_rec_1,11,C:\Users\User\Downloads\26-1_Capstone-main\26-1_Capstone-main\data\ecg-id-database-1.0.0\Person_90\rec_1,rr_segment,4007,4324,4007,317,True,89,89,89,0.9113324880599976,89,0.8663545846939087,1,1,1
89,Person_90,rec_1,89_rec_1,12,C:\Users\User\Downloads\26-1_Capstone-main\26-1_Capstone-main\data\ecg-id-database-1.0.0\Person_90\rec_1,rr_segment,4324,4638,4324,314,True,89,19,19,0.7910308837890625,19,0.7346414923667908,0,0,0
89,Person_90,rec_1,89_rec_1,13,C:\Users\User\Downloads\26-1_Capstone-main\26-1_Capstone-main\data\ecg-id-database-1.0.0\Person_90\rec_1,rr_segment,4638,4955,4638,317,True,89,10,10,0.6317113041877747,10,0.5735187530517578,0,0,0
89,Person_90,rec_1,89_rec_1,14,C:\Users\User\Downloads\26-1_Capstone-main\26-1_Capstone-main\data\ecg-id-database-1.0.0\Person_90\rec_1,rr_segment,4955,5281,4955,326,True,89,89,89,0.8341230154037476,89,0.782005250453949,1,1,1
89,Person_90,rec_1,89_rec_1,15,C:\Users\User\Downloads\26-1_Capstone-main\26-1_Capstone-main\data\ecg-id-database-1.0.0\Person_90\rec_1,rr_segment,5281,5602,5281,321,True,89,19,89,0.8160066604614258,19,0.7566914558410645,0,1,0
89,Person_90,rec_1,89_rec_1,16,C:\Users\User\Downloads\26-1_Capstone-main\26-1_Capstone-main\data\ecg-id-database-1.0.0\Person_90\rec_1,rr_segment,5602,5944,5602,342,True,89,89,89,0.9462671875953674,89,0.9100404381752014,1,1,1
89,Person_90,rec_1,89_rec_1,17,C:\Users\User\Downloads\26-1_Capstone-main\26-1_Capstone-main\data\ecg-id-database-1.0.0\Person_90\rec_1,rr_segment,5944,6303,5944,359,True,89,89,89,0.9548749923706055,89,0.9425650835037231,1,1,1
89,Person_90,rec_1,89_rec_1,18,C:\Users\User\Downloads\26-1_Capstone-main\26-1_Capstone-main\data\ecg-id-database-1.0.0\Person_90\rec_1,rr_segment,6303,6651,6303,348,True,89,89,89,0.9902634024620056,89,0.9799337387084961,1,1,1
89,Person_90,rec_1,89_rec_1,19,C:\Users\User\Downloads\26-1_Capstone-main\26-1_Capstone-main\data\ecg-id-database-1.0.0\Person_90\rec_1,rr_segment,6651,7005,6651,354,True,89,89,89,0.9824942946434021,89,0.9669082164764404,1,1,1
89,Person_90,rec_1,89_rec_1,20,C:\Users\User\Downloads\26-1_Capstone-main\26-1_Capstone-main\data\ecg-id-database-1.0.0\Person_90\rec_1,rr_segment,7005,7366,7005,361,True,89,89,89,0.9601831436157227,89,0.9442389011383057,1,1,1
89,Person_90,rec_1,89_rec_1,21,C:\Users\User\Downloads\26-1_Capstone-main\26-1_Capstone-main\data\ecg-id-database-1.0.0\Person_90\rec_1,rr_segment,7366,7704,7366,338,True,89,89,89,0.97105473279953,89,0.9522945284843445,1,1,1
89,Person_90,rec_1,89_rec_1,22,C:\Users\User\Downloads\26-1_Capstone-main\26-1_Capstone-main\data\ecg-id-database-1.0.0\Person_90\rec_1,rr_segment,7704,8034,7704,330,True,89,89,89,0.8166998624801636,89,0.7579072117805481,1,1,1
89,Person_90,rec_1,89_rec_1,23,C:\Users\User\Downloads\26-1_Capstone-main\26-1_Capstone-main\data\ecg-id-database-1.0.0\Person_90\rec_1,rr_segment,8034,8353,8034,319,True,89,75,65,0.869328498840332,75,0.6396001577377319,0,0,0
89,Person_90,rec_1,89_rec_1,24,C:\Users\User\Downloads\26-1_Capstone-main\26-1_Capstone-main\data\ecg-id-database-1.0.0\Person_90\rec_1,rr_segment,8353,8667,8353,314,True,89,89,89,0.7983946800231934,89,0.7551786303520203,1,1,1
89,Person_90,rec_1,89_rec_1,25,C:\Users\User\Downloads\26-1_Capstone-main\26-1_Capstone-main\data\ecg-id-database-1.0.0\Person_90\rec_1,rr_segment,8667,8972,8667,305,True,89,58,58,0.8651250004768372,58,0.7987844347953796,0,0,0
89,Person_90,rec_1,89_rec_1,26,C:\Users\User\Downloads\26-1_Capstone-main\26-1_Capstone-main\data\ecg-id-database-1.0.0\Person_90\rec_1,rr_segment,8972,9278,8972,306,True,89,19,12,0.8295000791549683,12,0.7536750435829163,0,0,0
89,Person_90,rec_1,89_rec_1,27,C:\Users\User\Downloads\26-1_Capstone-main\26-1_Capstone-main\data\ecg-id-database-1.0.0\Person_90\rec_1,rr_segment,9278,9584,9278,306,True,89,85,85,0.8495190143585205,85,0.8063429594039917,0,0,0
